episode,t,incident_edge,incident_duration,z0,z1,z2,z3
0,0,-1,0,-1.1545295832450446,0.6504523890909877,-1.3883599526797445,-0.9073824573718444
0,1,-1,0,0.007145694940042956,0.5343599029557071,-1.0658078466234504,-0.18147274021444693
0,2,-1,0,-0.3173919456610792,-0.8158149668879264,0.38657901734760186,-0.2236389259485795
0,3,-1,0,-1.7957131760562903,0.8183256215203523,-0.5710329017935901,0.000785525062587761
0,4,-1,0,1.301714500069574,0.7478729421405462,0.9808759091945427,-0.1104186881258106
0,5,-1,0,0.8906071496948115,1.0230093656399772,0.31238338941639765,-0.0619046856642053
0,6,-1,0,-0.7486439842988812,-0.965478907474904,0.36003465737991375,-0.24455253226153603
0,7,-1,0,-0.1552476168361552,1.063830874667232,-0.2751715673396374,-1.8533359301507815
0,8,-1,0,0.7849745223095677,0.201998596747031,-0.42807444279817636,1.8482888956341395
0,9,-1,0,-0.09842503478028093,0.8134454397924208,0.3924943885517861,0.7814429004617206
0,10,-1,0,0.8201860453341152,0.08770534456370666,-0.6535056482163788,-0.8118868792778379
0,11,-1,0,1.1581845431982978,0.3005208697022348,0.05305664610327219,0.25727152381254337
0,12,-1,0,0.5472366858944854,-1.1229615793719292,-1.9752476678724065,-0.4251500496273028
0,13,-1,0,1.6151380541856668,-0.1584768602278531,-0.25287334532492606,-1.538154034502331
0,14,-1,0,-0.6236121342785569,1.1218222632388664,0.8412210310146858,-0.7758961005461539
0,15,-1,0,-2.7224161043317197,-0.6733047987738846,1.246221529161101,0.7902080282018997
0,16,-1,0,-0.029294601645347716,-1.4195142573515425,-1.3599663240249162,0.22341155858105105
0,17,-1,0,-2.17088984670659,0.6284881710818028,0.6011965260018283,0.9507578580526358
0,18,-1,0,-0.5290070709143675,0.0456840955560058,-1.0275518112682733,-1.2292892985419785
0,19,-1,0,-0.9455832105125722,-0.8833584719002474,-0.0708934636947166,0.3740533508588625
0,20,-1,0,0.07726065834448786,-0.6839132179822826,-0.7208376678122493,1.120622815042411
0,21,-1,0,-0.0824137241779902,0.9359865007909188,1.2385371249615589,1.272795525467371
0,22,-1,0,-0.05032522141475025,0.28931753889400547,0.17930567677828915,1.3974805560965453
0,23,-1,0,0.638405674353092,-0.0278877131482307,1.3710518498340016,-2.0528076291125594
0,24,-1,0,1.2686416815569097,0.3805090783924121,0.755390669317458,-1.1591258506012596
0,25,-1,0,-0.15027021861875137,-0.1611642797660652,-1.0794424752754797,0.8779661844638975
0,26,-1,0,-0.5915934535048691,0.22626280218566142,0.6861825069927676,1.2150046080596175
0,27,-1,0,-0.9648235572651651,-0.5566078046545981,-2.298387640184483,-0.7320821261044498
0,28,-1,0,0.4657167185098039,-0.10787604879752731,-0.3414362942057366,1.584533793470381
0,29,-1,0,0.9095463907858574,0.39507156613663164,-0.6693765192360335,1.5553689805858288
0,30,-1,0,-1.1961734611212997,-0.4291495058353073,-0.7296598932433178,-0.5574688991187301
0,31,-1,0,0.9868272043916306,0.05419467513069881,0.35190744273261654,-1.5879695088078003
0,32,-1,0,1.0845702624154838,-1.2038266452453983,1.1785308940300598,-1.0306658539867677
0,33,-1,0,-0.8462399711359871,0.19662030046938397,-0.8996378247378555,-0.25660542872430736
0,34,-1,0,-0.37526964620246095,2.0367947804284854,-0.45879339774744726,-1.1757696594945186
0,35,-1,0,-0.40899021503626826,1.756531982972958,0.860923068588955,1.181273982805545
0,36,-1,0,2.4709971110767017,0.7943025166472251,0.5313528780883513,-0.8293985972081677
0,37,-1,0,0.18423593356884393,0.9977381754488336,1.1169590406661698,-0.9440005414502601
0,38,-1,0,0.19334599692989032,-1.1182635832284737,0.5118455817801992,-2.270566289057873
0,39,-1,0,2.471313493673772,-1.0198852016126243,0.01875261496877628,-1.8942642236062688
0,40,-1,0,0.7561977395834237,-1.042462005800141,-0.03425814295827893,-0.3551682991253563
0,41,-1,0,0.1906486884846215,0.48439629391143707,1.2302677544535274,0.8329706228846139
0,42,-1,0,1.4146960132546782,1.248281217180286,-1.5589480991668634,0.6652325921965275
0,43,-1,0,0.966318832646851,0.5471752988886776,-1.297183264829064,-0.26763433320209956
0,44,-1,0,-0.15789255356057583,2.0289426240766937,0.6815708850036828,0.8362035824966512
0,45,-1,0,-1.0157366056598205,-1.0702709004480073,0.12391265760081326,-0.8030158823380328
0,46,-1,0,1.1444956396893489,-1.640901914140582,-1.3140035805745005,-0.5103525097314976
0,47,-1,0,-0.1295067638317079,-1.3967050586171634,0.1938093509258137,-0.1292927281980747
0,48,-1,0,-1.0828726365038424,0.2449392347635474,0.22082079091256143,-0.6604324844709002
0,49,-1,0,-0.5559990123679979,1.3563810116765411,-3.1196086260734055,-1.447671697263898
0,50,-1,0,-0.378119922748151,-0.6784939159254781,-0.41124593446510754,0.7190126436833633
0,51,-1,0,-0.8456936310071798,-0.22310005847959705,-1.2022183196632534,0.3699876831510077
0,52,-1,0,-0.7104466107613422,-1.7711071622729853,1.6008358472529163,0.471098065321841
0,53,-1,0,0.07226048142276155,-0.0073469666242047,0.8310756729153775,-0.015605524912252944
0,54,-1,0,0.7095013848253143,0.05969517075518206,-0.7724757474113891,-0.9062390936249864
0,55,-1,0,0.631047402149572,1.9755185797460382,-0.5266551963772884,-0.7435405866028445
0,56,-1,0,1.379406853359054,0.5967524014409582,0.4331530723532702,1.8869880656607085
0,57,-1,0,-1.2479490199884662,-0.7446183164877919,-0.31685698868306206,0.373351314048129
0,58,-1,0,0.4056097228286869,1.523313749785479,-0.8275081282340309,1.9054954610443966
0,59,-1,0,1.1707362367212242,-0.937842966657619,0.3432670066780496,0.050898410171773455
0,60,-1,0,0.7514247640553599,-0.2131991711945166,-0.06682367759197934,0.23911171831947
0,61,-1,0,-0.7312364397819483,-1.624406841829142,0.005250509615052082,2.2221569607036886
0,62,-1,0,-0.8654297067274401,-0.7076846958564911,0.9758987636783604,-0.47440938265727467
0,63,-1,0,-1.0229155522954367,-1.0542564244512531,-1.0213987120903925,0.6759508198308308
0,64,-1,0,-0.4840687895236313,-1.4886394534245302,-0.5397969927344668,-1.1383210243958257
0,65,-1,0,-1.5066749161361825,1.7471620382676971,-0.30732952073089215,0.5762305841893965
0,66,-1,0,-0.38427166589499984,0.5349195392805313,0.5406158791075291,0.2224565209272203
0,67,-1,0,0.283928101990538,-0.22849051357522465,0.6461644796019913,1.7779635398814115
0,68,-1,0,-0.47829989204236983,-0.8587645743553395,-0.930850285678499,-0.6618993556275791
0,69,-1,0,0.8459882922589701,-2.269947873592993,-0.018668165409834035,-1.10501888267669
0,70,-1,0,0.9145184925445102,-0.778352115068058,-0.4494232039998568,-0.9516186302839753
0,71,-1,0,-1.6099618136327005,-1.1255752450313365,-0.6846238368902309,1.2265189558898293
0,72,-1,0,0.019958419002947973,-1.2315712450025362,0.07418646851356006,-0.8690495928393144
0,73,-1,0,-1.113704507305175,-0.3694873502152196,-0.014105527874792034,0.5199437979599865
0,74,-1,0,1.2658885839184384,0.12423276155754903,-1.8138149135889818,0.9240590308341348
0,75,-1,0,-0.669762241541998,1.5076846819246998,-0.9936061884553731,0.0726674371093473
0,76,-1,0,1.3524289333451822,-0.3640172856459016,0.235699477685451,-1.3922846464652094
0,77,-1,0,-1.069520423557405,0.9104593231661252,1.1137055924878967,1.2323153785203373
0,78,-1,0,-1.1707380197420307,0.40198217810193376,0.13796964947508372,0.4199154929842974
0,79,-1,0,0.1093617682609666,-0.8169192120917695,-0.09725296817057151,1.539236433821109
0,80,-1,0,0.07968424617840836,-0.9813006656330115,1.1087794071475177,-1.6484486205628128
0,81,10,14,0.11691573949774224,2.361218699843453,1.555168780201241,-1.0298594049416439
0,82,-1,0,-1.192533425867206,-1.8708905030281402,-1.4984820521391229,0.20345047060584864
0,83,-1,0,-2.2110858725710423,0.4359741910730118,-0.26705216894187694,0.7063895322572766
0,84,-1,0,0.9000817112320803,0.5643451296847755,-1.1726449936648313,1.4455919954532441
0,85,-1,0,0.730048820546265,1.2617719358489972,-0.9747583323013593,-0.08473721062979711
0,86,-1,0,-0.9423727322045078,0.26597954616759883,0.3397911075270968,1.3314034936167187
0,87,-1,0,-0.021358303443520313,-0.837064725742036,3.2006894162813992,2.1478824372684033
0,88,-1,0,-0.9301549437927054,-0.4236743688132561,0.2809610458129779,1.1315512191882606
0,89,-1,0,0.43541520455856003,-0.2471257314529981,0.16818520549662153,-0.31062453517798094
0,90,-1,0,-0.10337230330569147,0.5253252770235751,-1.882677049788851,-0.3456780081845538
0,91,-1,0,-1.1306383412932863,-0.17272467537457903,-1.053542333997773,-0.66455314220588
0,92,-1,0,-0.016219006077063815,-0.25317176598830154,-0.5737831578063911,1.1034746203028518
0,93,29,21,0.23309275778823801,-0.6680652352061411,-0.8832190126414378,0.8396396906319311
0,94,-1,0,-1.7711374727863118,-2.1987871028194457,0.22176018408396733,-0.7370772074949214
0,95,-1,0,-0.5472541597462484,-0.40741463120912585,-0.1727376200711584,-1.2474073639911982
0,96,8,20,0.6956742731715531,-1.7396246291323858,-1.3416360832729204,-1.332826383515981
0,97,-1,0,0.8548347926475606,0.32298434001788257,-1.7536428347770534,0.0548855340297183
0,98,-1,0,-0.44901397788419645,1.9041796915195384,-0.6514683046619321,1.1724823121149628
0,99,-1,0,-1.2764235960162493,-0.32368662088264316,0.5746962044923583,3.2114176473232736
0,100,-1,0,0.5660502255860187,0.28479634772344853,-0.422376125602235,-0.8348524391263468
0,101,-1,0,-0.30305367430410557,-1.269859497173914,1.5754850979395831,-1.1084500969390092
0,102,-1,0,-0.6614810817470743,-0.41325393426327994,0.09297792670737949,-0.7575970668912424
0,103,-1,0,1.724460429279824,1.0562003466150676,-0.2880289987824475,0.9071776017526494
0,104,-1,0,0.22593123980089552,-1.428542478555448,-1.1441186685244504,-0.8665563887413273
0,105,-1,0,0.23069136551733968,0.5477630343751145,0.15165292744211287,0.36690004281340965
0,106,-1,0,0.7653211887103586,0.16125667944820224,-0.9160348227250841,-0.7909189933201368
0,107,-1,0,1.4118034351580457,0.5593644290312714,-1.6448987146227667,1.5751705796894575
0,108,-1,0,-0.07452200371835563,0.019654884196797714,-0.3726836449464494,1.7583444171929212
0,109,-1,0,-1.0648178863038098,-0.18979610932666496,0.303403442781203,1.2757315165045788
0,110,-1,0,0.9306100153138929,1.6678385960703597,-0.33409003218147443,-0.05151061493941722
0,111,-1,0,0.3670364300010354,-1.3461866164442728,-1.1818822516784073,-1.0450048091291084
0,112,-1,0,-0.020088622698694922,-0.5341666902402411,0.026875453285614213,0.6927323228524527
0,113,-1,0,0.20214111253132508,-1.8808469534815446,1.3787855339791268,-0.13364709336279243
0,114,-1,0,-0.4664250621241111,0.2885643896281901,-0.15115692216910454,-0.04210254117966027
0,115,-1,0,-0.6727029694395235,0.14754746975086025,0.20381642924179696,-0.40621884602135155
0,116,-1,0,0.3318116563956822,-2.86054756497825,-1.5234494373617915,-0.47797031720486144
0,117,-1,0,0.8463928997612329,0.8121018951442293,0.5806033275895567,-0.3810731197227822
0,118,-1,0,-0.2837727791374032,1.10710474774028,-2.2561009649849435,-0.9718549928566751
0,119,-1,0,-0.01809848878052289,-2.4127489124314896,0.7992262803133799,0.9761306921467793
0,120,-1,0,-0.533216690041433,1.4414901451598272,-0.563981532939405,0.8934708274230185
0,121,-1,0,-0.03460698643809272,-0.1708160317246239,-0.036551703621456044,1.0980656195486387
0,122,-1,0,1.4146798325935506,0.8944382125371442,0.6536706999040046,0.43715219994180193
0,123,-1,0,-0.45709595860637775,-0.6493088229068055,0.032963117817324916,-1.6850414555567257
0,124,-1,0,-0.07403130338081094,-1.0442294280876843,-0.5927768060130401,0.6801706742984461
0,125,-1,0,0.0605624790807682,1.019723577591571,-0.6300505455805765,-1.1603775843622437
0,126,-1,0,0.40927072213212484,-1.8296747010526462,0.6419541419789003,-0.32966399622830833
0,127,-1,0,-0.8768785532047096,-0.19960550563234847,0.9502709200325532,0.5138727501395022
0,128,-1,0,-0.378129353970047,1.5822318678667266,1.2656574740521598,-0.029725810375699182
0,129,-1,0,0.051140893742231706,2.7477694261354904,-0.06413405964161345,-1.0302259320306406
0,130,-1,0,-0.6236921471538267,0.4874809011332863,0.7590036886804122,-1.4796722274878387
0,131,-1,0,1.188629629617119,-0.3334394366696208,0.6490912379587738,-0.026832015128917905
0,132,-1,0,1.8482250435756664,-1.103028410596697,-0.2903887884551825,0.3915681005183856
0,133,-1,0,-0.830046050981033,-0.34976636920928,-0.2730431020454513,-0.6579439655133987
0,134,-1,0,0.8064775064181441,0.7452732604079831,0.6793565437560228,1.1925059690810065
0,135,-1,0,-0.11661019648277521,0.18902023978989765,0.5257713508898616,-1.6161100511110431
0,136,-1,0,-0.890609768585873,0.26406506750470815,0.7373063121228784,1.086837329500493
0,137,-1,0,-0.5418099338392419,0.37119979563350913,0.5874591157672819,0.9121998473989209
0,138,-1,0,-0.693849578432683,-1.3346942756616713,1.746438081190281,-1.373371783495628
0,139,-1,0,0.2800658388905708,0.7643873699404071,0.9565125354751682,1.3526022782882672
0,140,-1,0,0.4001283334441603,-1.9514182664487305,0.04876545829666545,-0.9044565380162529
0,141,-1,0,1.2414271028448371,0.1107117361964531,1.0951866720397732,-0.19669953688450792
0,142,-1,0,-0.4089965119768548,-2.5413485864568868,-0.7090345507355514,-0.2615844501075883
0,143,-1,0,0.00800948080756925,-0.12070629853172764,0.9542377824586802,0.6315830509400832
0,144,-1,0,0.8785427222806999,-1.9795564420897462,-0.2757723090985004,-0.1402761389817697
0,145,-1,0,-0.5285006508190433,-1.4638393843666762,0.18565497299100928,1.7025288467392323
0,146,-1,0,-0.08885672248668679,-0.19460858642380158,0.06272995790622045,1.314310798257788
0,147,-1,0,0.4832553106389486,-0.0918163043884577,1.8662996458896992,0.11242688265900624
0,148,-1,0,-0.3437811587798576,-0.30118633863172667,0.25540510552835327,-0.27267541525567335
0,149,-1,0,0.10716797851233985,0.5713014876800374,-0.36581114317912483,-0.18409698327207594
0,150,-1,0,0.08447396691724102,0.1162250414482798,1.1861832698085737,-1.055888657389102
0,151,-1,0,0.7410639947318538,-0.22561986704351605,1.365571149079905,-0.06916807665323477
0,152,-1,0,2.209673259297284,0.4164744434431397,-0.43637006541888024,-0.7360038856737066
0,153,-1,0,-0.6614927628125576,0.40474537683060713,1.1789234384616334,-1.3746085411924505
0,154,-1,0,0.4931907977510797,1.6741942013317574,0.9432336905891583,-0.44155559899697083
0,155,-1,0,-0.34574965878330255,-0.15004012557106503,0.3898969376527775,-1.083081931998486
0,156,-1,0,1.2088433969376897,0.23018633911821673,-0.5578021411494241,-1.1485147146326482
0,157,-1,0,0.7043656015165514,-0.3888999631968972,-0.18550689780207988,0.5663305608854327
0,158,-1,0,-1.846236901638028,0.6746386034210178,0.2520367250226202,0.7380556397040009
0,159,-1,0,-2.117336387601018,-1.2406656684570219,0.305211001237159,2.0855902739609173
0,160,-1,0,0.3095015189217781,-1.451272818831289,-0.330059784008232,0.4528268840991813
0,161,-1,0,0.10045364403482364,1.3445229157436454,-0.8935858524120396,-2.160679115788539
0,162,-1,0,-1.1567595113166877,2.2383393953474715,-0.1810783437474457,-1.4233084109064718
0,163,-1,0,1.011502186807928,0.058089846826906176,0.1974130647066961,1.0283843262953716
0,164,-1,0,-0.6950400139837197,0.5937064146608847,0.9332226590758176,0.3464416749926868
0,165,-1,0,0.5889438539273308,-0.2322377428347111,-0.14278636898811958,0.6175615415124089
0,166,-1,0,1.1552773239864644,1.222113135472217,-2.0289232647302438,-0.066798578841203
0,167,-1,0,-0.6313991973962176,0.14763064702487383,-0.16671602775993527,0.5672833000882012
0,168,-1,0,0.37278447643627494,-0.7809237745805276,-0.346318385872381,1.4606273617911896
0,169,-1,0,1.7194560755264336,-0.559273508577867,1.1809739807048127,-2.5934681780555957
0,170,-1,0,0.8498452567032037,0.15123585154399732,1.017000149065592,-0.8736842429394733
0,171,-1,0,-0.6528102335339975,0.5086835479791902,0.4635720644084251,-0.12148207540324095
0,172,13,19,0.08816318452985057,-0.9471904865618624,-0.05579492396806794,-0.1426280135133216
0,173,-1,0,-0.5688106167300842,1.478370680841689,-0.6132578395462746,0.4131895998936974
0,174,-1,0,0.7414494611441541,0.021222331358729137,1.0147993077727848,-1.4245436941455
0,175,-1,0,-0.39544501457517983,-0.21922183587968694,-0.0946068703046336,1.8807502455567002
0,176,-1,0,-0.0371186733874933,0.25607026547713,-0.9063257043632867,0.31981032972820345
0,177,-1,0,1.4003159547592585,-0.5182277237875536,0.558352650047969,-1.3054751180505142
0,178,-1,0,0.6121085516404557,1.9603221754030766,0.06880821542642751,-1.6192744416745857
0,179,-1,0,-1.254983927920359,1.5789010707171718,-0.6240351398284477,-0.7520885472306478
0,180,-1,0,0.26692355189900907,0.49331259939127714,-0.5014783439448249,-1.9977048452873125
0,181,-1,0,-2.1955410713283308,1.281151287562132,0.9107116624453112,-0.3736672254452701
0,182,-1,0,0.6740171027029321,0.6370160395245991,0.5329550714673004,0.8849896399117271
0,183,-1,0,-2.2197544728927694,-2.7671479813783915,1.2661325294841919,0.5985092370992923
0,184,-1,0,0.175597387617094,-0.8778885807582136,-0.5470703404220942,-2.6035733486253654
0,185,-1,0,-0.08337651441633963,0.8184472610581524,1.0909301982139303,1.291429473463188
0,186,-1,0,0.2938899282030865,0.21910041070571892,-0.6378501326610689,0.5308942323229342
0,187,-1,0,-1.1766219633417618,1.2050094274126717,0.7178793939051659,-2.686272793370782
0,188,-1,0,-0.21743433082952462,-1.3427803670375726,1.2363805706513902,0.18953464857991598
0,189,-1,0,0.9510851428880995,1.3563027711683824,-0.26498530983225876,0.6413771189984931
0,190,-1,0,0.8188198962436904,0.5744880490098342,1.447744045130255,0.5568192965496859
0,191,-1,0,0.1376372666292789,-1.1254575948948649,0.338876262592261,1.5380631852768787
0,192,-1,0,-1.6454372065136302,-0.06284857118102541,-0.49137055350817466,0.016428369655774832
0,193,-1,0,0.09673240370181935,-1.0068999691202083,1.581239964096315,-0.21003289077989754
0,194,-1,0,0.783721739267865,-0.13521368186165536,0.47452514516842353,-0.2298995583657847
0,195,-1,0,-0.20606728752008519,0.5109775314030589,-1.2564074335793118,-0.8929642179043561
0,196,-1,0,-0.5500767738943609,1.1840857612465083,-0.011641814373669646,-0.28777951377730093
0,197,-1,0,1.0871130056036717,-0.7321181445502125,1.0507213918958465,-2.3199417174809054
0,198,-1,0,1.507183386245399,1.5896632067970156,0.2225049716443769,-0.39732019257668355
0,199,-1,0,-0.3788486987024848,1.589354471865613,1.22437870803664,0.8096656445194763
0,200,-1,0,1.0170713886224447,-0.20900614111773344,-0.1919684179666288,-0.37999948119885085
0,201,-1,0,0.5484032630625068,0.8982379930588585,0.9009650508619939,3.461975812198339
0,202,-1,0,1.220687090556914,-0.6074744643826431,-0.13559356955212984,-1.1070897477778405
0,203,-1,0,0.32530102884382905,0.19673271238819404,-0.05076907672205926,0.9954398986697778
0,204,-1,0,0.47262313108382364,2.601780263858176,-0.06975677974879145,-0.5530276906476624
0,205,-1,0,0.8936075702461114,0.14561069753388972,-0.6777259394638357,-0.7575229019692798
0,206,-1,0,-0.9263281322345932,2.1879983507674385,-0.11289455823449174,-0.09870238492222085
0,207,-1,0,-1.7397468283883843,-1.376115349380877,-0.28289792085396775,0.05640479473521872
0,208,-1,0,1.785566746099955,0.5405978718441588,1.3808759316769983,1.2594969286543771
0,209,-1,0,2.5305994250190116,0.2068256193456146,-1.8114998792111021,-2.2635769966387214
0,210,-1,0,0.9589614018672387,0.1546818067013044,1.8261101788286802,-0.21695712755914406
0,211,-1,0,0.8222477996941746,-0.9502242926358667,0.392308303219399,0.4502520267572103
0,212,-1,0,1.2986473535673033,1.0718253580890849,-0.6805582591656546,0.8191123618819598
0,213,-1,0,0.11704687544443716,0.8338952802693204,0.8522428089798105,1.2664036243052035
0,214,-1,0,0.5567901421089588,0.2756987163565689,0.14380394912694414,-0.5393582047464877
0,215,-1,0,-1.0482252326742807,-0.12300427045226744,0.7626716869170078,0.6926979172916624
0,216,-1,0,-0.04029032247155063,1.463332332327928,-0.3866196969603855,0.8377954816343641
0,217,-1,0,-0.6762715429644899,-0.6349690721309847,0.817240615256051,0.10800997047890791
0,218,-1,0,3.1454514346691163,0.6376298081207287,0.19269091598674365,0.8082307025282823
0,219,-1,0,-0.10175089104319046,0.5183646411347614,-0.7422105582512388,0.04370957033242056
0,220,-1,0,0.1836902527602934,-1.6897195891420733,1.8469718886727615,-0.011042965662956752
0,221,-1,0,-0.9586174038857389,-1.2286593455313648,0.10296606456455153,-0.2454180321120895
0,222,-1,0,-0.8454171742400453,-0.906482079108751,0.41043942960045543,0.7762632235897637
0,223,-1,0,0.04712416100799362,0.3399589739665193,-0.7172947680910374,1.3934685322296425
0,224,-1,0,1.184485116119209,-1.526477468115717,0.9551760633013568,-0.6543939976564392
0,225,-1,0,0.5031830483476137,1.292276287495068,-0.11715101927872311,-0.2696831150950125
0,226,-1,0,-1.1131108739504751,0.649467065052943,-0.8379332215975341,0.737760329855047
0,227,33,9,1.0231952717211168,0.9223532319924099,-0.9249629169229349,-0.10676532683440718
0,228,-1,0,0.7250098159023995,-0.6740159543695364,-0.35753886570844284,-0.05530719002482698
0,229,-1,0,0.9487173912672995,-0.48278022329012993,1.8079182754210197,0.47982075211567626
0,230,-1,0,-1.4927970275727653,-0.442468506775601,-2.3194566653640143,0.23605211572413304
0,231,-1,0,1.3207669550859953,0.5494728582996543,-1.655145187986146,-0.23097193032433191
0,232,-1,0,-2.1160521047867986,-0.770068864925742,0.6731864125195379,0.10445548364997026
0,233,-1,0,-0.4548743857309022,0.0699218550232026,2.1238126076023134,-0.3893766243574423
0,234,-1,0,0.2943591212258871,0.3836160003252621,0.617880602302077,1.4891741722062812
0,235,-1,0,-1.3191175226023337,0.09264278656023406,0.06890743261961611,1.018456059042816
0,236,-1,0,-0.6808673035867275,0.8211900058320188,1.0518643349406287,-0.1337406424333576
0,237,-1,0,0.22048697775460138,0.2323184860273078,-0.09245859346425732,0.8569644037237005
0,238,-1,0,0.2819244646188208,-1.1054295066685638,-0.17532470016056242,-0.5251319109645468
0,239,-1,0,-0.08363781396014451,2.5882174703058647,0.8003114655574041,1.9123836113864392
0,240,-1,0,-0.15487206841441395,2.1100904579460837,-1.6182475564569474,0.19722232017595961
0,241,-1,0,1.5902358367542362,-1.3583532212786615,-0.24897045047344613,-0.12403287189826336
0,242,-1,0,2.5201662653425148,-0.11530408605876774,1.6974281632043804,-0.6418100450660127
0,243,-1,0,0.26662922480712775,0.23930898428928452,2.9681470229938838,-1.0056681199883315
0,244,-1,0,-0.6575276493912443,0.35047641580652195,0.6110871491070892,-0.6999587907738647
0,245,-1,0,0.591054753593289,1.13320549081366,-0.551243163315133,0.17320941099369438
0,246,-1,0,-0.3017728763988113,-2.720496186267089,-0.9278190222137469,0.4688212020802104
0,247,34,16,1.6506299747332775,-0.2497419231774863,-1.055432686937639,0.2488909512583341
0,248,-1,0,-1.1061306337389611,1.040767757532437,1.7434411203715783,-0.5513928405148191
0,249,-1,0,-0.04450682975182431,1.284952787586268,-0.5253913911110045,-0.6917136060715103
0,250,-1,0,0.27952145846740584,0.253242064874768,-0.13130284525013175,1.2427358581554626
0,251,-1,0,-0.5385398227591375,1.0808729351909103,0.31182728742639687,3.041652890886762
0,252,-1,0,-0.30346932882336075,0.1465742365355077,-1.3857345759174995,-0.16950759533689783
0,253,-1,0,-1.4063633360402716,0.16896585872116976,1.8284618009202969,-0.5581639918486088
0,254,-1,0,-2.495088459447163,-0.0692407742106872,-1.5892738377214928,0.5974473483032843
0,255,-1,0,0.5977972588970244,-0.7537179422429544,0.6933796896219981,-0.43235698116972
0,256,-1,0,-0.4621101448783374,0.2774891390006297,-0.32748826173049855,0.5651926737859668
0,257,-1,0,0.6509824958861681,0.7930816398621545,-0.6302903886983895,1.3683459385755932
0,258,-1,0,1.0463654814253174,-0.7439660591236755,0.26815200916292803,-2.320814675455889
0,259,-1,0,-0.8129117055298768,-0.9757221911177248,1.7658821076882223,-1.5063774210613556
0,260,-1,0,-0.11403053615192105,0.5591811792270043,1.037373154689386,-1.5792637252591093
0,261,-1,0,-0.6795931018962609,0.7221181659589255,0.9610165804112929,-0.38797811308209734
0,262,-1,0,-0.9924703913030293,0.386378364180296,1.6884004208932912,0.3970990597601219
0,263,-1,0,-0.8159699995269528,-0.6963136860222626,-1.6331929752036993,1.750785808232638
0,264,-1,0,-0.31678265661691984,2.251371034657087,0.23568618232031185,1.4982722037924865
0,265,-1,0,1.115370889155816,0.08509953357303764,-0.35516941512096806,0.4231960553746656
0,266,-1,0,1.1021636198168276,0.21289308753455652,-0.23814441335468564,-0.3598721087509817
0,267,-1,0,-0.4762122381989285,-0.3164500241062997,0.5529150649932448,0.5978791739886128
0,268,-1,0,-0.7364657054481769,-1.432159849388864,0.2855470310244576,0.12535759124448184
0,269,-1,0,0.21758961163857604,0.860118333557673,-0.19171274039626482,0.40927526756613136
0,270,-1,0,-0.2101233354002612,-0.8215203078454433,-1.4381419607512382,0.4440089653262384
0,271,-1,0,-0.054539287190003664,0.7859252680187366,0.4068672600334822,-1.5424811353588683
0,272,-1,0,-1.8245181428217807,-0.8798421622532232,1.437523013832607,0.16410520560153638
0,273,-1,0,-1.0927160526693884,-2.076001848494101,-0.7465617991984796,1.2860113910978541
0,274,-1,0,1.0744608085574654,-0.14314916810318065,-0.08538893580709521,-0.19710215213089818
0,275,-1,0,0.09386562546279976,1.773645407601483,-0.16954357794430047,1.3878634907481195
0,276,-1,0,-0.49358963206840967,0.36635674637615584,-0.5609828178490466,-0.39756741891208924
0,277,-1,0,-0.5279666081396183,1.567196253348169,1.1480911234900095,-1.3857153098241244
0,278,-1,0,-0.021725392005062027,-0.013128611692990634,-0.14805794022389898,0.8932963676511517
0,279,-1,0,-0.5044104516672955,0.07180640860393114,-1.289355694813679,1.8791342256365
0,280,-1,0,-0.8664083628499554,-0.6946285614250501,0.16330767270986288,0.7755130194711017
0,281,-1,0,0.05215473772523504,-0.3135900746921453,1.3181796249949904,0.25704073004003963
0,282,-1,0,1.506801661445554,0.3660766736289574,1.960219740361039,-0.5824735758778972
0,283,-1,0,-0.14356504409676313,-1.3755348988479479,-0.3378192930013127,1.2912580342439328
0,284,-1,0,-2.3757908033626443,1.3236145105036279,0.39487812733253574,0.8562632230286116
0,285,-1,0,0.22665481925044895,0.0931167044802925,0.08777135836810322,-1.0015934829125233
0,286,-1,0,0.25372250773920557,0.4224166113040462,0.38286752916689626,-0.26864026182726636
0,287,-1,0,-1.302753951132907,0.2990961392155312,0.3146112714040722,-0.2048285214232911
0,288,-1,0,1.3743919829149807,-0.13659019959294388,0.01669681462023369,-0.27534506949677207
0,289,-1,0,-0.36922580555850754,-1.0773962799236378,-0.5482514755356915,2.1011689828676197
0,290,-1,0,2.040795641229003,-0.5838701903914137,-1.8556161982743506,-1.327707859074441
0,291,-1,0,1.1227485019087866,1.2652662145247684,0.14527607072709758,0.4150546737583023
0,292,-1,0,-0.0780829047037628,0.7682763904603394,-0.9783467028727668,-0.40460091084096533
0,293,-1,0,-1.6663904872214468,-0.971405067100677,0.4739901721975283,0.38365037709048094
0,294,-1,0,0.9532263996861219,0.3888257995574495,0.8073452818170228,-0.028416882214721113
0,295,-1,0,-1.2581266602731,-0.17841333641043608,-1.0294323045446188,-0.4821751796541445
0,296,-1,0,1.6653885499757963,0.07088342738807207,-0.40635335354930824,0.8172843073624595
0,297,-1,0,1.9557629024208212,0.6672779966124581,-2.3062385251432262,0.09623181007707399
0,298,-1,0,-0.7677168037095804,0.17214908779347052,0.09404870717942586,-0.317153428662688
0,299,-1,0,0.4102172448894242,0.44204547177668624,0.19507505478863282,1.2551883151107073
1,0,-1,0,-0.3158160024832142,1.4112102372272282,0.06539065817735745,-0.2914082849999903
1,1,-1,0,-0.0019187070808823043,1.1508750639058485,-1.6808464057743158,-1.082344866640133
1,2,-1,0,-2.2301681354327725,-0.07230475790386369,-0.1787970911359785,-1.0245730464487577
1,3,-1,0,-0.27889769856485286,-1.060780512897384,0.07587111103345391,-1.6436338564899384
1,4,-1,0,2.6833530494768576,-0.15571570384694022,0.2116965755190457,1.6165274116704957
1,5,-1,0,-0.7440286555425252,-0.5289015188988211,1.7469742647092918,-0.5052416444331893
1,6,-1,0,-1.5473270305181217,-0.3319194891014686,-0.026189507224691422,1.1872186230161688
1,7,-1,0,1.707934486987477,-1.070230284479078,-0.43150460547164554,-0.8977893202830988
1,8,-1,0,0.297636369087103,-0.29621367441534247,0.8197351563219837,-2.229514729833132
1,9,-1,0,1.01440861319125,-1.3082970197911288,-0.7759734691115928,-0.38414871345937046
1,10,-1,0,1.198729597937911,0.3600601988486646,1.5770889607095757,-0.42309679500401903
1,11,-1,0,-0.474987055959098,-0.15286459696309593,-0.14188265063346217,-0.3146912699590451
1,12,-1,0,0.5897219104508477,-0.8705091962961712,-0.3837769472297356,1.6828172651124367
1,13,-1,0,0.8472525498693068,-0.3221369651659297,-0.5473527490056056,1.2521421413736895
1,14,-1,0,-0.2894128712276884,0.21809433889319682,0.4543488639662618,-1.840710663888933
1,15,-1,0,-1.0337202659344664,-1.6245415871903621,0.07937745372073908,-1.4521108820078432
1,16,-1,0,-0.771441649705194,-0.46892010055080074,1.290359840269325,-0.38256092002653935
1,17,-1,0,-0.9503315475922479,1.5674793519673096,0.5858238942323231,0.3968150119595955
1,18,-1,0,-0.6226171057534764,2.4602409751322947,1.9099919136257022,1.0052170764066695
1,19,-1,0,-0.784185409746507,-0.33256908753535513,-2.1034570913305695,0.331884185405018
1,20,-1,0,0.3526829249190382,-2.079977814160157,-0.6292832769914861,0.6656756691359715
1,21,-1,0,0.060010240864367556,1.1954613576964337,-0.5433109283533543,-0.6560970478822542
1,22,-1,0,-0.32759796603856006,-1.5978994477748778,0.728667477982191,-0.40811531577861215
1,23,-1,0,-2.0402118187940865,-0.6715976560325458,1.9922833212692153,-0.841044500067877
1,24,-1,0,0.4201117407756513,-0.38244224646225183,1.252466454493889,0.051373812476322375
1,25,-1,0,-0.8702717933389681,-0.32593764454747937,-0.4442605267252903,0.7669999283145476
1,26,-1,0,1.2216409974962954,-0.8723892585269684,0.8631390118197165,-0.017554801339766505
1,27,-1,0,-1.6639240267734394,1.3142509621776997,0.36581812274599057,-1.0205458259624745
1,28,-1,0,-1.2212331357619182,-0.7983232007763601,-1.6294894454135207,-0.7716933760150813
1,29,-1,0,-0.49257555909898,0.44405256142976884,0.8124640261694294,-1.4619621128813272
1,30,-1,0,0.4171331367704601,0.21111208331627324,0.8938991380286663,-0.028767920301284944
1,31,-1,0,-0.7086231034409464,0.5709613002381573,0.007459797637184225,-1.093501353097441
1,32,-1,0,-0.08104363217052325,-0.08872348106856714,1.0265884139988006,-0.6921830522792385
1,33,-1,0,2.1376318085921944,0.8498541491312053,-1.0359310298915898,1.1833583431798487
1,34,-1,0,-1.1827050923606635,1.943157199752256,1.0265266366576005,-1.6246316700575225
1,35,-1,0,0.14293947637174706,1.368764122719373,-0.0318291961691499,1.1797685346158266
1,36,-1,0,0.7097355052863943,-0.09891469987023413,1.2695759275174356,-0.43449935820606356
1,37,-1,0,-1.2682633470183438,-0.32353572669848,-0.7264353234387992,-1.8945964837648948
1,38,-1,0,1.4130265541796387,0.5332084416515771,-0.7291028475499517,-1.943537128271627
1,39,-1,0,-0.06314819491207599,1.2851038306173999,0.02684377378810551,0.050713540616136095
1,40,-1,0,-0.012574383334339448,-0.39038593536541455,-0.4516849119960813,0.29902164209320453
1,41,-1,0,0.8537205045028934,-0.3201229605146744,0.3737532951378047,-1.5035668570362117
1,42,-1,0,0.34134278885959174,0.8180748478273495,-0.3312063843420421,-0.22843395976861028
1,43,-1,0,0.7661774817575575,1.253989800411489,1.7227856912058832,-0.046368309691560174
1,44,-1,0,0.7199232074709657,0.3622419080391161,0.005120073601458451,-1.196035742949553
1,45,-1,0,2.2979989191600145,-1.3197034463884132,-0.10507725709657298,-0.07729269890037929
1,46,-1,0,-0.9159851150892945,0.09257753364835616,-2.6878409032728903,-1.8833448598294178
1,47,-1,0,0.34452078725237767,-0.7516929645577312,0.24754314850521644,1.2032665491156516
1,48,-1,0,-0.5037866030375774,0.3258052197122656,0.4891389036592304,0.39724450773899567
1,49,-1,0,1.3529936327375915,1.5856135833664626,-0.5890631698414964,1.673339148627544
1,50,-1,0,-0.27298705216994995,-1.304881036669222,0.2851991021748691,0.1446111780854665
1,51,-1,0,-0.40405268249413495,-0.7834944958503589,1.43836313690918,-1.4155250300852562
1,52,-1,0,-0.5532830491511853,-0.8131679626244314,-0.32791425835083676,0.7271104254281131
1,53,-1,0,-0.560346622879932,0.22253031274818658,-0.3640077692762179,-0.759453403308742
1,54,-1,0,-0.09465800492813475,0.7938661995113815,-1.3530447168724418,-0.13121495192979724
1,55,-1,0,-0.3877561630704387,6.778364083929523e-06,-0.885275416573619,0.41428080049465577
1,56,-1,0,-0.8546558272580821,-0.4549173483749218,-1.2386179058313518,-0.6745174520484931
1,57,-1,0,0.16423293556934296,-1.3599776763646783,0.2633654627368591,-0.3111436175743237
1,58,11,24,2.3766095149818574,-0.7463399179135786,-0.40412827850967553,0.10292679606432305
1,59,-1,0,1.2964817877791666,-0.5235086190767997,-0.8545065426936539,1.3130645887958077
1,60,-1,0,0.1040010846284487,0.6063702420046077,1.4678427901405,-0.1736982529970321
1,61,-1,0,-0.303221395682989,-0.12134300309425296,-1.2821317708685445,-0.262230483940389
1,62,-1,0,-0.07344055259025407,-0.17355331276046368,-2.373952367424889,-1.1143813427258762
1,63,-1,0,0.5807216099949469,-0.7058624499307196,-1.592014234827066,0.38236199662384557
1,64,-1,0,-0.5522032469263336,-1.4719215885986525,-0.84828032508573,0.7524530156170683
1,65,-1,0,-0.19828481926956604,-1.4259815343254771,0.5746654593377712,-0.17116051385944042
1,66,-1,0,1.3846983263169044,1.0297913159410887,1.7658448045739474,0.9645499295626297
1,67,19,16,0.8375568864257044,0.1921740136448136,0.531915046284754,1.5621032626894562
1,68,-1,0,0.19505345794442946,-0.8387157107361565,-0.6730065239977129,0.06177613443608512
1,69,-1,0,0.9486912623438767,-0.14846351939522345,-1.2071443982726358,-1.6293048114976956
1,70,-1,0,0.5314454217780317,0.4029682262459841,0.7698936700836038,-2.101942021990078
1,71,-1,0,0.42657288477542743,0.31077705424563173,-0.6068626229524042,2.4433007306962415
1,72,-1,0,1.482094020309528,1.0397716284595746,0.17313792289489918,0.3069308991290663
1,73,-1,0,-0.3233347756940524,-0.756117861502299,1.2080277696233248,0.19592415784428724
1,74,-1,0,-0.07404303489499653,0.37741310192425365,-1.6705716728898554,-0.14414053053174924
1,75,-1,0,1.6274266631004353,-0.9032633712577938,1.3750563588377815,-0.16151313048870017
1,76,-1,0,-0.1495648731377524,-3.204016789888593,0.2892454366762108,0.17526839794151822
1,77,-1,0,-1.2636783503042908,-1.096393061733848,1.672002690511635,-1.6496022206570564
1,78,-1,0,1.207327245284309,1.4020057271880517,0.14879742910251226,2.684365230710364
1,79,-1,0,0.1665035882563255,1.9973658422648275,0.37184961438065584,0.5262318269061256
1,80,-1,0,0.5576742645619542,0.21435375758076278,0.600498601137649,0.6474682872453789
1,81,-1,0,0.6993877037071778,0.8081197150026949,-1.602831927882987,-0.5648738855951438
1,82,-1,0,0.07642471191203493,1.1045402853446586,1.9369238899487158,-0.32189619232167266
1,83,-1,0,-0.12912711742961197,0.1218123678886453,-0.2730677028270494,0.9207273746560893
1,84,-1,0,-1.5050907686851267,2.0241167612530395,0.41371988722403624,-0.08554796646728328
1,85,-1,0,-0.27802373543159753,-2.035218137140624,0.23507492064152677,-0.7516307093257149
1,86,-1,0,-0.07359696607835278,-0.4636273671040527,-0.5718072444795439,-0.1975891322228952
1,87,-1,0,2.012840958735032,0.4969784527658542,0.660699536302021,2.8324549607116665
1,88,-1,0,-0.8405293108584756,-0.17766097429572844,1.7271448249139678,0.030637499844159803
1,89,-1,0,-1.463650461777185,1.8485015638219462,-0.9484575387114602,0.44355244731373633
1,90,-1,0,0.2182707399581843,-2.1415622777858543,-0.22217686697572048,0.8024283653164154
1,91,-1,0,-1.076069675054547,0.31624613395053647,-1.272913017680907,-0.18718286291271727
1,92,-1,0,-0.15807855051157765,0.023894697633897455,-0.9055913063813488,1.9026448003817207
1,93,-1,0,0.6016675642289749,-0.22314789603833016,1.0502533016589148,-1.407152236109069
1,94,-1,0,0.33599245013276424,-0.8252394264205944,-0.9389956572106934,-0.25868239729294745
1,95,-1,0,-0.07997852090366678,0.4869961768036363,-0.3537186858378938,-1.686856938998576
1,96,-1,0,-0.8087780902479469,1.2705775969306188,-1.044489208507841,-0.663611130313353
1,97,-1,0,0.9707882555480544,0.27374439754593544,-0.7599249215976869,-0.22986980828879727
1,98,-1,0,0.7077391705412142,0.5524353718630496,0.7627153546412805,-0.7311678193537728
1,99,-1,0,0.41939687981332224,-1.4433461099125604,-0.8790782545522657,0.4645533048828646
1,100,-1,0,0.102722215378598,0.3418668440147221,-1.0180145991194876,-0.7275097722863842
1,101,-1,0,-0.6330124261123816,2.4540372463003095,0.4228098365081808,0.4305994497432562
1,102,-1,0,0.40049791226307024,-1.313892579874657,0.8005949980748133,0.3247375229337059
1,103,-1,0,1.275364394982441,-1.0588417963367085,1.2034106846972081,0.5868866826247804
1,104,-1,0,-0.4732066486611669,0.0531357771371573,-0.3935465661918512,0.06272690753225622
1,105,-1,0,0.5218279955120046,-1.052010044532729,1.1288346790575425,0.8368769421277082
1,106,-1,0,-0.34189847746874136,0.1407422723354042,-2.1070595554994673,-0.18760808073176505
1,107,-1,0,1.2285318377142516,0.7268145708732827,0.12256043860151843,0.2072884775323483
1,108,-1,0,-0.32225658987932937,-2.406553886221661,-0.30418014920121444,-0.08225288424815638
1,109,-1,0,1.7881636938083099,-1.4651214206828438,0.4717178330678461,-0.6539064732329571
1,110,-1,0,1.0666597677625715,0.3914306946103399,-0.44607740081746294,0.2530542128264616
1,111,-1,0,-0.41730735695652604,0.27022685822649384,0.26183290355226324,-0.6086670995410116
1,112,-1,0,0.31289868357674405,-0.5019482972712572,-0.46974709069017184,0.33234641568257256
1,113,-1,0,-0.62698186588578,-2.3413508741185463,-2.059991463265676,0.6032961781870597
1,114,-1,0,-0.4165148850719617,-0.719034180435676,-0.631828811102415,-0.260834794603181
1,115,51,10,0.04981743164958029,0.23832594428553658,0.9522113409929105,0.5953665200579746
1,116,-1,0,-0.8036101754210776,0.6817179842701551,0.8757686634995193,-0.033639066761435216
1,117,-1,0,0.14019829986341742,-1.4488388616970178,-0.6107928455223836,-1.7175245651917916
1,118,-1,0,0.6278279256030311,1.0117190817244033,0.5869756091660121,0.9424227997172625
1,119,-1,0,-1.4761634097471414,-0.09088768466268635,-0.02863237186569991,-0.6682244828136185
1,120,-1,0,-0.11479667769866889,0.7268914399354578,0.2983369953071493,0.7013735913156792
1,121,-1,0,-0.09937602330578685,-1.3448332035508384,0.31433934836388255,-0.9099084948577849
1,122,-1,0,0.4286245439531215,1.8632639509977915,-1.6008736894837186,0.9030557687080388
1,123,-1,0,-0.18201112331709388,0.09413159389045353,0.4429957936980387,0.9231476599973399
1,124,-1,0,-0.3817775431757977,0.07540000638338817,-0.6612688607866656,0.5243138741461948
1,125,-1,0,1.0133935486129406,-0.23608312492719394,-0.45791884018979,0.99924885358487
1,126,-1,0,-0.7360996542164813,0.3165154690531535,-3.020637886158802,0.3514382079642402
1,127,-1,0,-2.001948242663646,1.0288567860027038,-1.6740782803218632,-0.32392012926267794
1,128,-1,0,-1.4035039439776724,0.4136566736971086,0.7575549866492262,0.36835419831850813
1,129,-1,0,0.5211696189752542,-1.6324558275640446,-0.4855953358206714,-0.8023372355213988
1,130,-1,0,0.599618320934797,0.061849549624575444,-0.9832689137246684,1.2304497308322697
1,131,-1,0,0.1491675119378691,-0.9350408026057226,0.4469602739961219,0.7517476599825006
1,132,-1,0,-3.1807077605134686,-1.7748842329614114,0.2438200448191981,0.8589364832946744
1,133,-1,0,-0.7489100509152351,-1.7134737992105535,-1.1000516147852537,-2.4121378216620606
1,134,-1,0,1.137530416013975,-0.8811202634003842,0.347390731340171,1.529328214106403
1,135,-1,0,-0.9182809498691858,0.6690015766244217,-0.6773396125072099,0.006504646583274653
1,136,-1,0,-0.5533571677252793,-0.18510803579103888,1.184133004959182,-0.10541192132740317
1,137,-1,0,-1.1520267351631759,-1.2438991038658627,-1.396829324103191,-1.6497016607896369
1,138,22,20,-0.4246312854157738,-0.009808902149099703,0.6335787341285926,0.4332890911982319
1,139,-1,0,-1.6097104007659284,-1.6517989151035248,0.23797202064001483,2.3780884155043136
1,140,-1,0,0.06596731729921886,0.6982462587077515,0.48063555847278827,0.7213417723800285
1,141,-1,0,1.5405596215548854,0.9145984782202896,1.048015708508647,-0.4605494971233813
1,142,-1,0,-0.5232058168591762,0.1048115422875948,0.7341461495659258,0.6542583422100727
1,143,-1,0,-0.9363439817749607,1.7475469045128538,0.5948427023100411,0.8147572265185573
1,144,-1,0,0.2845309702924315,0.7374640080444205,0.05202998673736428,1.30098157289727
1,145,-1,0,0.213272584704312,-0.11635341195960959,1.9502723868808374,-1.137045795824083
1,146,-1,0,-0.4965002751311604,-0.4473598842106734,2.4240834426260434,0.6069739000863483
1,147,-1,0,-0.020339116969626366,1.2516842855105677,-0.355144179294819,0.11433841128293114
1,148,-1,0,-0.6834153818699735,0.05445031468983208,-0.8889287565367675,-0.9046576260480736
1,149,-1,0,0.11443891287033219,1.3246482520943998,0.6022657333177067,-0.43877967736952506
1,150,-1,0,-0.6318536020028921,-1.9432185127849166,-0.39063311843180376,-0.4486739222000003
1,151,-1,0,-1.0613429174574418,0.6136685849751258,0.6430997775192838,-1.5575270194233475
1,152,-1,0,-1.3086235610076755,0.8125395699504395,-1.5858999266123868,-0.9716656194496031
1,153,-1,0,-1.3693527887594281,-0.5670336066688508,1.4745953373610223,-0.48176623331405455
1,154,-1,0,-0.2760929358301441,0.2975382687035799,-1.1831766573013383,-0.6718426623794412
1,155,-1,0,1.1495302785784518,1.0351494648514838,-0.9962683635708056,-2.2208374109931164
1,156,-1,0,0.4055071709527644,1.165020044260925,-1.395305325268074,1.1227979912254693
1,157,-1,0,0.1507210923541918,-1.0288993205991341,-0.5162714929706979,-0.8837736530109088
1,158,-1,0,-1.5269781628962626,-0.7125793324921346,1.5385055038992694,0.05907019972834495
1,159,-1,0,1.0820327834183838,0.3800150261977984,-0.6027703486750222,-0.42921587257409866
1,160,-1,0,0.4038442305083738,0.14272726055241314,0.4513265633419071,-0.9889626244289306
1,161,-1,0,-0.9723838821066031,-1.1569400900293538,-0.885280769978087,-0.33361791575555483
1,162,-1,0,2.3448195982767412,0.16055554200726427,-0.5491140584217906,0.0571160812949432
1,163,-1,0,-1.8450485901130775,1.8912356590470725,-0.877647918423744,-1.437312598686301
1,164,-1,0,0.2418845444585453,2.31736769962396,0.2880199228606282,1.111825870926764
1,165,-1,0,-0.46122085597011026,-0.248015211000794,-0.809038715294217,-0.4577331134664069
1,166,-1,0,-0.8797834450715839,2.1883724213391402,0.13239225834551357,-0.02194919465482864
1,167,-1,0,-1.730401773659457,-2.1770513747603983,-0.5602608851198578,-0.22059243258769062
1,168,-1,0,-0.18773023694449179,1.0619198337134501,-0.5838588870753452,-1.6803892329458234
1,169,-1,0,0.7720827754878181,-0.7126418120458787,-0.10214126656252186,-1.881515165043296
1,170,-1,0,-0.46481016518712376,1.7125868723529643,-1.0377737861505119,-0.817966839764583
1,171,-1,0,-0.04848225191532818,-1.632898751331603,1.4888607294660583,-0.013706254885416823
1,172,-1,0,-0.12176688565539388,0.5674614020218111,-0.40320313573972644,0.6369443906647584
1,173,0,19,-0.8619486929382194,0.2731808173588619,-1.1017601524928966,0.23116907392212127
1,174,-1,0,0.21408987233956944,-0.6213460931540961,1.6956475837075906,0.11501750943929777
1,175,-1,0,-1.5241976527811196,-0.24807352869407154,1.2817376728791168,-1.0472908009446298
1,176,-1,0,-1.9931866196045194,-0.9061085543237539,0.32711404040734726,0.7353713223180293
1,177,-1,0,1.0953061174124155,0.3787524513164953,0.4367821519688461,0.17465294217547456
1,178,-1,0,0.021977301776911873,0.40279855719258395,1.3011762413197854,0.039184763776950605
1,179,6,11,0.15934231301438712,0.1397915129068644,0.02310212191370918,0.95351314378379
1,180,-1,0,-0.3523936365537786,-0.5507506736863124,-1.3295049774165932,-0.7359830050093498
1,181,-1,0,2.0727048858605777,0.6621626224675113,-1.0392588918512464,-1.2941932654600872
1,182,-1,0,-0.992699729818692,0.02918134042169001,-1.4326593516794572,-0.9825214575046235
1,183,-1,0,1.0483111582226659,-0.8292695374978297,0.9768645775768698,1.0905938493147989
1,184,61,8,1.4594200108380653,-0.5881295448829174,0.6838187822240792,-0.2357770512655568
1,185,-1,0,-1.110259885350068,-0.45758540589520824,-1.059226613000391,-0.47000613934790736
1,186,-1,0,-0.8906090182134082,0.21648226661181136,-0.19091754037549064,-0.05911104115512473
1,187,24,15,-0.6079472433222111,-0.840336852965014,-0.21252363618312442,-1.1742278735950038
1,188,-1,0,0.08439783027461718,-0.40442807165611194,1.9212645544106166,0.08044138221340941
1,189,-1,0,-0.0026830258619157305,-0.950298100832513,0.4181632155149141,-1.63646982340519
1,190,-1,0,0.44467203697499275,-0.520631945559708,0.28642129905491787,0.4871212044387786
1,191,-1,0,0.05479525788945264,1.4413569587289234,-1.8921196071243214,0.17141935466692512
1,192,-1,0,-0.1833977085295689,-0.7162484741119153,0.520096944550137,0.8909131519069405
1,193,-1,0,2.0886836030906766,1.6822928870356073,0.7700801185406155,-1.3548596140324705
1,194,-1,0,0.6727769488412425,2.085853213671778,-1.3789724528238607,0.12177482870122536
1,195,-1,0,1.1212002723251329,0.24350141818826906,-0.5781270311284549,-0.42608666438921833
1,196,-1,0,0.7186139462424909,-0.038726410948848586,-0.07295569769401242,-0.32601256052698524
1,197,-1,0,0.3800537857749402,0.1575240102513414,-0.1879102396653414,0.5496988737610391
1,198,-1,0,-0.343381423027888,0.5613808931565419,-1.112058661855678,-0.0849435149929336
1,199,12,20,0.32820529283571065,-0.31548719748447623,0.3699573085939894,-0.15620257262200865
1,200,-1,0,-0.8730090516474907,1.0455828473288353,-0.7651695395866226,-1.3757363544322638
1,201,-1,0,0.3112410590492042,0.1768826150713346,-0.17623694316520103,0.36041053963056396
1,202,-1,0,0.543614823517408,-0.4029758462070502,-0.3659570590317568,-0.8591154309011921
1,203,-1,0,-0.3376455114599357,0.10239133305437577,-0.055279875285570615,-1.004657033472373
1,204,-1,0,-0.6067145727794804,0.04445090508395741,-0.14004096817677608,1.1175556053471043
1,205,-1,0,-0.3680675688025613,0.20237515571366885,1.2763365136243874,0.43427050503804826
1,206,-1,0,0.8030742887161356,-0.29651629495878656,-0.8125045393559218,-1.0248513278318696
1,207,-1,0,-0.607104705285686,0.6928894625803164,-0.5899235685397861,-1.7555226310616843
1,208,-1,0,1.2861688858379203,-1.0910028505991056,0.9031871419091878,-0.47290106509793406
1,209,-1,0,-0.6417620206416285,0.5034184832227334,-0.3809745637660179,0.7945026299569435
1,210,-1,0,-0.8973244527750458,0.6817376536158427,-1.8976149449059867,-0.447054756858187
1,211,-1,0,-0.458523411619989,-0.5714263915112833,1.29709268344298,-2.1658012944868323
1,212,-1,0,1.2757588285255435,1.3383772153883726,0.015513368756820233,-1.678117159789524
1,213,-1,0,-0.7667641146352553,-0.4023441468994506,0.5178935885857145,1.8467537223151744
1,214,-1,0,-0.3782834441686889,0.23784921808100337,-0.1908112784001361,-1.7925994135653651
1,215,-1,0,0.09386279104076566,-0.47002891705979444,0.19865715205378043,1.0228499379855926
1,216,-1,0,-0.17293079565765176,1.4412872174034408,1.4487717181931592,0.23529313793851878
1,217,-1,0,0.4858963082425617,1.5171623922382285,-0.392924079603206,1.9411464527920974
1,218,-1,0,-0.5305815173112256,-0.3066995037765965,-0.9577363615826762,-0.8061805079322403
1,219,-1,0,-0.30818315711863487,0.7464699516209655,0.3117076027605832,0.27069022891921135
1,220,-1,0,-1.0217768878244804,0.4627150579191311,-2.0715391353373356,0.2628751266917067
1,221,-1,0,2.064760443779816,0.7220516939070176,-0.40471466664638894,-2.310073173566709
1,222,-1,0,-1.5735894251328102,-0.7645421194540188,1.0981944757416089,0.34842198585286954
1,223,-1,0,0.6868062834226275,-1.204774873997571,0.4166979147131517,1.2314089845649046
1,224,-1,0,1.9374118714644464,0.7622683835923808,-0.1030087072608916,-1.8524730482182692
1,225,-1,0,-0.03750808976251619,-0.3891607423082381,1.951001983585467,-0.4529950451199397
1,226,-1,0,-0.24603632158095565,0.8282722111530745,0.5898760812925667,0.8374274721934879
1,227,-1,0,-0.9177602196243032,-0.6136558649827066,-0.8766818396074065,1.1303313897768137
1,228,-1,0,1.0876573474400129,-0.8773347130593877,-0.2222429699971699,1.6155875797892072
1,229,-1,0,-0.15749223926505546,-0.45304044606336413,-1.6094649400862302,0.7217533996531413
1,230,14,12,1.5060677749604534,0.42161107269220566,-1.1131907374215446,0.14729140917662334
1,231,-1,0,-0.8931094770442778,2.2207722717339013,0.8123829186884667,0.6559508247254227
1,232,-1,0,-1.3624657735527979,-0.669163450361462,-0.4413624446997704,-1.4468828157731648
1,233,-1,0,-0.8090106794178562,-0.16619549227321506,1.9971043348062958,-2.3540347916775803
1,234,-1,0,0.3902071869202691,0.035279667705699035,0.19519822248301422,0.32488073543952267
1,235,-1,0,-0.6288142518510891,-0.19744491213026832,1.7283391414472011,-0.859217832248752
1,236,-1,0,0.6041152527617449,0.490004297546377,-1.0705241340322695,0.6628560595469237
1,237,-1,0,2.311788878511454,0.46334963865384515,0.8369785258541727,0.4173500828678252
1,238,-1,0,0.24905619928494485,0.18087735828368984,-0.730316346533025,1.110246090981582
1,239,-1,0,-2.595692794925006,0.0027379541464741084,0.2920426117341653,-0.7494637172282824
1,240,-1,0,-0.32577860291454164,-0.06746771904428542,-1.2729394241030316,-0.2519661336502129
1,241,-1,0,-0.12070519931545586,0.24259565326808258,-0.6597632814374711,-0.3773838210248058
1,242,-1,0,0.16343764545692094,1.9732985398098148,0.005919819477418643,-0.10616449615660954
1,243,-1,0,-0.6751149708062268,2.217846583303409,1.6409554566730131,0.6001329007480908
1,244,-1,0,0.20898594982058258,0.11554672231136541,0.7989971970386853,-0.612484587945988
1,245,-1,0,-0.5932523558917703,-0.22394193090016637,-0.16775474133381316,-0.06916510576662914
1,246,-1,0,0.06630130616155884,-1.2358551177461155,0.7310674682654441,0.7526924434685774
1,247,-1,0,0.03989601093176637,-1.2258108020815177,1.8087490683826335,-0.21150868986316312
1,248,-1,0,0.4996978977990375,-0.2773731238085103,-0.20363471498685226,-2.0514991701450684
1,249,-1,0,-0.421224130867306,1.2486899240240812,-0.08892454785861748,-1.210758729927091
1,250,-1,0,-0.11077902823722333,-1.253457592574762,0.48590429622394743,-0.032154686891943875
1,251,-1,0,1.5348908873881122,0.5861472979308198,-1.201088935110572,-1.5863958899672752
1,252,-1,0,-0.8934607842554537,-0.4069301165917363,0.767804637158064,-0.5681556471465647
1,253,-1,0,-0.9746699734799448,-0.6019781595525785,-1.1883043634244168,0.8210010517077189
1,254,-1,0,0.24009495477359602,-1.1359727898048972,0.17028369764292856,1.6457023633446621
1,255,-1,0,0.4432119715614102,0.8571232583654683,1.5166454615611145,-0.6552983347828698
1,256,-1,0,-0.19953300664186083,0.9111719929466018,-0.7072481905461236,1.2653918940746007
1,257,-1,0,0.8114704562112606,0.2089307335723726,-0.502329162624006,1.0368147992502763
1,258,-1,0,0.05106467214520639,-1.5946808612279884,1.0599090093222794,-0.023912749896423103
1,259,-1,0,-0.7300393212003151,1.36571367339402,1.050804030787649,0.22593387471077364
1,260,-1,0,1.4487337477481543,0.1254001819780144,-0.38379602676255226,-0.7545264656927765
1,261,-1,0,0.23347907822866618,-0.8292579149186908,-1.4587637903232002,-0.42131548536729585
1,262,-1,0,-1.3211757084219276,1.5756962817868034,-0.12968641121091876,1.0743595394169052
1,263,-1,0,1.3266780278295978,-0.9354871775369792,-1.1985135105821834,0.28958608950739967
1,264,-1,0,0.6549221998927236,0.0700616402090032,-0.25160661901586745,0.05319532258048113
1,265,-1,0,0.7754723852209148,0.3754471518827932,0.05024633288367835,0.2990792805915389
1,266,-1,0,0.7896475393721175,0.17410039996338317,0.2645689910844138,0.25867866854010435
1,267,-1,0,0.15351312778847231,-0.20684237473609082,1.8309268430037524,0.1641618575690799
1,268,-1,0,-0.08443054392511287,-0.1592200078355719,-0.5894634287807394,0.7676151038276542
1,269,-1,0,0.9770830514337632,-0.2606154979001981,-0.014054558696330863,3.5406992848879653
1,270,-1,0,-0.17278092179983656,-0.5297336999011912,0.750719548182615,1.1993462498931087
1,271,-1,0,-0.47226915875541353,-0.03770402713664674,-0.9962576218560961,-0.56972330357949
1,272,-1,0,0.31473270101961587,0.21645853184941366,0.14541610384060658,0.07162552790067321
1,273,-1,0,1.3354354417246899,1.3446242460804365,0.9141352771925345,-1.2580556802536742
1,274,-1,0,0.6276038054792021,-0.013180344712347242,0.9688508071210599,-0.6430432056712463
1,275,-1,0,-2.5299493478334543,1.206242260209065,-1.6511476403047225,-0.5019091071075548
1,276,-1,0,0.23500313811404852,-1.0041453408767833,-0.2930469636623133,-0.9153685880611397
1,277,-1,0,1.2585401033220565,-0.2599618241791965,2.02129806017584,0.6138181845137218
1,278,-1,0,0.0677297393573898,0.011475744960889295,1.8054292338506528,-0.027774746213107854
1,279,-1,0,-0.6864465970383837,-1.1968147587094817,0.4858811742737519,-1.1488374618210506
1,280,-1,0,0.8181578409552418,-0.9525389173432819,0.4702858105893946,-0.17065043468266086
1,281,-1,0,0.5971354210963175,0.21965769910936364,1.638878136876041,0.838659621674884
1,282,-1,0,1.5541812381086717,0.7183498392066568,0.8135950186531932,0.33296712578987
1,283,-1,0,0.3997123753858563,0.5454934103116625,0.569666431673295,-0.9149223580477596
1,284,7,21,-0.971457710985789,0.056043527949484646,0.9348015820890281,0.7365732941662215
1,285,-1,0,0.39544776265268755,1.278835786736698,-0.5190312612917715,1.468956820452597
1,286,-1,0,0.34483585857634363,-1.6234575642246507,0.24645040194120862,-0.6072906653529226
1,287,12,24,-0.025588075403451708,-0.6162181016671233,-0.5076254731666672,0.6863550214699299
1,288,-1,0,1.5595893557702958,0.4509586315163291,-1.71520019184092,-0.9378388413608844
1,289,-1,0,-0.6464406355713965,-2.1633337849023864,-1.4087938021846356,-0.33447286199150045
1,290,-1,0,-0.5748142589844406,0.7796496176225034,-1.731063192568816,-0.16438099098518194
1,291,-1,0,-0.4553110830495408,-0.45193433231076763,2.1646549363174032,-0.7492970285572048
1,292,-1,0,0.9355602862742197,-0.7811625516401907,-0.7331306111593884,-0.94652723257305
1,293,-1,0,-0.5106236426718795,-0.12550268065881962,-0.21318133494149158,0.18723939255746208
1,294,-1,0,-0.26522570084268055,-0.8006215077036797,-0.3687321088742526,-0.6420364425412188
1,295,-1,0,-0.7980148384495592,0.1791498286699636,-0.37274454246354805,-0.6182637930609033
1,296,-1,0,1.8878938209521285,1.130923784453224,0.5099392897163466,-0.45841566855535515
1,297,-1,0,0.23206800354719181,-0.8707811392875903,0.40383225587396077,0.27211119361473196
1,298,-1,0,0.03877245681127117,1.7645740149755982,0.45055859712047147,0.6488499226477441
1,299,-1,0,-0.696897151709398,-1.3064102311564503,-0.5451529004588662,-0.1798056497655081
2,0,-1,0,0.10710279038777502,0.36025331668035315,0.009788889563035403,1.0787647975449908
2,1,-1,0,-0.2003036111387134,0.2551254889474668,-1.856001130199785,0.9795951904518008
2,2,-1,0,-0.7716176736631393,0.35889745084413854,-0.8933007973953657,-0.9262612006519888
2,3,-1,0,-1.3782625170111906,0.35006122004504975,-1.626293215485109,1.8114622743904911
2,4,-1,0,0.04677855595422611,-0.07851357440142559,0.5668954222886405,-0.14593683331427992
2,5,-1,0,-0.9916580433656429,-1.394578931380434,-0.327177914410643,2.226045627567758
2,6,-1,0,0.6290908959025888,1.3448403934785416,-0.9843379660742229,-1.2458688422200852
2,7,-1,0,0.4223169866510945,-0.8115333290828155,0.0030783110304560576,-0.7259996583458141
2,8,-1,0,0.16899134019775394,-0.17991559397444726,-0.05732024535814037,-1.63573811313935
2,9,-1,0,-0.4359396929515534,-0.334726716237236,0.9507198843440093,-1.5834186435730064
2,10,-1,0,0.30324022749854973,-0.3022460630880806,-0.7397853981064801,1.3356117730640193
2,11,-1,0,0.09696275060888275,-0.4332640006783849,0.6604432212701632,-0.4449568542761083
2,12,-1,0,0.6875422477643572,2.3927975154900576,-0.8866673207377753,-0.28876590024464904
2,13,-1,0,0.706887038065077,1.910546103159083,-0.9465482186696745,3.0685855926656616
2,14,-1,0,0.4870580681710923,0.3136413545995535,0.4217661567299118,1.4104083239139429
2,15,-1,0,-1.527660861920139,0.27958558931541505,1.1218298452625932,-0.31798772146273785
2,16,-1,0,-0.015661751419290548,-0.8386169367485666,-0.1803537307888675,0.6712403476748608
2,17,-1,0,-0.32537688730549336,-1.0739277346151972,-0.28927231439748124,0.7614039115550519
2,18,-1,0,0.04160503476615179,-0.8167202560462995,-1.3050575289847839,-0.6508292406479825
2,19,-1,0,-0.34791929424641366,0.1480752811686972,0.6380299225108879,0.48422597939517165
2,20,-1,0,-1.4855198475613631,-2.247608442024068,1.0352006077143716,0.6708408656361088
2,21,-1,0,0.34140071541812944,-1.0001627989983075,0.4064802675949835,1.572417893404853
2,22,-1,0,1.6606360944565555,1.183243819170577,0.31893556071068463,1.2937969641860516
2,23,-1,0,-0.7104596219925619,-1.0098202803381857,0.02367501896757764,0.4988410862424148
2,24,-1,0,0.6681563704223697,0.26781515359972724,0.19584414009597564,0.5585057589818534
2,25,-1,0,-0.7221231608422689,-1.4241661201162652,-0.28962467753519533,-1.1031458255101505
2,26,-1,0,0.06484674965684005,-0.03821405596331676,-0.052915366439229485,0.0708864419428472
2,27,-1,0,-0.9557187102380905,0.9255413192180242,0.5360032654602358,-0.35231041780429134
2,28,-1,0,-0.3650053182391518,0.006694849255521153,1.3147855868339815,-0.14425542162033017
2,29,-1,0,0.8363361199853302,0.4703977739137262,1.4831972933679674,1.1573235093293623
2,30,-1,0,0.3317411625545849,0.11615339042034636,1.183342338977966,-0.4766243268718427
2,31,-1,0,0.29766982133465975,0.15927709100908743,1.0427069480830284,0.6896941914005288
2,32,-1,0,-1.5722990169782725,1.851975225024274,-0.4961337632558444,0.17051155227019327
2,33,-1,0,0.9191898192990327,0.2189980622390138,-1.0730082888970154,-1.708494589204366
2,34,-1,0,0.9824851597307802,-0.011567035377254727,-0.45701168968526645,-0.290933963009926
2,35,-1,0,0.44003423990978746,-1.5616617529105772,0.6033618711049901,0.0726432149121917
2,36,-1,0,-0.373613531175334,2.36118070305462,0.6801413256009058,-0.27312954885303375
2,37,-1,0,-1.3633519989810927,1.462825142800649,0.9024651395920816,0.7718329418870468
2,38,-1,0,-1.173024995685927,0.29953880303702257,-0.6994213812213921,-0.34841830528322837
2,39,-1,0,-1.370880766876146,-0.6094191646113833,-0.1997053351236027,-0.7709929401787377
2,40,-1,0,-0.027655088031748612,0.7233765449081099,1.1893975614416123,0.012033783307078409
2,41,-1,0,-1.7788804229082562,-0.5715275384193937,0.6352119994755849,0.20243709830167822
2,42,-1,0,0.7631366641969224,1.246710259708807,2.034125165592591,-1.1959268942054748
2,43,-1,0,1.2386959009400422,-0.06733584943954164,-1.1114411045951618,0.29898227781635534
2,44,-1,0,0.7391170867052433,-1.3077717503183295,0.7652922076728316,-0.1030312460629166
2,45,-1,0,-0.8694580341940911,1.9420495167494798,0.027971853344910595,-0.746498283259192
2,46,-1,0,-0.08777255646801323,-0.40981787735584585,-0.08377111080684298,0.764577866514702
2,47,-1,0,0.325945987734412,-0.04294526730224852,-2.034541411421445,-1.5361328669713714
2,48,-1,0,-0.3263365280800263,0.6060422101967878,0.46378749948146675,0.8287719059601969
2,49,-1,0,-0.35064191393412464,0.7358922949211507,0.6516275481330528,0.7727397545566117
2,50,-1,0,-1.0942108006154498,-2.3418062132981268,0.8920382358769106,-0.15752728084483172
2,51,-1,0,0.041705885182589025,0.11170412911855745,0.3386283692674808,-1.240486474995983
2,52,-1,0,0.647291860794724,-0.7543393652509334,-2.6188163127751194,-0.5324085258368045
2,53,-1,0,-0.00365848278463721,-0.2903483883741296,-0.1331840306919072,-0.8416188505870642
2,54,-1,0,-0.820329692030767,-0.0802387061223665,-0.13590457539390818,1.038480677722194
2,55,-1,0,-0.3922661253437408,0.6714832970724682,2.3445132610039736,0.8940008003611012
2,56,-1,0,-0.4990543178465414,0.4482752978153033,-1.0391466161281475,-0.10830250199954888
2,57,-1,0,1.0075788736145324,0.6540710513652247,-2.3950896369860626,1.4794691220933416
2,58,-1,0,-0.1955980335819829,1.6694341272685178,-0.5242300959833138,0.4788680282803728
2,59,-1,0,-0.4270504698284038,1.0923139374301634,-0.0518010799098503,1.0928695221028373
2,60,-1,0,-0.6864772905417533,-0.5580854670921546,-0.9384414232425007,-1.216822796758323
2,61,-1,0,-0.9136912706628998,-1.6308651094306774,-0.8976335029084039,0.12287340037522976
2,62,-1,0,1.6996924324031186,2.081476514915415,-2.106153380546551,0.9421918291703948
2,63,-1,0,-0.770881122066065,0.04536613170397567,-0.9857116987967328,-0.7321996800776007
2,64,-1,0,0.1210579394105451,1.5226704890163272,-0.18987589845844294,0.1643741968919999
2,65,-1,0,0.5860413749420347,1.4062084812153106,0.4069465503655842,1.049867650142227
2,66,-1,0,-1.6221116605423975,-0.04397715190580602,0.6479996451053637,0.4187153570492995
2,67,-1,0,1.0343487282063504,-0.3566493449759358,-0.47561352520918665,-0.7216461696947867
2,68,-1,0,0.8815850478771089,0.1209784378440829,0.6283035172742596,0.283060597323499
2,69,-1,0,0.9445763536172063,0.7318682847860083,0.802965462408909,-0.21165732713452548
2,70,-1,0,0.17519962804917863,1.264408160487283,0.5018038628318267,1.877011571031953
2,71,-1,0,1.7314032255607692,-1.219099002006064,-0.07652988651685398,1.8003813921565106
2,72,-1,0,-3.17747109658792,-0.6523504199953046,0.9570671657188574,0.5963944778354877
2,73,-1,0,-0.6712406032265088,0.6167526788627085,-1.2639179874985957,0.24065079696049405
2,74,35,24,-0.3025653302926596,0.7734503101504577,2.501438489386229,-1.5468744717924834
2,75,-1,0,-1.2584093802484775,0.3543428381856698,-0.009144877681910031,-1.1927997891966744
2,76,-1,0,0.5648369764262677,-0.17016104981888433,1.0840976106120155,-0.8934057621331946
2,77,-1,0,-0.45967977493693996,-0.030821862983850524,0.7912100982148155,-1.056436230814016
2,78,-1,0,-1.134957724800232,0.14416941849804718,0.9937786528601588,0.1310510872234064
2,79,-1,0,-1.3063851157084556,-1.0506992919010203,0.200928130426074,1.6320748706646973
2,80,-1,0,1.337693696238874,0.5563806803686727,-1.0129642983237328,0.0655103169152784
2,81,-1,0,0.3184155899253528,-1.0786798297352886,-1.8079483839207975,1.5133857929380208
2,82,-1,0,-1.1242079847167794,-0.9790969111961269,0.9956961678031088,-2.6175001673856078
2,83,-1,0,0.7230490885818854,2.6552515228129754,0.8839918365446546,0.27948194902002005
2,84,-1,0,0.4069687469462541,-0.6874386088292422,0.4053734994765437,-0.8341496946725148
2,85,-1,0,0.6358299385365571,0.11183511518349791,-1.293479954758155,-1.9437805590639627
2,86,-1,0,-0.6159902890413198,-0.059377067727695354,0.5060417494824495,-0.9518698787575735
2,87,-1,0,0.08069972592993468,-0.7333211478362103,-1.0179269964707314,-0.5698507371687075
2,88,-1,0,0.9509069325502232,0.3606851907219597,-0.5094069214814713,-0.043951229208666405
2,89,-1,0,1.2131364309284391,-0.1433560569507687,0.2953295797438166,0.9882696666338991
2,90,-1,0,0.22298493810618994,1.381524540196263,-0.7224358897754691,-1.1350022687011143
2,91,-1,0,-0.0746942008370374,0.6470338662187638,1.0038772436903878,0.618039074741234
2,92,-1,0,1.3119443233994288,-0.2517167496071945,0.34537465103801135,-0.38813608610018796
2,93,-1,0,-0.5604210055774622,-0.4013129628351,0.4560557878444543,-1.0769955224348062
2,94,-1,0,-0.18711049711490618,1.0550612106734067,2.3370925538342244,0.04015982009724756
2,95,-1,0,0.343545186093759,0.9492914383556248,0.07478757631319033,1.250588274334196
2,96,-1,0,-0.9435532781657008,-0.6746842283892008,-0.6262053622199597,1.1200678667342747
2,97,-1,0,0.05329933996248516,0.7998130561561377,1.2567331415531775,-0.11973709053069412
2,98,-1,0,0.0558153357661372,-1.4031604130762896,0.236199049207298,-0.864944353844397
2,99,-1,0,-0.41990690681720266,-0.8775582262810178,-0.3358858876426848,-0.07696566487473011
2,100,-1,0,-0.41557834981966785,1.6757809130730692,-0.8362041197520206,0.07218426705430576
2,101,-1,0,-0.9924660981796449,-0.8566978390645114,0.9822985013906181,-0.6012858961976408
2,102,-1,0,-0.43827151683093024,1.1917203275583896,-0.28228750655046975,-0.3260155773169433
2,103,-1,0,0.035640511303731075,0.6759306180692367,2.0665592040320346,-0.8246970261212976
2,104,-1,0,-0.25207458183872733,-0.7856980896953505,-1.070643414901949,0.2532607441613559
2,105,-1,0,-0.555058097483982,-0.14563431329265833,0.795596471956824,0.42357356058874457
2,106,-1,0,-0.3496510799952862,-1.4711735407874087,-0.03480648945998164,-0.44190351973651526
2,107,-1,0,0.47543911050514936,0.3469626182835926,1.3627734338639688,-0.3537021755360031
2,108,-1,0,0.10686504696541091,-1.9443236502352814,0.7366933197335976,-0.8364642722402381
2,109,-1,0,0.10595262117590747,0.3561998119554003,0.2545945947365963,0.6590143251041881
2,110,-1,0,2.0458108544779794,-0.9551063124449518,0.7157255337943197,0.842780989160054
2,111,-1,0,0.006428384329081079,0.6416214478646706,-0.8279644975905877,0.9587424302439626
2,112,6,17,-0.743944375175956,0.9277165094650758,-0.07716687978869023,-0.13892525527356256
2,113,-1,0,-0.5828589961705384,-0.09986714777211296,0.4156603920420668,0.30477256548410303
2,114,-1,0,-0.5015785169525839,0.5552236120634804,-0.6076633218776009,-1.3304706500270471
2,115,-1,0,-2.293296925082805,1.9324055174456312,-0.39151720701058673,-1.4709750730763809
2,116,-1,0,-0.053691636080655525,-0.5740840933943705,-1.211539465065673,0.45590957285828104
2,117,-1,0,2.2119037393753502,0.48964554976527164,-0.5717887668876592,0.9547159555133754
2,118,-1,0,-1.0803953923595786,-1.144510199975772,-0.16746674473418083,2.5185821314780004
2,119,-1,0,-1.7067737365627105,-0.22031073530755949,1.026193179655792,1.466364284166718
2,120,-1,0,1.7221683072522416,1.0045266693089492,0.9994680742137291,1.4562519338509385
2,121,-1,0,-0.23849273395019555,-0.03698702003247574,0.8333134118914859,0.6407939522429571
2,122,-1,0,1.457751311214804,0.8411946081521189,0.9052306912587597,-0.6584520172858283
2,123,-1,0,0.05138580264135167,-1.8430662053023268,-1.5538734337709303,-0.8249450907348895
2,124,-1,0,0.3384797741298312,0.29451214309788504,0.45359177464807066,0.429277109234315
2,125,-1,0,0.4530350476458366,-0.473085609802638,0.28344056757758296,-0.07442537407252756
2,126,-1,0,-0.7009887306063944,1.481375408359914,-0.16136904405805816,1.4973958977225568
2,127,-1,0,-0.6236693292595761,-0.6479479533289499,0.5540052044177957,-0.22091523819416534
2,128,-1,0,-1.0295928573250415,-0.6999789190470541,1.4893152610915863,1.6138492280701637
2,129,-1,0,-1.703334089414011,-0.022907218361150644,1.6625201186224172,0.299071157356735
2,130,-1,0,-0.46277436987823256,-1.0665624298220888,-0.1289770574713472,-1.193907862624632
2,131,-1,0,1.1752940704950912,-0.10271332871292022,0.932980498786886,0.302868418057083
2,132,-1,0,0.6411420256791958,1.6646612510759033,0.09570940703355774,-0.9763171863518153
2,133,-1,0,1.0325830960017435,0.5878075042625549,-0.5672724076950233,1.2053585826279254
2,134,-1,0,-0.3919564355060012,-1.49466165107585,0.657504341245255,-0.135412843851128
2,135,-1,0,-0.03855026666928599,0.043534500386287305,-1.7710158181547901,0.1752445221407421
2,136,-1,0,-0.6963466296592408,0.5842027778969883,-0.438061656844348,-0.5523529245039195
2,137,-1,0,-0.8880289442745058,-0.6830168990758542,-0.039175076324747087,-0.08010816437400624
2,138,-1,0,-0.41433139039882566,-1.1776921999802548,0.6375373368082078,-0.1439017033293783
2,139,-1,0,0.371699361113361,-0.6093101587154187,1.4156373094178043,-0.3718814289320569
2,140,-1,0,0.18212540583600906,1.3217072598166715,-0.36610854129326326,-0.16137936160298558
2,141,-1,0,0.9527551260579392,0.7634121826040948,-1.2557870381327814,-1.4182938309650877
2,142,-1,0,2.6610469904808625,-0.6152614710745181,0.24945168260660516,0.42963322462424924
2,143,-1,0,-1.0432205401601538,-1.0342063692170176,-2.133469085616838,-1.0837614772919386
2,144,-1,0,0.8072727388046063,-0.20804491765253022,1.0747425597173217,0.34487500158901824
2,145,-1,0,0.22410869267921807,-1.5332556828098767,1.4284409934078754,0.40319309936848724
2,146,-1,0,0.4520156947698537,-1.1778127936467968,-1.405933812605108,1.1448111750127197
2,147,-1,0,0.6810647293670554,0.6329326957110561,-0.1878244213321433,0.4166660401830859
2,148,-1,0,0.39274213159922033,0.6094259482347496,0.17276413725431383,-0.1370766657641645
2,149,-1,0,-1.3293372985817387,-0.49574368592680457,-0.8105422022006674,-2.17507597524979
2,150,-1,0,-0.8237273351080152,-0.10923975006661667,-1.0189536824239984,0.14350555047349572
2,151,-1,0,0.29014830337593317,1.2329137444167264,-0.20026134015542232,0.20700111881328934
2,152,-1,0,0.42451826259473785,-1.4210265310335741,1.229177617850638,1.9375844711951482
2,153,-1,0,1.7408732429618239,-0.7329099760214032,1.4558496732042783,-1.078283790949092
2,154,-1,0,1.7073048940816442,1.3194041575677062,1.3802276542960288,0.8298255806029703
2,155,-1,0,0.4451532965420402,0.5192723514013154,0.14577351496559632,-0.7990359860741321
2,156,-1,0,-1.6290465575441084,-0.7226815227991725,0.7865055084690054,1.300688978357911
2,157,-1,0,1.491874581065497,0.37938083361549857,-0.8256227207087052,-1.272761933643584
2,158,-1,0,1.1782844178543384,1.5349318698227867,0.9306030392741886,1.0775247615001577
2,159,-1,0,-0.8653853441270747,0.8341939264101477,-1.718432938005896,-0.7855470881449317
2,160,-1,0,-0.32502039442304054,0.5766285265634792,0.38454017932665524,1.3746050803664747
2,161,-1,0,1.5024918127569664,-0.3652758799263483,-1.3228515968592283,0.1148188625751683
2,162,-1,0,2.4780523099757237,0.10730436447888911,-0.246643793675985,0.7068232210997304
2,163,-1,0,-1.282249605859101,-0.2264328069295692,0.44786268889953007,-0.4063642004196712
2,164,-1,0,0.5775693805683993,0.9325176575029316,0.19617596430743495,0.5978862432892146
2,165,-1,0,0.6349646849760218,3.7712984564369925,2.238085497873219,-1.5249427299693474
2,166,5,15,-0.174622617511597,0.7119021186981249,-0.8597008843285817,0.004382319820739579
2,167,-1,0,0.2530244510374951,0.847081612008618,-0.030287325175831117,-1.2509250340014637
2,168,-1,0,0.5862386006955127,0.4612577299887033,-0.009700910558193929,0.3859829287384577
2,169,-1,0,1.2360186574602492,2.5222518284400115,1.0120059510849055,-1.007951280639961
2,170,-1,0,-1.5314170024012708,-1.3082149821780706,-1.2336611618153457,-0.036997129645997474
2,171,-1,0,1.1350831237582097,-0.0682034688311967,-0.35605785214770164,0.20590961233714036
2,172,-1,0,-0.276458130602055,2.759548666025234,0.872401411281658,0.14586369419677261
2,173,-1,0,0.7398486493182808,-0.3475842212975658,-0.6918288098004591,-0.08777972171689116
2,174,-1,0,-1.058800353150875,-0.885489510783009,0.4530750590148225,0.4675516777734009
2,175,-1,0,-0.5253123636765143,0.5632513858284256,-0.51307026840722,1.4156888532810372
2,176,-1,0,0.3173030681802574,-1.0074668748775828,-1.9294893750072697,0.3524896935417313
2,177,-1,0,1.1176134860033522,-0.3339664406916255,1.427830374147375,-2.5569480073191038
2,178,-1,0,-0.3316129799532924,1.3366784895946568,-0.20805507579743934,1.4053929343919542
2,179,-1,0,1.0810165668643277,-0.10442168998301149,0.020399200015142886,-0.8822622609283454
2,180,-1,0,-1.351884926227212,-0.5182939679033804,0.9798221042892122,-2.162098200421541
2,181,-1,0,-0.33054514176443817,-1.9972423348149055,1.708941348583784,-0.5151644254392417
2,182,52,14,-0.6962344174249189,-0.5521523681531127,0.46738290513912606,1.3342909265422993
2,183,-1,0,1.3171122675838114,0.9535659977660844,-0.13398973034062367,0.697747479775944
2,184,-1,0,0.5953416662176618,0.729112251247881,2.2105334520950213,0.013477861963683464
2,185,-1,0,0.1610392201830968,1.127000619594477,-0.3120133867471635,-1.2829449551943648
2,186,-1,0,0.9722264955109586,-2.9583491003291833,-0.25052467623080626,-1.1125681460203902
2,187,-1,0,0.09088376139087379,-0.3751892811920232,-0.037381468186918135,-1.1281440970193177
2,188,-1,0,0.28070357112322725,-0.027489793730459545,-1.1651031609535238,0.6663848495805073
2,189,13,20,1.1819198896906955,-1.013251131739074,-0.057718240466197876,0.516052036665829
2,190,-1,0,1.4215200369936518,-1.9424486772091891,0.402363299023642,0.09370453839909249
2,191,-1,0,0.9917672369292223,-0.8976661931459445,1.2421386646651713,-0.5222890585032937
2,192,-1,0,0.5732601941215879,-0.6891068292126005,0.08343323648824248,-0.7088324398151402
2,193,0,14,-0.06575146930987129,-0.33436007499177817,-0.5560608476714297,-0.04162220236075725
2,194,-1,0,-1.2686377783493334,1.505867013115139,-0.2846564731640039,0.2542464429604656
2,195,-1,0,-0.30815331423433323,-0.4925524044412717,-0.14272660613086613,2.0364876187840775
2,196,-1,0,-0.7881473264197238,0.1687983932027433,0.16144432399538933,0.09698332973563627
2,197,-1,0,-0.8116725636660195,-0.17846595904661228,-0.6344262359715059,-0.6588202183380674
2,198,-1,0,0.8236134467106748,-0.2704797702804261,0.7089184651130193,-0.304821193190283
2,199,-1,0,-0.21881380524969368,-1.4635566969228757,0.23611960498197518,1.0493277988529939
2,200,-1,0,-0.6280144949861144,0.7573259852331933,-0.08920297086112809,0.6907363177082948
2,201,-1,0,-0.2807158682321883,0.09495411279349407,-1.0869462940057208,0.16622630185283496
2,202,-1,0,1.6832140101209228,-0.7938152703577149,-0.10796862477712243,0.6854492910178426
2,203,-1,0,2.4711241130095325,0.668866820364599,1.1767272427309248,0.23976728721921964
2,204,-1,0,-0.584270178809027,-1.1237075400899745,-1.0207002689853149,0.20294807771744025
2,205,-1,0,0.2951073942376354,0.9376246757017543,-1.890189940638482,-0.9583743800139143
2,206,-1,0,0.12985488758406127,-0.6387445027163682,-1.2258798292310533,0.6706371457332001
2,207,-1,0,-0.31823927804343055,0.5887324381363975,-1.3710648754239814,0.01724291778386695
2,208,-1,0,2.2471454750031152,-0.3165017271567275,1.2830562761891762,0.3838870558336231
2,209,-1,0,0.5819084935569211,-0.3330961799458876,0.18279693454244544,0.3962618984116342
2,210,-1,0,-0.28967239091733643,-0.6852628465710935,-0.11486306281918619,-0.06363838000884518
2,211,-1,0,1.1988514862726225,-0.23401020812641316,1.1921299789414674,-0.7693560376997973
2,212,-1,0,0.15951382000636044,0.03815028713917822,0.387907801689237,-0.7901889888838439
2,213,-1,0,0.8562042685880579,0.536591017107567,-0.3251784389981778,-1.4196031596424892
2,214,-1,0,-0.24440213930418114,-1.1092317089794101,-0.3064707431515353,1.59469338003605
2,215,-1,0,-0.42389162098589306,1.065904654830857,-0.46154441654346173,0.11868218621282726
2,216,-1,0,1.9980366352917576,-0.08129859882941086,0.3139235265671549,0.29582477389821116
2,217,-1,0,0.016680307902935204,-0.4269667161778603,0.08413813918419545,1.0178486812837373
2,218,-1,0,-0.18495492150004833,0.12162601885098975,-1.056315605553974,-1.9526254775374696
2,219,-1,0,-0.3016579245735064,-1.042433536546725,-0.9796539564650909,1.1381913607038232
2,220,-1,0,2.1417710011121476,-1.1881849044896042,-1.1894102237505388,0.2928150634468177
2,221,-1,0,-2.323501186602302,0.663548227909695,-0.972746166407685,0.28302856713238095
2,222,-1,0,0.27245532863485844,-1.5079656937565962,0.561010795512495,0.09159236655429119
2,223,-1,0,-0.1911686595920805,0.4966717611474607,1.315230585909038,-0.10547093860586623
2,224,-1,0,0.9453166760219381,-2.101495150546884,-1.7568854796821687,0.5922859674459406
2,225,29,9,-1.87269303355256,0.48758928509390925,0.40730419789445726,1.0866134941287273
2,226,-1,0,-0.4665151256517939,-0.8971610240091135,0.504852782665596,-1.2871615987903073
2,227,-1,0,-0.1659603650294239,0.6352703946351519,0.3412570403757576,-0.5085562567394826
2,228,-1,0,0.4084809516895129,2.6509193510923015,0.815424997522913,0.6933905076833664
2,229,-1,0,1.2256090749346893,2.181849413928147,-0.5694787357086001,-0.04332185545513488
2,230,-1,0,-0.2515842417353573,-0.9059211876076413,-1.0571841245912985,1.9301633567479266
2,231,-1,0,-1.0171781268190516,0.7340648006933271,1.341825207442313,0.916046524954851
2,232,-1,0,1.402998872274297,-1.4777262222414596,-2.1009176866927746,1.852277603106597
2,233,-1,0,0.20480985765964468,-0.1053967032959903,-0.3405269408843005,-0.6900537390617582
2,234,-1,0,-2.18431003785408,0.28746825239971846,-0.8830631022020388,-1.4453011351536942
2,235,-1,0,-0.7097160757100154,1.543550485811058,-1.4837857830129937,-0.7055609809353908
2,236,-1,0,-0.2851928226058721,1.11933615864649,1.073029246146539,-0.16805419674953959
2,237,-1,0,1.2848577008403717,0.3422656882742435,0.4855335580427184,-0.8734314266651624
2,238,-1,0,1.2608829334848919,1.520559864233548,-1.1407136895716625,0.615623396123675
2,239,-1,0,0.03989345080509183,-1.204830456144728,-0.3017017366204891,-0.02056371294096849
2,240,-1,0,1.100995658027353,-1.2571694590413216,-0.5992061899740515,-0.4579851014351525
2,241,-1,0,-1.0892967885326497,-0.24609865714892593,0.13939303482447968,-1.4685612851911507
2,242,-1,0,1.4563222410045502,-1.133990211968661,0.07458975981177893,-0.38243207038103577
2,243,-1,0,0.1540286660141852,-0.6177364076309418,0.1587341771629608,-0.39215796433498845
2,244,-1,0,0.37538161864947867,0.06824940000305171,0.8771138024503077,-0.7935374455874786
2,245,-1,0,-0.4572017801388885,-1.3528562445894123,0.13757748706999287,0.06893380700200043
2,246,-1,0,0.5359418670574327,0.22522360974804279,-1.1418658296318414,0.34887734315699065
2,247,-1,0,1.194406627400034,-1.777255886609084,0.7078875754085248,-0.2358328627934504
2,248,-1,0,-0.7038756392504892,-0.9139219742350472,1.5353548405457982,0.45614357714277004
2,249,-1,0,0.6439135502970137,2.0783122042743707,0.8088414126957926,0.0035021677420138658
2,250,-1,0,-1.2637233151066105,1.1360863757949842,0.1902399300119654,-1.1139211444376869
2,251,-1,0,0.4768478111260882,0.6195262832607338,0.8544305552464615,-0.8236792830334076
2,252,-1,0,2.012865393967126,-0.16077989429698597,-1.270613832095312,0.3637793199830022
2,253,-1,0,0.025996309297507732,-0.04888794375037989,0.8216391510273183,-0.98196806756124
2,254,-1,0,-0.5071186224806642,-0.6891583390658917,-1.286458426798779,0.6836834459286574
2,255,-1,0,0.8002970387401755,-0.5168690574578699,0.16076805498850988,-0.9971654581926445
2,256,-1,0,-0.02131761009356138,0.27431989134486356,-1.7858835943973226,-0.23922991291904314
2,257,-1,0,-0.26239886648550215,1.5258258148541533,-0.44289397230752714,-0.6184155145345994
2,258,-1,0,-0.4390886989098041,0.015228724393087081,-1.933638583008132,0.2892629633049323
2,259,-1,0,0.2688534033223987,1.4795837742903246,1.5391203984492543,1.667561073241164
2,260,-1,0,0.7337417439450757,0.4447657738371243,0.9439962554716335,1.7897991826143445
2,261,-1,0,-0.9566202632935179,0.671764895330294,3.128736696180726,-0.5460178432255812
2,262,-1,0,-1.0057184321935415,-0.9595116003168908,0.309532913824623,-0.07726922990654374
2,263,-1,0,0.7820466495185482,0.5066178611869582,-0.6435281992125307,-1.0815351720242834
2,264,-1,0,-0.1895852679629826,-1.576829026503955,0.05821535583990852,-0.49274136026966836
2,265,-1,0,0.48509310141247197,-1.361105115634128,-0.08501312478391689,-1.9773137702484382
2,266,-1,0,0.5946893198318661,-0.054971036753890326,-1.159886207492227,-2.6556660587979657
2,267,-1,0,-0.1907169295575906,-0.45470617970153565,0.5540319702443197,-1.5576140723894423
2,268,-1,0,1.0525128357339804,-0.7262981832975206,-0.7467208593713902,1.9842865318546306
2,269,-1,0,0.47928188687605067,0.17666021529191311,2.609762957240858,0.6905620630251488
2,270,-1,0,0.10159235978741586,0.5374652181719131,-0.06765196832686497,1.2174912577444446
2,271,-1,0,-2.061527747283645,0.4606826347244843,-1.571997853554744,1.4817594660116085
2,272,-1,0,-0.6243760193993431,0.31575944357453434,-1.3131583915746932,1.0394151189667187
2,273,-1,0,-1.4563042742036971,-0.7818966807243407,2.1442502324522463,-0.025654877301763128
2,274,-1,0,1.1426097861497593,-0.08892264740108792,0.986545874056138,-1.3340932893160753
2,275,-1,0,1.8873841829427782,0.6834321014154898,0.3745301365054187,-0.3669452203586643
2,276,-1,0,-0.06393324051472579,0.8607992590784629,-0.8724301118410961,-0.8106903402015445
2,277,-1,0,0.7808689549117632,0.5337944801153768,0.022428085156748382,0.396792552464622
2,278,-1,0,-0.6301816857994921,-0.2412986009036798,0.4319961329401552,-1.648362313969579
2,279,-1,0,-0.28379699019167964,0.5373964395628618,-0.45286020025915574,0.039655514288174994
2,280,-1,0,-1.6220230611683841,-0.20714483722622165,0.7696326152062483,-0.05781837175008576
2,281,-1,0,1.16818413505518,-1.4464912186614756,0.933668095115925,0.10777054042675965
2,282,-1,0,-0.19889116176213495,-0.7935124142383752,0.45781596954971243,0.8043574859199802
2,283,-1,0,0.24842205718521798,0.4544659739094851,-0.4996473254134873,-0.24229629828777635
2,284,-1,0,-1.2346674810513616,-0.9583968443693458,-0.250965677574051,0.06808781152149102
2,285,-1,0,-1.260949008641019,1.7128501383293073,-0.5006912689766826,1.0217707774185394
2,286,-1,0,-0.7791992816708176,1.0886279509800276,0.804336332479149,-1.4682450397828828
2,287,-1,0,-1.3624837212310792,-0.5673095570326372,0.5111675768278405,0.4420853824815522
2,288,-1,0,-1.2204105697502508,1.0326248515644993,0.9907408153399677,0.15996515497905392
2,289,-1,0,0.792040976010411,0.022848788138240036,1.8726085098472247,0.26458498333014985
2,290,-1,0,-0.9655105705080681,-1.2709431107260953,-0.5760099167731807,0.4374445848081815
2,291,-1,0,2.616166756590533,-0.894394772161673,-1.7255536597687224,-0.02675075112019545
2,292,-1,0,-1.984433970721203,-0.8083109080781731,0.41163207405094737,-0.5538671997642004
2,293,-1,0,-1.6272455624238362,-1.2537851546655343,-0.4102373446623659,-1.0101759017255116
2,294,-1,0,0.08639507071730261,0.6118685911115403,2.8127292260800885,-1.0659155939869855
2,295,-1,0,-0.5051672444593779,-0.15189745049815023,-0.17890988265866406,-0.45653289634843147
2,296,-1,0,1.486259479085392,0.8272337933716458,-0.0906733252959851,0.18474806195990975
2,297,-1,0,-1.1587794152058786,0.8044250380077356,1.5379165033572613,0.9407958658955579
2,298,-1,0,-0.5863306051903636,-0.7191891579168282,-1.816245278385311,-1.783096498006167
2,299,-1,0,-1.851308181733518,0.9300189123546934,0.13786609982228082,0.019430540589719082
3,0,-1,0,-0.6374547931370438,-0.7427756591162727,0.3468219847818094,0.6697686152436081
3,1,-1,0,0.35689638045877553,0.3671391290540634,0.3308073252029571,-0.3018400818925808
3,2,-1,0,-1.0795985600736475,0.28988209962190487,-0.44850754545711213,-0.087515722522536
3,3,-1,0,0.35983751641589923,-0.06958502097463722,0.12622008507035237,-1.0201984477552213
3,4,-1,0,-0.49627012015226163,0.18487662052528128,1.224384957951395,-0.17560002714483536
3,5,-1,0,1.8240841135225991,-1.4662482554669427,0.855128751003742,-0.1862497203591544
3,6,-1,0,-0.6399966027203994,-1.3536847678604662,1.3272973698756523,-0.07946977818824948
3,7,-1,0,0.9433360779702341,-0.5596207128239606,1.2662689630939539,-0.2667099389749918
3,8,-1,0,1.606967716739542,0.5814500144377284,0.45967126741236686,0.8093171657207537
3,9,-1,0,0.9312817655933722,-0.7247228236241682,-0.011398835009349467,-1.862747986839651
3,10,-1,0,-0.32130465888034065,1.384778451857144,-0.23399579748573543,0.6797131307474705
3,11,-1,0,0.06331941290028294,-1.0799051788321183,-1.0101146131097858,-0.8109341251588682
3,12,-1,0,-0.7544211885434645,0.6671051488162673,0.02020621910562098,0.681126949609662
3,13,-1,0,-0.2683415746550856,0.5364037640213536,-0.3514906074632145,-0.44376605545560766
3,14,-1,0,0.9744505240421819,-0.2961402813463647,-0.43351566777786366,-1.249978585436096
3,15,51,12,0.21290679757090614,-0.6631373205790215,-1.8381835316356974,0.6333271473463326
3,16,-1,0,1.8396390938117433,0.5205022461302162,-0.7097365600326089,0.7850775449671877
3,17,-1,0,1.5590909542426505,-0.6456141443443895,0.6468848755708174,0.1583905009008423
3,18,-1,0,-1.1694888940576382,-1.4087403621560524,-0.21134523283183487,0.9175091987455145
3,19,-1,0,-0.4754174333389514,1.1516736311431368,-0.9446731322470566,-0.29002233829479046
3,20,-1,0,-0.47164126072413154,-1.1947146955060493,0.6068481316580292,0.4815831052841474
3,21,-1,0,0.6442470352226363,1.7129229251729696,0.13513975140417883,0.07929236817549346
3,22,-1,0,-1.1565900363444253,-1.466223313785486,0.018340768566867036,-0.546744033301381
3,23,-1,0,1.4811847891612397,-0.3572303117703294,-1.455582877581127,1.0527296774299697
3,24,-1,0,-0.028484947408756157,0.9522410943815927,1.526474817661293,-0.9129140413305857
3,25,-1,0,-1.6605571157101118,0.5061928017981234,0.3157557032290682,1.586325634286714
3,26,-1,0,-0.3399941785431973,0.6431325697940612,-0.14810650884099488,-0.7989112094176741
3,27,-1,0,0.4196794590112567,0.812590746133379,0.21058429170138604,0.8756357841335005
3,28,-1,0,-0.7206549781953709,-0.5777980560581739,0.5422445275350105,-1.3097884855131263
3,29,-1,0,1.037830274743496,-0.7834036587097797,0.43189549330226384,-1.2291883269343706
3,30,-1,0,-1.1415753936379067,1.5538391230341808,0.5939111743616905,1.2299002002241817
3,31,-1,0,1.9444694222081513,-1.0904717874551162,0.4631625280485431,2.4515857942117782
3,32,-1,0,0.9579593028245896,-1.6282673172018542,1.358167385128924,-1.4814635530551858
3,33,-1,0,-0.8369098815103561,1.9017884977276103,-0.28155453673371594,1.0832765004935687
3,34,-1,0,1.3572485887876324,-0.23845987508727676,-0.4683770263426641,-0.9351701637662804
3,35,-1,0,-0.9784798077120003,0.8404387349368767,-0.829244683644163,1.3032418247783992
3,36,-1,0,0.8815992668958883,-1.548065870059954,0.1503513844721428,0.4946731191010141
3,37,-1,0,-0.13710238707277198,0.6466278054266719,-1.3215049148829199,-0.07672135723792588
3,38,-1,0,0.8369994998391594,-0.31466949991299215,0.06347450513868994,1.2131275991750443
3,39,-1,0,0.7160806430529406,-0.6486472285847825,-0.007837133917378149,-0.8326113609992135
3,40,-1,0,-0.22093759650265285,0.2633461759392631,0.14897945913949365,1.5171744509885277
3,41,-1,0,0.1496030913040496,1.468211234557372,0.8860149794570388,-0.13620213567309747
3,42,-1,0,0.4283946849203838,-1.1156272031437595,0.8315418967342773,-0.6723686636976047
3,43,-1,0,-1.2208043275175429,0.9974225038580021,-1.0806615609452954,1.6412446987124691
3,44,-1,0,2.1274948132911677,-2.0950281538303277,0.42299005357887787,-0.10113194032225807
3,45,-1,0,0.818293554002761,0.5771505824022657,0.027115906514295927,-0.8741353258953708
3,46,-1,0,0.45642960090623175,0.412295959018408,-0.9949039768531773,0.13501779469125097
3,47,-1,0,2.066081640261726,-0.9364401650731532,0.6956891031966472,0.6021052771423656
3,48,-1,0,0.37946383785477045,-0.6050513103831924,0.29633667573059536,0.7945668331078294
3,49,-1,0,-0.5982678329544409,1.0781638655295778,-0.32277365490031124,-0.07268442066275095
3,50,-1,0,-0.16876610672996856,1.1885178330352746,-0.8609449971225851,-0.26766990312905287
3,51,-1,0,-0.1385629407461267,0.5447693026558197,-0.050355596846659356,-1.0564784001496887
3,52,-1,0,0.1210918970111297,0.7578314066034743,-0.23145787149793798,1.501179636287422
3,53,-1,0,1.3087248062620305,0.7562263492410429,-2.314540912963407,0.824751533388847
3,54,-1,0,0.9611240704389681,-0.541583462460857,1.9063085962762512,3.024087765887069
3,55,-1,0,0.9356243003021563,0.531665975129593,0.7363588479199324,0.46181197712915695
3,56,-1,0,-0.7636698914717552,-1.318978421418014,0.45235055866324675,-0.744248579628222
3,57,-1,0,1.6646501941111744,0.8932277019273848,-0.2062562205969964,-1.5034487995643862
3,58,-1,0,-0.30699335007632533,-1.2053702100370167,0.8126010382354015,0.09453090746317122
3,59,-1,0,0.9355689720163708,-0.8544141993681214,1.1671100750915784,0.06414377440123352
3,60,-1,0,1.5503198614466205,0.7867842821872446,-0.8582778329347616,0.5692818739613049
3,61,-1,0,-0.1295304362506378,-0.6030670424716594,-0.3082108048871623,-0.10346414722430763
3,62,-1,0,1.784230322833531,-0.14539490464219762,0.20684628511289058,-0.12000123036139654
3,63,-1,0,-0.16033825393402443,-0.04076277125170477,0.5408683760609746,0.8824132064061733
3,64,-1,0,0.19124085053648854,0.7502028340171325,-0.252784207949342,-0.6210170538037829
3,65,-1,0,-0.21447545403166296,1.0465012295861744,0.958237597556534,-0.6720941582963683
3,66,-1,0,1.686998630352527,-0.757098909593281,-1.0753384753373298,1.253327203097131
3,67,-1,0,0.8605552723191083,0.6912737313602323,-0.5690018223443909,0.26363874594087106
3,68,-1,0,0.4739688555299758,-0.10039230525253172,0.7664689907519905,-2.5200897763097734
3,69,-1,0,1.4345064993372378,-1.8594284664538077,0.6474658066013419,-0.8559536466338934
3,70,-1,0,-0.9227730988292174,-0.05356785301398528,0.5351534896060047,-0.44359292157580427
3,71,-1,0,-0.7696515735891771,1.3457314873734432,-1.5562385594637018,0.5925800162744248
3,72,-1,0,1.0476989937957495,-0.27473481055509336,1.0163696780878242,-1.2010183006125226
3,73,-1,0,1.688416034459878,0.285990868118238,1.4471728224793636,0.9769562599810092
3,74,-1,0,0.21632919849074228,-0.26259844537506344,-1.4434056141452967,0.664865456021267
3,75,-1,0,-1.218495687846621,0.07280831369198205,-0.3766377060830374,0.6587514658645194
3,76,-1,0,-0.45546292352560835,-0.7100643139957291,0.7712822908602633,-0.6078148368727769
3,77,-1,0,0.8849330124286,-0.599376964153978,1.2221630068777625,-2.5158529791871795
3,78,-1,0,-0.37160807671043483,0.5744207360194223,2.245018971595959,-0.4511616205528971
3,79,-1,0,3.6544560028257815,-0.5115552247104718,-1.2386096658359484,-1.2911180273847926
3,80,-1,0,1.0538376248304253,0.4821983834297476,-1.7904615030237738,-0.05268286420255036
3,81,-1,0,0.009009198996270564,0.5335806422013201,-0.7593300208485467,-1.325674893995397
3,82,-1,0,-0.561264273451313,1.151668577690917,-0.19093172250493787,1.3487368562732123
3,83,-1,0,0.4203235149750143,-0.2413457838779225,-0.7258871913486494,-0.8869589304849388
3,84,-1,0,-0.16291305385805185,-0.6026986627396729,-1.0908472521769217,0.9173479015719214
3,85,-1,0,1.4442258327760988,1.2610781222389322,0.6620973821141142,0.4688624835846057
3,86,-1,0,-0.6797775929358125,-0.16597801255913433,1.3096814251387687,1.6377670629245986
3,87,-1,0,0.5401659027745183,0.37121324733081756,0.8098398675767611,1.6841111992046427
3,88,-1,0,-0.7796705843380936,1.2538900075669535,0.21652063669985117,0.13814870822204076
3,89,-1,0,-0.314965317459406,1.015175266753594,-2.140426364269425,-0.7236740040785741
3,90,-1,0,-1.2395313372085037,-0.3734077498776029,-0.8900044897436049,0.12478143333777728
3,91,-1,0,1.0805108717818332,-0.05107713880717664,-0.04673881511525781,2.9435844779855693
3,92,-1,0,0.4781903029947126,-2.11076790089086,0.6489499470541908,0.19622243365910963
3,93,-1,0,-0.7297075483511938,0.2561738808090569,1.5752865090518264,0.7993794732204113
3,94,-1,0,-0.875835233732955,0.8393514783290636,-0.9080974717198769,-0.8549759595717766
3,95,-1,0,-0.9131759556243917,0.8584820326439226,0.2483679305320816,-0.39505110587218706
3,96,-1,0,0.6860351560343643,-1.5188000747718484,0.4719906597891808,1.5599366979835123
3,97,-1,0,0.6775784249411596,1.1537497880373089,-1.1405404060335609,-0.28821674986392803
3,98,-1,0,-1.415289785497721,0.12137564093502266,-3.484189251199345,-0.6071148558432258
3,99,-1,0,-0.3482123891664652,-1.463708683824158,-1.2085685114520415,0.43868984360147195
3,100,-1,0,0.9923015331848605,0.9201803695434335,-0.8538467463500267,0.855496061253016
3,101,-1,0,-1.174933468058194,0.9140843198401308,-0.024640022456306577,-2.647624217021361
3,102,-1,0,0.29296163239637646,0.8379350362106469,-1.6802577153705576,-0.026366102466642293
3,103,54,23,-0.4106115376797755,-0.7746532474993223,1.196184079975505,0.9281626370078245
3,104,-1,0,0.39884850531121313,-1.3078558927345243,-0.673762788008792,-1.0909159013216523
3,105,-1,0,-1.2859752903590507,-2.1324147108894875,-0.6044178243918753,0.22531328092539948
3,106,-1,0,-0.10390391743036803,1.0840224966407088,0.12027483671699161,0.5965750032512087
3,107,-1,0,2.0966787263250293,-0.4752256424367973,-0.981288083211096,-0.7159257864328694
3,108,-1,0,1.4284868027202213,-0.10977628681694575,-0.0024848082808836213,-0.36596175944063575
3,109,-1,0,-1.5868145401550175,-0.026494157802484694,1.4905780767497012,1.962504043873353
3,110,-1,0,-0.5680181825456599,-1.0121195908765006,-0.9601276387893909,-0.7280324932363957
3,111,-1,0,0.5128143423676756,0.30783614210342963,0.2557751887753086,0.28324466362221035
3,112,35,10,-0.010701072732669008,0.611394742894831,0.9698775170453163,-0.6914873498111545
3,113,-1,0,0.6697905342134364,2.0648928407186773,-0.9033087263286497,1.340542462700718
3,114,-1,0,2.0110325000812344,-0.36214600291514765,-0.5843658656453995,-0.2996638987821566
3,115,-1,0,1.1081222000202384,0.8262806249927869,0.6592563875911149,-2.103195578360159
3,116,-1,0,1.5142147418540002,-0.2132235487814166,1.5906895031256498,1.0017397242225796
3,117,-1,0,-0.07335819054313712,0.7260343428448965,1.1976589280177818,1.5493842943628178
3,118,-1,0,-0.47829806447174983,1.338694836043733,-0.06962190435577617,1.4387201267324372
3,119,-1,0,-0.04432381198191216,-0.8471291530453666,-0.2558036514056895,-0.5971740274260418
3,120,-1,0,-0.439193456879102,-0.9363611400594593,0.41545874970036173,-1.3298719109942525
3,121,-1,0,-0.8268321887255575,-0.253718844783502,-0.7793402111560109,-0.15808930818753505
3,122,-1,0,-2.204774177885933,2.581855821722758,-0.8463110924766492,-1.5554410177133395
3,123,-1,0,0.0920226678161364,-1.4582425956731753,0.09460579589048465,1.0238663958330023
3,124,-1,0,-0.7900988303662854,2.1910980380014755,1.3533945178604139,-0.15788735595979328
3,125,-1,0,0.32434750969302245,1.3377273976242325,-1.0972086396654979,0.41419304705977844
3,126,-1,0,0.3307713146760569,0.08888858196258806,-0.9414040485663644,-1.1959870618391246
3,127,-1,0,-1.0939153563465263,1.110377925487108,-1.554810175183727,-0.21282369187199188
3,128,-1,0,-1.0636839693679558,1.1770712039944777,-0.061357036896578974,-0.12133096439362141
3,129,-1,0,-1.0840403797119886,0.5136944480158916,0.5067474616519744,0.4140622300824995
3,130,-1,0,-0.04279449664756664,-1.5839882532581615,0.9797068599520284,1.1347629376487416
3,131,-1,0,-0.057196672796607735,-1.3374378886207356,2.197358168431055,-0.4787682729726299
3,132,-1,0,-0.4578068065285773,0.33116857054403515,-0.9060274281463259,0.11986947965965399
3,133,-1,0,0.11416735890609156,-0.20869541151543697,0.6581265114840092,0.26279467170615434
3,134,-1,0,-0.8340337904861707,-0.2682764189567157,0.7583345680438874,-0.2065512477173313
3,135,-1,0,-0.6568959850190759,-0.37071978075675366,0.9230168147996923,-0.11026135477128801
3,136,-1,0,0.6020167201455059,1.0293542098241142,-1.7980365965397396,-0.5753074302551692
3,137,-1,0,-0.9668334006346947,0.9262918554974324,-0.9117161235276515,-1.558127059622884
3,138,-1,0,-0.39332492567774324,0.05812511407795039,1.3790443897208697,0.7980296359103496
3,139,-1,0,0.3504872749102708,1.1393934008937032,1.4815281786046899,-0.09200236975772641
3,140,-1,0,-0.8591566698760884,0.7520991283148097,2.0192152438677557,-0.36370940781832684
3,141,-1,0,0.3277735899017678,-2.3203360115688616,0.1754651954686096,0.5771651498760317
3,142,-1,0,1.2532365579774627,-1.4196208581109009,-0.5534246789218125,-0.9086786200796579
3,143,-1,0,-0.4693113001367196,0.8009544711484803,-1.5479230921178346,-0.6983127019170564
3,144,-1,0,1.293688354179298,-0.4469234578023872,-0.9897920754526707,-1.756310643598334
3,145,-1,0,0.48989102521666195,-0.438586867575329,-1.9258592748888137,0.9496304790839972
3,146,-1,0,0.17884583071236015,1.429713001133343,0.23517560812928134,0.36900147711295306
3,147,-1,0,0.8550915981998285,0.883711378831182,-1.0756538238139226,-0.3351478261095144
3,148,-1,0,-0.8602232631514943,-1.2475072509127343,-0.3915655567788228,-0.6419617107460494
3,149,-1,0,-0.15800954035675982,-0.9422743145428821,-0.3431641889636054,0.16137256273144515
3,150,-1,0,-0.19961235122528853,0.11450522487554368,2.146257562719352,0.35335875120970817
3,151,-1,0,0.15137785142132662,-0.22057150479384385,-0.4071166304776704,0.49959964121068173
3,152,-1,0,-0.7483676683059818,1.024215069266563,-1.2941108398951537,-0.06635086529550797
3,153,-1,0,2.8285725449967773,1.8665614423368784,-1.2839245030253243,1.2026089304357352
3,154,-1,0,0.6855309433528806,0.32958769650682773,-0.5759529177371728,1.4785884884388925
3,155,-1,0,-1.3636352742326514,0.09301411157715428,1.1994347301151944,-0.06047709230780929
3,156,-1,0,-0.03844234848159531,0.9594155085221453,1.2128718482132526,-0.9289602556244907
3,157,-1,0,2.9927923463702335,-1.1290057601120906,-0.29433314282541834,0.05503878829886653
3,158,-1,0,0.9147458717514984,0.19804505964445543,1.4381165261519198,1.4939578261300415
3,159,-1,0,0.9893861304593271,-0.024819974773493018,0.62919429546596,-1.901049829824133
3,160,-1,0,-0.43652118907225745,0.7438891048032787,0.24843656752863438,-0.782491554522524
3,161,-1,0,1.1949034097585212,-0.5883036745284438,-0.34694508970671306,0.4970401097030764
3,162,-1,0,-0.9922969800945618,1.8617294400134652,-0.7138994656103024,1.3977855718104568
3,163,-1,0,0.5223707218827185,-0.2388658488201844,0.14589838831073454,-1.278048300827612
3,164,-1,0,0.014327692725604493,-0.08371131525062257,-1.1323633140455627,1.200796063311271
3,165,-1,0,-0.06175161738373216,-0.19039856920091236,0.2731267530789065,-0.35921465202694847
3,166,18,21,-0.39785443990427627,-0.15996856100415582,0.9870001369276514,0.7449131345850523
3,167,-1,0,-1.2453936620860993,-0.7267620821518385,-0.46568182810911124,1.0948782533799142
3,168,-1,0,-0.6688445289991356,0.28095273755985,-1.1363640909064034,0.04950455644516841
3,169,-1,0,0.3508735411532106,-0.4208374681489236,-0.3338560624123349,-0.6248893107879501
3,170,-1,0,0.013275726095298448,0.5250470952525,-0.6389786236556453,-0.6004694753553814
3,171,-1,0,-0.24753788579502709,-0.29159613587104427,-0.8930705747552595,-1.2326581507377563
3,172,-1,0,-0.29158594130474924,-1.9096529159642142,0.17556973691637495,1.141515862524124
3,173,-1,0,1.3290824248206816,-0.3607146923539135,-0.8052816458605492,0.687691210815046
3,174,-1,0,0.9371769652017832,-0.6687884692497535,0.06114694905371728,0.850552795998608
3,175,-1,0,-1.032188012785979,0.8386590465823324,0.30521602616156457,0.628864783940963
3,176,-1,0,-0.4432853270783941,-1.3741525355118482,-0.010119234220170806,-0.38953390639019775
3,177,-1,0,0.6088761486588281,0.3847814941853611,-0.8632924328470695,-2.1191243230964973
3,178,-1,0,1.2098380896817296,-0.767987128297081,-0.6545822568273917,-0.6491674861315643
3,179,-1,0,0.24707056515296835,-0.7455547754356526,-0.11104038740058124,0.8378128050017847
3,180,-1,0,0.2902292204247971,-0.11408087656973545,0.19793987163474036,0.5476120954985167
3,181,5,19,-1.9629080621743948,0.18412174525373814,0.18486429997510084,-1.1024835759312717
3,182,-1,0,0.9928259878817799,0.30410858261367363,-0.6523456064094943,0.2457554097462278
3,183,-1,0,-0.09899415254396368,-0.8004663031126915,-0.48032204147759894,-0.26480480962734954
3,184,-1,0,-1.470449950481337,0.19091910311480687,0.18419307568949775,-1.9598024484804928
3,185,-1,0,-0.0507694075766928,-0.29430945480450227,0.6283747297983333,0.1302944812097438
3,186,-1,0,0.37276836839503513,-0.28786497434900726,-1.2522418575510652,1.3319867856913916
3,187,-1,0,1.8104505950400263,0.31736584902277,1.0404875631137076,-0.5962968227109763
3,188,-1,0,0.5581047873384931,0.5150938633292262,0.22756061998216343,-0.8535750329778755
3,189,-1,0,-0.14713629164325917,0.6021229217908584,0.8249457863849294,1.841075921352753
3,190,-1,0,-0.7663755619871641,-0.8015085099447196,-0.36074741709365327,-0.9265491023076964
3,191,-1,0,0.2785709990481065,1.367281820324674,0.40477926807758446,-0.8828716860181854
3,192,-1,0,1.1054640439810335,-0.41873113639953624,0.8211923360128506,-0.8343399065932666
3,193,-1,0,-0.3089446776858628,1.840014018858068,-0.10433376215166501,-0.4299138175843743
3,194,-1,0,-1.4240043527620645,-1.2662530811088575,0.24288895319173748,0.8760078810171598
3,195,-1,0,1.764033325632937,1.3433750182326114,-1.3881634940488858,0.20248844234342145
3,196,-1,0,-1.9474900651262488,-0.3570948646443723,-1.0272540385886697,0.19153167757472203
3,197,-1,0,-0.4962648209617091,-0.8277049469514677,0.5370916176341898,-1.396547217411529
3,198,-1,0,0.3956895637541141,1.1076955599161602,0.04754220141872061,0.6323672444615179
3,199,-1,0,1.9626143372285911,-0.8197447467306193,-1.2166723339498051,0.2737638536188316
3,200,-1,0,1.6557408972644347,-2.0766310161472283,-0.08062107618303294,0.8298396653120089
3,201,-1,0,0.5669701757275033,-0.5390659118201016,1.0594388420121152,-0.8576056990578317
3,202,-1,0,0.10918434617595582,-0.253596365195527,0.9945912812542332,-1.4288946481387403
3,203,-1,0,-0.3620243931956473,-0.34951534089092623,0.20728051402976233,1.3965545471755183
3,204,-1,0,-0.2690354745703204,0.9601748927870444,-0.53625235871598,-1.662353090081147
3,205,-1,0,-0.9180169154298352,-0.5127903301674629,-0.20897015351554146,-0.9238702470243527
3,206,-1,0,0.18629879269025923,-0.12227590503813714,-0.14774526281135536,0.46409783255068787
3,207,-1,0,0.5832874169441331,-0.8518666166835669,0.6721281417668081,0.37286729345692604
3,208,-1,0,-2.4985209278938485,1.3356817628413753,0.8961502359108254,-0.8701242698096923
3,209,-1,0,0.45135420503976253,-0.7018480699358247,1.1801426043437508,-0.4215567788348102
3,210,20,10,-0.11028681268208326,-0.008310395584472009,0.467820433671746,-1.0771005544235819
3,211,-1,0,0.04470233979957386,0.966979220047569,-0.2046674776130417,-0.614630177022689
3,212,-1,0,-0.4626717480374839,-0.6931017139660176,0.46895724568726876,-1.6940437133939477
3,213,-1,0,-2.9996568732860287,0.09161715857954714,0.04220337642167566,0.4606984910342724
3,214,-1,0,0.37941056207354984,-0.08644491401527381,-0.4657399701347188,0.533371848343392
3,215,-1,0,-0.8456157477771075,0.4271680733850108,0.5657645847578412,-0.4147035545175828
3,216,45,24,-0.45830152486714126,-0.9502896874584363,0.024351319298022412,0.08468457224018654
3,217,-1,0,0.4411195197459694,-3.484350270586263,0.18085313780012485,-0.5407202347101903
3,218,-1,0,0.14887100848171778,0.5112198154470118,0.8989482531033003,0.47445446813788517
3,219,-1,0,-0.2312087912298283,2.5294792038475946,-0.42281062313761364,1.2751088339273262
3,220,-1,0,-0.2374971596817099,-1.343939576907224,0.6883284112491036,-0.4238050836581187
3,221,-1,0,0.047867120903635305,0.17973728442303488,-0.24334169861544627,0.23848548217868806
3,222,-1,0,0.1723799429889145,0.3844996174119967,-1.056194565220926,0.5246778747927713
3,223,-1,0,0.7319211716465913,-0.9782631247625032,-1.2838898079288739,-1.1858467999757645
3,224,-1,0,-1.3142863888650274,-0.36893973134403174,-0.8570256490350832,0.12535116587886808
3,225,-1,0,0.2718127500158214,0.393440002045003,-0.8517480835230088,-0.46246540258662805
3,226,-1,0,-0.048956470397761326,1.4939561193776592,-0.14522725435046355,0.42051019268565853
3,227,-1,0,-0.7499501584210321,0.04951649268517912,0.10167714031292863,1.123428419328936
3,228,-1,0,1.572167410168027,-0.8686172877019717,-1.3831149903566893,0.11218743088745313
3,229,-1,0,1.088322728230791,0.019135604606438483,0.1979959367439208,-0.06716497206256711
3,230,-1,0,-0.6504397091491645,-0.3846220655199538,-0.16567343101776338,1.1845755828819202
3,231,-1,0,-1.213095770289699,1.7993886137641018,1.5153221645698152,-0.07577226304919049
3,232,-1,0,-0.46637446433245916,-0.04989308878529076,-0.6008060017194607,1.6148706213819966
3,233,-1,0,-0.3805561574802597,-1.6779960638466165,0.4051865683362122,-0.5200812803527599
3,234,-1,0,-0.15267796583054488,-1.7798908823610753,-0.03559814760363789,-0.24070550975600682
3,235,-1,0,0.09774864474022334,-0.2316137521347202,1.493972795435178,-0.9385346870331973
3,236,-1,0,1.5309180877320743,-0.04757058572455156,-0.9141855419191063,-1.1833192160012835
3,237,-1,0,-0.5580492963927556,-0.9003800098418017,-0.8064466103335426,0.39068482548772737
3,238,-1,0,-1.7180871580517227,-0.23077678697440343,-0.801311933243566,-0.8300870825245817
3,239,-1,0,-0.537929181614393,-0.2755032244632154,0.09260701877710986,-2.4711449229217273
3,240,-1,0,-0.45350384147865425,0.16230693408506341,-0.25047702698936886,1.8042252125284497
3,241,-1,0,1.2973144275801052,0.8483966165020658,0.21177174575619284,0.39059385367566146
3,242,-1,0,0.4984243238656696,0.5210684771557839,-0.30294527427682244,-1.4539143080908798
3,243,-1,0,-1.4479446778710463,2.056012325313916,1.3203251088413377,-0.5048868987088118
3,244,-1,0,-2.368902452453373,1.5796705660727013,1.031157099593892,-0.2997213918395581
3,245,-1,0,0.10145572911857485,-0.14595887138434532,-2.009918750675458,-0.06933954250877425
3,246,-1,0,-0.9552044967032555,-0.21956977261438607,0.49485526711436945,-0.6676075175739928
3,247,-1,0,-2.521697958694268,1.2457797309515868,0.13436821116763156,1.2276348164464483
3,248,-1,0,-0.22081030520312567,1.8501111080368977,0.3339418692514582,-1.1369222997120219
3,249,-1,0,0.35931245550796553,-1.2494405829938713,1.8616259282936076,0.12115388865520088
3,250,-1,0,-0.045991962942687,1.9801826212488616,-1.8311302810971937,0.5145762381766171
3,251,-1,0,-1.742794090629106,-0.10156930345499435,-0.13108666699552757,0.9588748081450696
3,252,-1,0,0.9283191476434802,0.7018007977469483,-0.5295221241975135,-1.1030163279855643
3,253,-1,0,-1.4706321877732202,-0.2248124995177928,1.0237939737980506,0.428488992154377
3,254,-1,0,-0.28841681543308473,-2.954723134072186,1.7795090005540184,0.22932909342914276
3,255,-1,0,1.087324028893133,0.777496758455408,-0.05676930574745982,-0.36197374997093507
3,256,-1,0,-1.7023316861422555,1.2033335224770958,0.3412183061013961,-0.43853947346010114
3,257,-1,0,-0.120105905623602,1.968866137184365,-0.6020017441806559,-1.0583582601829762
3,258,-1,0,0.1855895310502556,-0.310943371095276,-0.6544005566088219,-0.7997018836501023
3,259,-1,0,0.8784102910692544,1.3478881043040278,-0.7286138427015413,1.0249403372825419
3,260,-1,0,-0.5764694224612608,-1.9583416648332528,0.5393421077086252,-1.085109816822486
3,261,54,19,-0.23917170867405052,-0.3044995413021262,-2.1147658644903062,1.908557223870151
3,262,-1,0,0.9997896584074994,0.7283308388637191,1.2188519200024388,0.8159848175576099
3,263,-1,0,-0.5545923125068178,-0.5794451441823927,-1.1324423826468861,-0.46556126731559483
3,264,-1,0,0.5850378454115891,-0.36974169605183416,-0.7202876101400815,-1.3019140778376785
3,265,-1,0,0.5910513715671154,-0.23449518414221274,-0.8054472640749192,-1.3269547284573686
3,266,-1,0,-1.4315316744228888,0.23671751437125899,0.8180516158820252,0.8048518003701972
3,267,-1,0,-1.6073683529454719,1.124360945573744,-0.1346423579180927,1.3854189347646189
3,268,-1,0,0.16595304954226825,0.06191915944286328,-0.7714877641079535,-0.42168730372142105
3,269,-1,0,-1.1335218607609063,-0.04020246820950585,1.2313026459439926,0.4960139031115325
3,270,22,18,2.2158200824996532,1.119671427474689,0.973855699692275,0.23554329436357374
3,271,-1,0,-1.1351994090535198,-1.4538492442661453,-1.566805602708132,-1.628417941347242
3,272,-1,0,-1.2551491676321112,0.6448250046735953,1.6765563361624314,-0.36887440849617353
3,273,-1,0,-0.7601213098905492,-0.6467129021213928,1.5678635107535495,0.4513784819222048
3,274,-1,0,-0.21843147159466708,-0.27491832642254027,-0.26728369935893675,0.572583029093838
3,275,-1,0,-0.7634013258219586,1.697181010087168,-0.29978746992571087,-0.1471087925142479
3,276,-1,0,1.0597613373844659,1.565615107455329,-0.2549762866135394,-0.09907825242247491
3,277,-1,0,1.5787590077239804,0.9402968711333881,0.4402684575832574,1.023669452304808
3,278,-1,0,0.788819478455131,0.26348205646327155,0.032366386366280454,0.1352754138999568
3,279,-1,0,2.1271869198734707,-0.2853365932726693,0.13379040597923397,-0.47401014818125464
3,280,-1,0,-0.6573990679725918,0.9415112965134633,0.4831970214236863,1.143506309046017
3,281,-1,0,0.4743267059228964,-0.45228816650365583,0.40009290024659827,0.6108295219523218
3,282,-1,0,-0.5776090297957822,-0.36898354547865886,-0.6155587099873102,0.06004310766627326
3,283,-1,0,-1.2820119571652056,-1.3661594533054435,-1.2060979913571792,0.3559983926092579
3,284,-1,0,-0.5585635590406387,0.044633194309681525,0.639910360553864,0.6448036389716375
3,285,-1,0,0.08934639324600227,-3.767934557196362,0.011961271044112844,-0.2200740118581312
3,286,-1,0,-0.09628080652811567,-1.6272161375952339,-0.7040685060275123,-0.4738757567982175
3,287,-1,0,0.8687776323072322,-0.9561433298064294,0.12980161940918827,0.7110720601820609
3,288,-1,0,0.6341133865278836,-1.499994017491175,-0.1507107575431162,-0.22210108049385419
3,289,-1,0,-0.23367102649327331,-0.2017814127729793,0.3069189552352132,0.41359940885108054
3,290,-1,0,1.1195812190343828,-0.9932311749196002,0.9172905524712809,1.1031390982586797
3,291,-1,0,0.20965632908994913,-1.5655474900602806,-0.12301611329042715,0.21653442134754072
3,292,-1,0,1.947882804168309,0.2735986113498417,0.702056772073856,-0.24782543958245337
3,293,-1,0,-0.37887769305552427,3.269600042330554,0.5095265276978053,-0.46434758446900476
3,294,-1,0,-0.23250884484061887,0.18607560007630497,0.5372237122001585,-0.250299089021782
3,295,-1,0,1.0658351856480242,1.203936997124663,0.8525789160782005,-0.02308536969756771
3,296,-1,0,-0.4112247898138114,0.531999566731254,-0.08533049488264113,0.9620548085811913
3,297,-1,0,-1.7992722198081845,0.5728695700731579,-1.547652802284169,0.9793489572485398
3,298,-1,0,0.5974144132301142,-0.2750125965359163,1.6424418666109508,1.0020948004395194
3,299,-1,0,0.04780459756025226,0.2885587578959326,1.6668585139657826,0.9143883456524715
4,0,-1,0,0.7723703859649047,2.0942370029902975,0.48462758887741786,0.022118686360169653
4,1,-1,0,0.07361905071582363,0.6060231808963102,0.2842131949898121,0.5158192942210159
4,2,-1,0,1.092738906799924,0.26706133613501004,0.6621701367833275,0.23714965549834396
4,3,-1,0,-0.08749820544411746,0.16540313742369603,-0.8387367050855928,0.7167379474107578
4,4,-1,0,-1.5213911210434123,1.0778614611079904,0.2283732687107781,0.4391850428362074
4,5,-1,0,-1.1686571205372127,0.4975096015130076,0.14785639384708252,-1.367736646882425
4,6,-1,0,0.020721345953624674,0.6498165763797668,-1.1954476584021871,2.8405661684248487
4,7,-1,0,1.9205587076833277,-0.9271679470885393,-0.07185873911045482,1.5251761610877452
4,8,-1,0,-0.7324988884814182,-1.4227704095126459,0.19006017275023607,-1.1196312553942385
4,9,-1,0,-0.1202307578942418,-1.64487163463317,-1.5540355517862754,-1.0303545337377937
4,10,-1,0,-0.9969416400923186,-0.5310567343265024,-1.2846784954711867,0.841541628456612
4,11,-1,0,-0.08062161811604919,0.6588708843231622,-0.43258708489157754,1.00023328688739
4,12,-1,0,-0.023455646221957654,-1.0110275141849452,0.29474260855952167,1.6862160942713178
4,13,-1,0,-0.7809821112332127,0.7433994590470542,-0.5576466145028337,-0.5186893529071539
4,14,-1,0,2.5879069420359477,-1.7986581303272762,0.6170672019640059,-0.03482655886597861
4,15,-1,0,-0.6663023861691149,-0.6306234774786931,1.5750425165586721,-0.5189116163220033
4,16,-1,0,0.433523636231903,-0.028055516056410258,1.0224078816456574,1.8504484120419467
4,17,-1,0,0.22661615585001005,-2.5393425468228115,1.5782035795778557,-1.4936195592335966
4,18,-1,0,0.785062537969312,0.5100796840598083,-1.2932116159029192,-1.3689801028348554
4,19,-1,0,-0.19548757803580355,0.1815135835685892,-0.08792227378327101,0.2484927730716772
4,20,-1,0,0.5858140413732972,0.7482415611287334,-0.20308214513132922,0.005913411739813345
4,21,-1,0,-1.8801488110154132,1.5087480425334223,0.44475770603578413,1.5184881072753387
4,22,38,21,-1.1961650479855137,1.7745151447065892,-1.0254159119353279,1.0405657385121887
4,23,-1,0,-1.8753150474799216,1.6995506881576328,0.1668285929882102,0.3312057089290299
4,24,-1,0,0.01467798933959892,0.6435414836557259,0.367480879212011,-0.23938044191471047
4,25,-1,0,0.12603131685288824,1.0287848644967879,-0.3565829417200175,-1.0188589592836403
4,26,-1,0,-0.13446766619341058,2.521958602415339,-0.12199834228072096,-0.8958831477315919
4,27,-1,0,-0.45249106995520033,0.8073444944658491,1.2312518540794286,-0.20225006733706757
4,28,-1,0,2.038808676966039,0.7797337500244697,0.3176754681096232,-0.274794202256179
4,29,-1,0,0.250226152858152,0.4561689966898986,0.4966384625880683,1.4095868630617423
4,30,-1,0,-0.023430651172839153,-0.8171717114445612,-0.33921981752291974,-0.16042805302835847
4,31,-1,0,-0.7692985757478229,-0.49602846894529956,-0.10877410921463258,-0.2038482217877832
4,32,-1,0,0.62725960843662,0.4722515596119675,0.8774969720204461,-1.4374802988416895
4,33,-1,0,1.2301181937463896,0.8358537337399132,-0.163749116427195,-1.214096848976865
4,34,-1,0,0.3654936838040641,0.6011158034433686,0.8728739667691943,-1.2314201846447732
4,35,-1,0,1.30000072087568,0.7126368173844112,0.3001007298428904,0.5699158370697543
4,36,-1,0,-0.1532607583027504,-1.0177578732780346,0.47666428852349946,1.0632884121590742
4,37,-1,0,-0.14194848581459737,-0.12395128570206357,1.6187866589235882,-0.8327975143594802
4,38,-1,0,0.6932746296579361,-0.24954886299259402,-1.1620997922160692,-3.0370077435395233
4,39,-1,0,-0.6639542418900131,0.6237177373491064,0.49705771985178815,2.2028384730581734
4,40,-1,0,1.8746834789528248,0.8740628851418342,-0.08735385490075302,0.35446273472147166
4,41,-1,0,-1.3035481775075184,0.30855989777072623,0.1131495955037109,-0.06953319709717927
4,42,-1,0,-0.49745087912106584,0.4130160945616562,0.744870249591849,-0.8178845496192314
4,43,-1,0,-1.11629770185113,-0.0370569487127242,-1.8332614611950022,1.252478782944362
4,44,-1,0,-2.6902379161438392,-0.0010923711348378034,-1.0960724932622756,0.7320458446184206
4,45,-1,0,1.6412502376318199,-0.11138201012622737,0.3353165480344575,0.06100250125623091
4,46,-1,0,-1.5830493300860213,-1.189151352324288,0.14073825003517323,1.088992058570599
4,47,-1,0,-1.621947666792657,0.029110653589714,-0.06607312353926631,0.3584219797575955
4,48,-1,0,-0.3924999959593112,0.14564998868565893,-0.46551786281142593,1.5938432722416527
4,49,-1,0,-0.1601535659130528,0.04370296405240101,-1.491589197055176,-0.47470706640817506
4,50,-1,0,0.47264699843271535,-0.629936195508365,0.006988890932403287,-0.2970111714398299
4,51,-1,0,1.0667184333810251,-0.7982250089552907,-0.29505498287287074,-1.1496333214656884
4,52,-1,0,0.4744223035184597,0.42995393349964567,0.9163950165532119,0.07846658808395253
4,53,-1,0,1.7954328701282694,0.5143351202483218,-0.6011466566848167,-1.470161383100201
4,54,-1,0,-2.1352688017918284,1.0951939094494323,-1.2266765110180309,-0.14973909227656576
4,55,-1,0,-0.5156336421541673,-0.23752473058056242,1.6507445633965225,-1.42804115479039
4,56,-1,0,1.3470483106952604,0.11977012098992369,0.9385201141745466,-0.9593078202578623
4,57,-1,0,0.8969958213001575,-0.9502723245180867,0.305188939502761,-0.297233326379825
4,58,-1,0,-0.2082013956285198,-0.9530924518981313,-0.4567051713706007,-2.040922626219292
4,59,-1,0,0.9248084936827149,-0.8804391249349761,1.1439720071126191,0.6681815972644589
4,60,-1,0,-1.127891507143519,0.6342427808396139,0.6565295796198083,-0.5286611474921671
4,61,-1,0,-0.06213252171719579,1.0649952285790334,-0.7468500126091244,-1.057732295948961
4,62,-1,0,-0.6986027507166879,0.06266583510767562,-1.2859918412546263,-0.5838223739089875
4,63,60,22,-1.025411715110699,1.0647179959459918,-1.2708900469488138,-1.929407643843624
4,64,-1,0,-0.0018252218354745627,-1.3927768411424073,0.49140682994272467,0.6424081221013315
4,65,-1,0,2.8724196955227264,0.7632654069851497,-0.5838191285602583,0.5963357564698359
4,66,-1,0,-0.781466908311093,0.7342114830933292,-0.5007014016815738,0.37733417258735025
4,67,-1,0,-0.7512918467799357,0.6442640053469131,-0.27549855493009917,-1.4732961294179219
4,68,-1,0,1.573861569308835,-0.001003063949050615,0.4812048335553813,-0.0791438720509989
4,69,-1,0,0.6238954154258315,-0.557896072930891,-0.0665773738592645,-1.5379894782104306
4,70,-1,0,-1.7657869364796313,0.10514924418439955,0.8290951963931621,0.14348135939041956
4,71,-1,0,0.029751487020164124,-1.0407609208612438,0.14342291781760597,-1.9936413463627871
4,72,-1,0,0.40883101827467727,-0.7713370581509859,-0.6625083350605356,-0.846555069658721
4,73,-1,0,0.41650670462995676,-0.08291630576763791,-0.25816166868475904,-0.013263724109988063
4,74,-1,0,1.8591952143079247,0.03520222287492925,-0.4190004721877105,0.5007030956529366
4,75,-1,0,-0.48701145830406883,1.1972726122770139,0.9902106091916046,1.4685923621522872
4,76,-1,0,0.1280561772805864,-0.45399154063922936,-2.0829994118987774,-1.7802796976153261
4,77,-1,0,0.7764992854925769,0.07998905966852049,0.5798168982500205,0.3970545930072339
4,78,-1,0,0.6522230160459658,0.2646388226767417,0.916762879357785,1.0916564549228085
4,79,-1,0,-1.3155753740696863,-1.406721715105,1.0183182628629803,-0.8355464757148112
4,80,-1,0,0.7083535695667821,-0.9451557657918168,-0.05036909691404314,0.9331587102030361
4,81,-1,0,-0.9273581055838224,-1.2504197177612877,0.7199804001783933,-1.0539304731538939
4,82,-1,0,-1.8450164099063842,1.2097598302801107,-0.44743054759177026,0.015408069451157979
4,83,-1,0,0.4462563640852809,-0.5912063726471655,-0.5734648964864243,1.106017783935878
4,84,-1,0,-1.1681795350666857,-0.32424004902137693,-0.34978424611276593,-0.3675651380280444
4,85,-1,0,0.05973289022860196,-1.2675105892991856,-0.03380391621433035,0.1309760199162766
4,86,-1,0,0.9267169556309915,1.4228800853492656,0.7657568945854543,-0.2170710104223819
4,87,60,19,1.8933436469211753,0.9637002262755912,1.2669047277340495,0.48134449242776356
4,88,-1,0,-1.5112498452441223,-1.2058727522332964,0.530634338527996,-0.7594650408555078
4,89,-1,0,1.8982446558848283,-0.22246913196167606,-2.2057337979633544,0.19527036106394877
4,90,-1,0,-0.9509221948646618,2.4010624472573583,-0.4035726199754173,1.2836026273665433
4,91,-1,0,0.3382846501465288,-0.34991251246028354,-0.05829947099160632,0.9592520431730104
4,92,-1,0,0.584507702245783,0.3695001932145824,0.8403196604414083,-0.5086807718744659
4,93,-1,0,-0.5264172611923449,-0.17746359947343207,-1.7458499026187033,0.6409580526853729
4,94,-1,0,0.27713921553909293,-2.0847485541243396,-0.7074296028959622,-1.2971220031509159
4,95,-1,0,0.6213673057948317,0.056683297269859545,0.43442699526202344,0.7949721727290098
4,96,-1,0,-0.8151363031732983,-0.0866953271946516,-0.6613174018343007,0.5948235689875243
4,97,-1,0,1.4951330636043287,-0.28127694554609645,0.8864890171672171,0.4578624512603021
4,98,-1,0,-0.2923216781055657,1.9852632312778762,-0.39459595225907385,1.3680038004648616
4,99,-1,0,-0.474476355357493,0.7483914464498334,0.11651663831108466,-0.21461242943689587
4,100,-1,0,0.3224857973270843,0.5255760868335476,-0.30118481723283924,-0.7371473353828897
4,101,-1,0,0.2916088109407673,-0.7066322422788966,-0.03740648150799226,-0.056114673975675856
4,102,-1,0,-0.8078637183387092,0.07422556161511386,-0.3110783720399294,0.6769685545346907
4,103,-1,0,1.0581280113603388,-0.9474596241722284,1.1277148223500173,-0.8343538328631052
4,104,-1,0,-0.34213665829032386,0.736044799575385,0.14885163209563443,0.19501099273841493
4,105,-1,0,1.1979679414005342,-0.012922717478998322,-0.6439850275578748,0.508045227468155
4,106,51,10,-1.138035112224904,0.15328941255548484,0.9654744588511737,-0.15900891582184024
4,107,-1,0,-0.24522942730526687,-0.5525364438701998,0.8996239291205386,1.0991925383189263
4,108,48,9,0.31951987296356477,0.9267501151076946,1.390522154339433,0.4468904382179452
4,109,-1,0,-0.475739657795573,0.8347671207539883,-1.334259700551465,-0.6966451623500982
4,110,-1,0,0.19043975898795476,0.5426874542592448,0.19742308354843432,-0.5752265239156347
4,111,-1,0,-0.3543439529210456,-0.625895276865131,1.2967186978134198,-2.7473628453553314
4,112,-1,0,1.057701269583062,-0.3049400383104312,-0.5092030825227942,0.23642616578181835
4,113,-1,0,0.7128684801452426,-0.4998857144751842,1.292900698185595,0.2626927761487199
4,114,-1,0,-0.8888418602861321,0.7289347636872144,1.9435647741310822,-2.0938891326018467
4,115,-1,0,0.5786336350208232,0.20777720274267492,-1.039144658183236,-0.7860047400351188
4,116,-1,0,-0.297194251681644,0.28622886933885666,0.15814470886006823,-1.6156882547434206
4,117,-1,0,0.2821179614655094,-0.10547122458429493,0.34570331548066835,0.8168841698799133
4,118,-1,0,1.0632625029972302,-1.3114545697641318,0.27320085354827023,0.79985811515902
4,119,-1,0,0.6786944253934124,0.4919317819836757,-0.471592551616275,-0.7681927560406687
4,120,-1,0,-0.3257154753226201,1.2278514085262815,-1.1000198520276883,-0.5792618200075149
4,121,-1,0,-0.3580728174440575,-0.49111304852592763,-1.0587607854989713,-1.6428159882908866
4,122,-1,0,-0.15860245717197802,0.3600673975361733,0.4958857752718104,0.02278096623895984
4,123,-1,0,1.2383013060268535,0.21178245894527994,-0.8309133331690061,-1.1612697631630329
4,124,-1,0,-0.3681893643231711,0.32878581212359914,1.4666000623130513,-0.6697030745579173
4,125,-1,0,0.8643162908493527,1.4485712288753476,-0.14738997990525934,0.8578573726831802
4,126,-1,0,0.039978915949116185,-0.7778846397541072,-1.70520190567149,1.3672603205973977
4,127,-1,0,-1.3333521108361672,-2.3725950614569005,-0.8163319264448093,-1.6287854378269173
4,128,-1,0,-1.7711643884159216,1.8319415161268218,-0.47712734358003506,-1.0157286596252844
4,129,-1,0,0.7040310269830367,-0.9515938655221824,1.4766409154803333,-0.534555762664333
4,130,-1,0,1.0031965663678872,-0.8101543531594134,0.8389991693393378,1.8018282785985487
4,131,-1,0,0.16143058262934193,-1.379353661409426,0.10982229438997544,-0.7383598539133146
4,132,-1,0,-1.0095296454874252,-1.257392090955312,-0.4870487953094434,1.2679908797417718
4,133,-1,0,-0.11498982234417958,-0.22256612758448086,-0.954799767971266,0.07246450049789667
4,134,-1,0,-0.08461570683664046,0.3686961183688919,0.3396518598576467,-0.8637831682186548
4,135,-1,0,0.7697555066466905,-0.8827080728386065,-0.41330545663137935,-0.3401585920716425
4,136,-1,0,0.37094928521136533,-0.5132463078230994,0.36218909454118614,0.9324224129006071
4,137,-1,0,-0.8483782639291227,0.3181110736885224,-0.775427666238722,0.9274894836031192
4,138,-1,0,0.360737052534445,-1.1344251105042367,0.5204113364042361,1.5019040524942036
4,139,-1,0,0.7093868022697732,-0.585592469141626,1.6375920377932989,-0.41240112827949826
4,140,-1,0,0.2880890862914549,1.0489594486704459,-0.38477429443623834,-3.9917786727723024
4,141,-1,0,2.0899848873841362,-0.907474375186317,-0.548380544134985,0.4378406862402285
4,142,-1,0,-1.465674740661459,0.29439118948269233,0.9341967774223099,1.7304815695436595
4,143,-1,0,0.07494754631693838,2.7952734582537535,-0.41869941291899027,2.7310495810663022
4,144,-1,0,1.3822669752452799,0.12279861621026551,0.24848444669614386,0.1994723113428077
4,145,-1,0,1.30420879244365,0.5486235505391432,-0.3001245023621194,-0.7635363296210023
4,146,-1,0,-0.7584310350461421,-0.3142709146882212,-0.7730899620516374,-0.783271725254879
4,147,-1,0,0.4856335345129632,-1.8978906645124611,0.8418078749699203,0.14494129409736012
4,148,-1,0,-1.4178477399264149,1.5646297868603827,1.0717765772044427,-1.3540206279399931
4,149,-1,0,-2.3896808657730153,0.9953127063598132,-0.4464516420677134,0.493798773128929
4,150,-1,0,1.3390451081054127,1.3237860759790365,-0.024046588957767522,1.2623440406687487
4,151,-1,0,1.2595964031616391,1.618189330243961,0.6132122067224166,0.8121596920103779
4,152,-1,0,0.09358326710942048,0.855740405398471,-0.6623602990493971,1.2178198582760742
4,153,-1,0,1.059678042380108,-0.023936014813434006,2.1563937288181334,-0.17336750694275985
4,154,-1,0,0.8764598701932165,0.33352726672267113,0.3991599640056933,-0.5007174602809847
4,155,-1,0,-0.8642649580950932,0.35914284039957384,1.0167550202568205,-0.6685733471178896
4,156,-1,0,1.4009959917855261,0.7752677102251156,0.2885054112592765,1.2651349883690355
4,157,-1,0,-1.2151288680397554,-0.8685218754646511,-0.8051893170488047,0.31680542665287864
4,158,43,10,0.8497708401791052,-0.5501095844036498,-0.009784128415436558,1.171966606292934
4,159,-1,0,0.20259340762239147,-0.44176526474800104,1.249813193276699,-1.5340096574740003
4,160,-1,0,-0.26146028906185814,0.17415502508976718,1.529342509820807,-0.6331732301971119
4,161,-1,0,0.1624374001105402,0.3902539553460929,0.2547199282131171,-0.09569324215857829
4,162,-1,0,-0.3029203483443059,-1.4237552254368449,0.11331447366772926,1.6170841870804753
4,163,-1,0,-1.777206179356868,0.9402886481192352,0.5931932309159937,0.1554626802293616
4,164,-1,0,-1.2501248020087725,-0.5845584065970856,-1.4860076838444356,0.5406688589355179
4,165,-1,0,0.21489057106217538,-0.5313919714629189,0.6741982795941129,-0.4247041872826871
4,166,-1,0,1.5614310161700489,0.39302257465523877,1.9149158076896584,-0.5146402482162319
4,167,-1,0,-1.3266169520188387,1.2174295701495592,1.5733775203323837,0.30884649792300195
4,168,-1,0,1.2910269723289838,-0.7277251796514532,-1.7376802767908353,-0.1982946657785675
4,169,-1,0,0.4805894650420451,-1.1372770005453887,0.3799258087337853,-0.6186723126521744
4,170,-1,0,0.8126919588773817,-1.7173387398891122,0.12439049389941857,-1.5914622121651156
4,171,-1,0,-0.43079486656764954,-1.0920466049272384,-0.7256732823527509,-1.348125108567652
4,172,-1,0,-0.6972653989893656,1.1125539370250592,-1.3907859066372765,-0.9957183992794809
4,173,-1,0,-1.2475289697535645,0.9999453093151832,0.6605475596203794,-1.3611241269690502
4,174,21,16,-0.25427362214056975,0.9839981164201878,-0.8858311997818987,-1.1454789693055125
4,175,-1,0,-0.8843442008719167,-0.488368032882175,-0.4730142181645945,-0.6670424529555656
4,176,-1,0,-0.5852734271044995,-0.7267711774133461,0.36310188200230653,0.8289449912753939
4,177,-1,0,-1.2372882534484038,-1.9653718473499737,0.16510039656140846,-0.6260175268914013
4,178,-1,0,1.735438293708571,-0.4264766546604064,-0.6054770795235986,-2.3462381896981577
4,179,-1,0,0.6496672408129409,-0.9460818127111867,-1.1185091530814268,-0.6005510653128089
4,180,-1,0,0.4805743326743151,1.7778514598072213,-0.20632500472524748,-0.41110666873304963
4,181,-1,0,-0.27132739562060143,-0.7040008631303102,1.713725440299152,-0.8100373280328395
4,182,-1,0,0.18780233081967082,-0.21530782609124105,-0.5360977625366998,-1.2167754632266539
4,183,-1,0,0.4800658441993748,0.3005977484189004,0.49908340685828917,-0.4578406244131143
4,184,-1,0,-1.1485527743473507,0.2681625722964851,-0.7827116101437334,-0.08163611066433454
4,185,-1,0,0.45841226083184616,-0.00225643202521299,0.3275345019749637,-0.17575113357740427
4,186,-1,0,0.19204957622510205,-1.8041765399885006,0.16846678830694956,-1.9933740136029963
4,187,-1,0,-0.6233015033601224,-1.8922625661924914,1.1987624568385562,0.6805665790914661
4,188,-1,0,0.564908289325278,-1.6585281149241557,-0.5980525321184992,-1.1466268265604713
4,189,-1,0,0.8957352548357358,-0.7497267618497793,0.6225033900432181,1.0411436294791268
4,190,-1,0,0.3447005719767541,-0.9066992256767005,0.6921332315363464,-0.6991921619566738
4,191,-1,0,-0.21220596478188047,-1.017027381924897,0.7350440412185534,0.19652305133410278
4,192,-1,0,0.4716359716036414,0.5381490339664787,-0.42776888359224313,-1.2513435877655206
4,193,-1,0,0.608208874951889,-1.081801972964585,1.6434796457982626,0.765714830786329
4,194,-1,0,1.327904277802066,0.999148642626599,0.5284031392828051,0.3905757374985297
4,195,-1,0,0.5079005422933527,1.323536955672376,0.35888192177380446,0.5259387151948889
4,196,-1,0,1.2902831364041933,-0.06308435385176295,1.435244095867997,-0.9089766177105532
4,197,-1,0,-0.9228540503337811,-0.5679723495480103,-0.7519657947287992,1.3355407107346575
4,198,-1,0,-1.8421732902286045,-0.6120457921114763,-1.3283595268817474,-0.23797018946968224
4,199,-1,0,0.02659892532063947,0.4439452022367079,0.6596216316277952,-1.361197229355006
4,200,-1,0,0.41348191095504094,-1.2084120940831187,1.5133146116283922,-0.7962772736602535
4,201,-1,0,-1.2929103912832833,-0.83175771257059,-0.4048445060604132,-0.010309337043935237
4,202,-1,0,-1.3912757717689053,-1.151057898231755,-2.0516367945149163,-0.9442430289041053
4,203,-1,0,0.20703558731145408,1.2419941372369907,-0.3756754586143578,-1.7270911390874761
4,204,-1,0,-0.3018832464753831,-0.34418745648188365,-0.275085547773165,-0.3540504931019827
4,205,-1,0,-0.6925924592745131,-0.7419001058085867,-0.8019367053455705,0.5747743243379951
4,206,-1,0,0.3079893155256338,-0.20987578025146628,1.0349341858258367,-0.6964656545118233
4,207,-1,0,0.9724431410492496,-0.028334801512636683,0.49684836817668504,0.43822253927997096
4,208,-1,0,0.003300202158788784,-0.7589993914226314,1.1909710518862135,0.5764491695328923
4,209,-1,0,0.3961718034842116,-0.8132410017372429,-1.3677913611529715,-0.8070412085562364
4,210,-1,0,0.021326810679772303,0.2518274846250036,0.037499516931255854,-0.08579649806106614
4,211,-1,0,1.8253223209101885,0.08503092734650322,0.229519371102815,0.09167992340413122
4,212,-1,0,-0.007557123485790745,-1.0894296250292126,-1.3868970174055388,0.2951633002600579
4,213,-1,0,1.3958235848739418,-0.199759257618212,-0.4895742520064901,-0.3822288860253775
4,214,-1,0,0.12975559253739674,2.3947307921442915,0.9986505805899528,1.2823855421568569
4,215,-1,0,0.48519894581257084,-0.2208323552668653,0.8464992935494567,-0.3058306813591647
4,216,-1,0,2.076370914516524,-0.3641599633371872,1.1458430237722803,-0.6351103449770522
4,217,-1,0,0.39090794559689995,-1.1216018419388967,1.114134988381732,0.4652478447476388
4,218,-1,0,-1.1927798762146349,0.27639567488883954,-0.9587159536839835,0.5703023010596789
4,219,-1,0,0.7495625985744588,1.1320134678327567,-0.7163881439160921,-0.6387177199000454
4,220,-1,0,-0.5014852525233179,-1.0529067281135218,-0.5687329917100159,0.35655224429309584
4,221,-1,0,-0.2616167327638052,1.89404857444252,-0.28133888999665646,0.47184719491237576
4,222,-1,0,0.6471429340370395,-0.3729838457933761,-0.7456463503415945,-0.7315657982508712
4,223,-1,0,-0.9549319930028378,0.9618888168332248,-0.07567192106241565,-0.44642343472072293
4,224,-1,0,-1.2094415296682182,-0.7187335230251893,1.8120274277781416,-0.08932264928367935
4,225,-1,0,1.2969989917955465,1.4505353255782876,-1.7773820398911653,-0.6515464681190979
4,226,-1,0,-0.590017137664064,-0.4632391666125109,-1.1181136473230504,0.7999796357297103
4,227,-1,0,-1.1163242525126773,0.9982532486698333,-0.6403833499817972,0.8650963112923369
4,228,-1,0,-0.9913485401954543,-0.5787885214027924,0.4495682913906197,-0.7423808974843313
4,229,-1,0,-0.520016993157924,-0.5329837831528161,-0.18947913251128035,0.991312706217078
4,230,-1,0,1.1735614721799252,-0.25485804249441146,-1.5438956253306668,0.484307449069687
4,231,-1,0,-0.6179995207261378,0.3444847267403391,0.6916007341297119,1.0871477298221321
4,232,-1,0,-0.704080925556482,-0.22733802486452717,-0.6871451247765267,1.3454059985836688
4,233,-1,0,0.5460342224940465,0.2151545148601322,-0.5425097004758583,0.9911570002182434
4,234,-1,0,0.6886315146823404,0.8630877450567906,-1.6848775084231302,0.8886452081981068
4,235,-1,0,-0.18100115261285088,0.658091829471665,-0.9656681759921548,0.6071730289075654
4,236,-1,0,-0.5397819996479833,0.4413169500229372,-0.47281680079426264,0.592320002498181
4,237,-1,0,-0.06986575528552941,0.7415059319450156,0.7708077660121787,0.25140305887937325
4,238,-1,0,-0.47615601304561167,-1.1289991175172296,0.9965136467121002,-1.8024288037409655
4,239,-1,0,2.0290090905618943,-0.5585736887517887,0.8919089896984986,0.790880049422931
4,240,-1,0,-0.4231777584089902,-1.8176023817976745,-2.1524675216875044,0.21928015808154291
4,241,-1,0,-0.36988144902949577,0.1801268894002171,-0.7530391645288417,0.10876772653731373
4,242,-1,0,0.33200035756530233,1.5620017949485476,-0.3133068756889983,-0.7720412943933478
4,243,-1,0,-0.3321532028290645,-0.3079603417500803,0.911407135923113,0.8918839534790592
4,244,-1,0,-0.20998549872512426,0.39014487731857894,-0.182449870254822,0.9297769316009773
4,245,-1,0,-0.6411214492920563,1.399595343938085,-0.6469902676478968,-1.1478454812650254
4,246,-1,0,0.03595831247174682,-0.7937528355902793,0.35948374100431923,0.9446711983734094
4,247,-1,0,0.13810525659416872,2.188737034269009,1.0214660105017581,0.1526146459825388
4,248,-1,0,-1.5657983047683446,0.3199300045176399,-1.264719485043055,-0.7618524740137583
4,249,-1,0,1.1437377334132686,-0.8741668888919361,-1.786446780978907,2.4930703156953515
4,250,-1,0,0.6839299982571295,-0.2803156902402517,0.2307720760064067,0.36821893814638146
4,251,59,22,-0.16714570415728527,1.638410927847329,-0.40924518788154435,-0.13066314457797748
4,252,-1,0,1.671328871571242,-0.7281843448374672,0.5709611225073881,-0.7223404580340078
4,253,-1,0,-1.1515992904828716,-0.7746330625970241,-0.1779851500624183,0.16306367294507743
4,254,-1,0,0.8337931836696357,0.512149474623484,-0.029606087388204742,1.9252192228366825
4,255,-1,0,-1.748989112245775,1.550209576863129,-0.8777996666247804,-1.859454653373175
4,256,-1,0,-0.7906957819661199,-0.6443878729019262,-1.234413843398947,-0.46173576910136727
4,257,-1,0,-0.8765635372131848,2.2224124174896716,0.9848490428847343,-1.6923474201539603
4,258,-1,0,1.16343005234589,-1.7259855707582799,0.9932197948194968,1.1196490832019295
4,259,-1,0,-2.7197309520293467,0.4971607230071751,-1.0331724732764656,-0.13045113337614578
4,260,-1,0,0.10122351704652245,0.22768645796366763,0.024187549004446956,0.28099623275490765
4,261,-1,0,1.0229379230575528,-0.8681155385775923,0.4664286407746212,-1.8106712546646995
4,262,-1,0,-1.762478790713839,-1.0646040665382688,0.2849805996825222,-1.7455931655664225
4,263,-1,0,1.296783731592623,1.042842632428581,-0.8126507497816942,0.2454424753428166
4,264,-1,0,0.31586511949006285,-2.0036864153447467,-0.37494124842639576,0.4575575402270157
4,265,-1,0,-0.637760738408983,-0.5187856092449544,0.6785118868762627,-1.3161051569889133
4,266,-1,0,-0.5130323608265123,-0.03396585288603392,-0.38722489440676816,0.8724500661082689
4,267,-1,0,-0.008799887237567803,0.20063676574702446,-1.6595464702927547,-0.3216642289717298
4,268,-1,0,-0.5095478828759884,2.0866523699377004,0.26463311334615236,-1.2795344724922397
4,269,-1,0,-1.0349871993095785,-0.248566723434559,-1.5517793805148985,0.1810874319892605
4,270,-1,0,2.1799090266178163,-0.5532626636106325,-0.33578225017770214,1.3082384061153167
4,271,-1,0,2.1686180967332915,0.2109808513767928,0.560144491522652,-0.17757391646244838
4,272,-1,0,0.3349131327676785,0.4554010812782011,1.1181202310090093,0.4104500545122781
4,273,-1,0,0.5836069182518377,-1.2832015799094498,-1.017291953401497,-0.5889591165475154
4,274,-1,0,0.587366059862231,0.5057685701059561,-0.09676294801537841,-0.8039150767803707
4,275,-1,0,0.3250971999536465,-0.8465080700709833,0.4348476374471312,-0.3598435393346784
4,276,-1,0,-0.302190489103366,1.4320849402768308,-0.9482782264651106,0.7374141752218047
4,277,-1,0,0.6291412125689073,-1.0423219142279767,-0.3434260457197399,0.10304683523521681
4,278,-1,0,0.24717128784314193,-0.7686341208922653,1.3559432690830109,-1.5917777412204797
4,279,-1,0,-0.3815775385527428,-1.8154909881694685,0.5519285404916398,-0.4046498728279524
4,280,-1,0,0.10550145588797215,-0.0700868835361263,-0.08154476485446517,-0.1990681561366982
4,281,-1,0,0.5903418553845198,0.7370812654575001,1.2227776388701093,-0.2658513214105654
4,282,-1,0,1.0293705139904674,1.2157501299417492,-0.05835685082442238,-0.5260342907140594
4,283,-1,0,0.3422539354529918,1.6328106222853667,2.1328073122774116,-1.2107340531864998
4,284,-1,0,0.4596698522896698,0.29484921474187803,-0.8720839423015586,1.744829590581588
4,285,-1,0,-0.6991029729831577,1.4464422403366684,-1.0514741669471164,-2.3171365282220218
4,286,-1,0,0.12814683541049912,-0.5909833359586475,-1.2930701929027832,-1.5237420437352935
4,287,-1,0,-0.42060394569099513,0.7970676204702549,-1.0326069589419447,0.7385954762520236
4,288,-1,0,0.17887210745921733,0.026381579586661926,-0.8155620596111247,1.2288706094945299
4,289,-1,0,-1.370117643403537,-0.1535552621468149,2.2602824502925256,1.2247989646352238
4,290,-1,0,0.7328040439452115,0.1510748279842487,0.7231793651828369,1.927385607242714
4,291,-1,0,0.9918867779382756,0.7293281038488647,-0.5423414794706443,0.7292448526719878
4,292,-1,0,1.0965811365104463,1.6906845000234723,0.9409028165897217,-0.7336414209684636
4,293,-1,0,0.23164988102158962,-0.6628000113294499,-1.9051949137488846,0.48421441535268894
4,294,-1,0,2.274468734279358,-0.308247954681465,-0.6634056695058509,0.4375242285339061
4,295,-1,0,-0.8314951714437868,1.515781390547871,1.4342601518716755,-0.3502986848659645
4,296,-1,0,-2.1377629960622038,-0.36962068172487234,1.3584332136130706,0.6894880236460225
4,297,-1,0,-0.6103630768137697,0.7801986258834263,1.2898515780000885,-1.452996131163768
4,298,-1,0,1.0143178598107496,0.3115343151069711,0.17636743339102176,0.09741869193856675
4,299,-1,0,-2.5362874262931396,1.2643186349097548,1.8687753802137572,-0.964451284468135
5,0,-1,0,0.23887700946679738,-0.35552634178496845,0.10383460819030793,-0.9538744640493382
5,1,-1,0,-0.3209018047997088,0.548415954082607,-0.9221066087545812,0.36243330621249276
5,2,-1,0,-0.9863946196676514,-2.4891045729549135,1.200316629495493,-1.2195813689916923
5,3,-1,0,-0.8479506323297356,-0.4597060609994458,-0.5016824816875189,-0.9599392339731267
5,4,-1,0,1.735348440150282,0.25246998154919303,-0.5008582389328358,-0.01659259882805953
5,5,-1,0,-0.14889924690107628,-0.10023845484844947,-0.34519605865389086,1.096446463691852
5,6,-1,0,0.032205158681286615,0.3003831090295173,0.07432570075465553,2.2243677132546433
5,7,-1,0,-0.3466217543500812,-0.14361454114333339,2.0826871151689663,0.08996746124118718
5,8,-1,0,0.48608702225058675,-0.9026028981793927,-0.4571646049415568,1.0516219484853453
5,9,-1,0,1.6571324010018085,0.9957132703090685,-0.4754741423530454,-0.041567970832569544
5,10,-1,0,1.1353661752330988,0.4497837652283602,-0.6356520269773828,0.6746817355394448
5,11,-1,0,0.7318887480406531,0.5330355326064296,0.02449233131122764,-1.2037215851933567
5,12,-1,0,3.3869269925041547,0.27133823453954364,-0.39796876783350726,-0.6594844962835757
5,13,-1,0,-1.1461224231698646,-0.020539351287795698,0.5572047434999378,-0.1954147400419429
5,14,-1,0,-0.5881483199845776,-0.4178919602698446,1.317956739404442,1.4699899711361482
5,15,-1,0,-1.2296182291894415,0.36170814552895686,0.5765359762563719,-2.090072748447296
5,16,-1,0,-1.204010634627798,-1.968330978043357,1.064233777459107,0.8152093478056522
5,17,-1,0,-0.5413988828458635,2.716481359309988,-0.13224868959341662,-1.3709510859771101
5,18,-1,0,1.6674235996061395,-1.464545910759196,0.9185423576323669,0.4003045663738286
5,19,-1,0,0.6714489243950331,2.360104901313501,-1.6869542431341331,-1.077454244187083
5,20,-1,0,0.8571401690941917,0.011369176402207434,0.026012180042355854,-0.6087607384646203
5,21,-1,0,0.8799612197429746,0.15681609089223475,-0.3745803002020238,-0.810954660564194
5,22,-1,0,1.6056130078913784,1.5907549559107208,-0.10445431464174697,0.7624952955006801
5,23,-1,0,0.35014472112302153,-0.5806121343835773,0.04058256494353831,0.3018114080762656
5,24,-1,0,-0.295028602095122,0.3482152674940096,0.024112114925280436,1.0587293528776534
5,25,-1,0,0.6441924877230404,-1.7788913656453846,-0.3260260891696832,1.1981477973178256
5,26,-1,0,-0.5220405338448341,0.9403544399065245,-0.35861319258485497,-0.08354743419966854
5,27,-1,0,1.2940791424978255,0.9168617251117152,-0.8898860969559551,-1.3422350624166492
5,28,-1,0,0.523600929265196,0.7194951851504958,-2.2478994747534395,0.009723794225018024
5,29,-1,0,-0.33685041305470886,-1.1194623610792935,0.17107625310756805,0.25134350668438515
5,30,-1,0,1.2460637106278505,0.1540889942558123,1.095975612028243,0.27434704088562906
5,31,-1,0,-0.19164906319602082,-0.41821231657731456,-1.050148375352631,0.6057299171903062
5,32,-1,0,2.8364925445043228,1.4074149482059752,0.17277967259046498,-2.2702819388847364
5,33,-1,0,-1.2102628768283124,-0.5322123868439755,0.1867300328945676,0.616563767551454
5,34,-1,0,0.9043462681033686,1.8390014984517402,0.014479957332579119,0.3375472081062293
5,35,-1,0,1.092463830621826,1.0282126111690266,-0.3014185169909823,0.1735742542243658
5,36,-1,0,-0.41330898632662005,1.700465506956465,-1.7704077774570408,-0.7144835749237082
5,37,-1,0,-0.4569020539772062,-0.3485887103114647,-1.4422981678900244,-0.905129249371794
5,38,-1,0,1.0693354515039006,1.9092264631514178,-0.8628319633307616,-0.21829543565456339
5,39,-1,0,-0.988203337273294,0.34922958931136333,-0.17392414597962907,1.1650948225519875
5,40,-1,0,-0.36088530848722233,0.5377408437649069,-1.4093237853027691,-0.04492364388773622
5,41,-1,0,-0.2001297399373901,-0.5707509550050659,-2.476985213483124,-0.20517865436178542
5,42,7,17,0.5141528632652831,0.1131713516787511,-0.696769589805635,-0.6710070942699639
5,43,-1,0,-1.0531824161939696,0.13959104119262267,-0.07298312442817881,0.5682706646753048
5,44,-1,0,1.8118620814556576,0.4076574562550561,0.16007916794755223,-0.5234578364402644
5,45,-1,0,-1.9656004068728075,1.4313728262416778,1.0029807800109662,1.0271434881019466
5,46,-1,0,0.12879646594234168,-1.3333287211709832,-0.9203310324428032,-1.9018365746626174
5,47,-1,0,-0.4121260929072028,-0.775764976469047,0.8753859279788885,-0.34964217490988936
5,48,-1,0,0.09544075393834156,-0.1363444393423146,-1.1344513820588562,-0.4829000365897305
5,49,-1,0,-1.1682274398145207,0.5519434971563654,-0.9726731293929594,-1.7774984996152987
5,50,-1,0,0.2920394585711516,-0.2478004812788929,-0.7353202222000716,-0.6623737894719822
5,51,-1,0,0.4239243654827268,1.6426484785572868,0.8125810722412562,-0.7216236187238799
5,52,-1,0,-0.30623784486721334,0.3885783032054933,-0.42879361235787317,1.5065856701747473
5,53,-1,0,0.04885817268702045,-0.7553504535568049,-0.05821197715904957,0.5566413424660875
5,54,-1,0,-0.6752635339342211,-0.15043342568975707,0.10892992258452747,0.694205176992733
5,55,-1,0,0.8066363385318436,2.145029681240006,1.8099373615244514,0.8767594862010225
5,56,-1,0,0.9573072637719543,-0.07562614323057185,0.48401667659112513,0.5053822311091827
5,57,-1,0,1.2275284868852583,-1.3631624462693848,-1.0448213318382533,0.2631552336194017
5,58,-1,0,-0.412624113603304,-0.10930452336307603,-1.4251078060422189,-0.8496787397124596
5,59,-1,0,-0.5330384054366624,0.8792081983380247,-0.13491350250489395,2.082680189129702
5,60,-1,0,-1.7705992838601363,1.1732066505083163,0.6402615132359357,0.09082536691373592
5,61,-1,0,0.6083365573809755,-0.4783943482101159,-1.3203321849760346,-0.7666735958739546
5,62,-1,0,0.14266295445471575,0.39546942289942993,1.758811493907229,-0.8165664965432828
5,63,-1,0,0.3667620251838907,-0.7594222260797081,-0.695818045999242,1.289428894790519
5,64,-1,0,-0.1345754667645126,-1.071311431221578,0.4190305938580866,0.8512108924778948
5,65,-1,0,-2.2105674483049804,-0.6953310062238558,-0.2508696591374864,-0.8242481733948438
5,66,-1,0,-0.5495919795901296,0.04915366314935841,1.254281205247504,-0.14747839533571552
5,67,-1,0,0.48696368688963576,1.0441089349564847,1.5395496824414658,-2.0200524874229915
5,68,-1,0,0.2418777264848988,0.5582765488072713,1.139631634310326,1.1631426757816585
5,69,-1,0,-0.7018092286383877,-0.4427474815415311,-0.9223983271309192,0.30958107179378513
5,70,-1,0,-1.6516228725789184,-0.5502501724977559,0.6605461400352617,0.042303052634282676
5,71,-1,0,0.28221085414676905,0.3424760700953362,-0.9584604617381999,0.0037260105683181205
5,72,-1,0,0.49730445469611684,0.4451380330220581,1.1268802400804772,0.6755701300827218
5,73,-1,0,-0.06342685610344578,-0.46555986974014,0.4580850604810656,1.5515550539808654
5,74,-1,0,0.09011267975080924,0.4908083013837626,1.4499981060270526,0.5160569494384306
5,75,-1,0,0.6426943551693246,1.5108804435976069,1.368849199630843,-0.9237562500514196
5,76,-1,0,-0.5562044164397303,-0.3727657327742752,-0.20604124256736478,-0.5976274637215924
5,77,-1,0,0.27057063658872404,1.6374096454840907,-0.3455774182909577,-0.8066510793428154
5,78,-1,0,-1.9534393408815625,0.15608393968092554,0.9219622527175141,-1.459447452534361
5,79,37,15,-0.6515532663972721,0.5318571304490922,-0.021077545403833428,-0.3206884970914437
5,80,-1,0,0.12220303993620721,-0.6209857590423167,-1.9742340251013413,-0.8003682938432005
5,81,-1,0,-0.6013990261956386,0.8844860212009299,-1.9281861686483068,-0.3878909133054998
5,82,-1,0,-1.4135097999705681,0.07326623275485296,-0.03406976905280364,-1.0298957681399978
5,83,-1,0,-1.2220225365060229,0.23304511515927578,-0.776495762606853,1.176526480322104
5,84,-1,0,0.830555949073218,1.3474217481707718,-1.4258052173092681,0.4511533770309342
5,85,-1,0,-0.13739223642284915,1.0611430965700062,0.09074290010494634,-1.3468028365461462
5,86,-1,0,-0.508751325782994,-1.4832079679298464,0.11021503815439396,-0.15813098120637062
5,87,-1,0,0.32675657268196795,0.17670573851766894,-0.9783242203966216,-0.5639711277165913
5,88,-1,0,1.1485431339013599,-0.656022200071148,0.411683590754753,3.179329192129673
5,89,-1,0,-0.13566456688667372,0.22011334046610592,-0.7195291134145692,-1.7996537704323332
5,90,-1,0,-0.28170751432229446,-0.9556904484511028,-1.7660478928330612,0.45810090860736785
5,91,-1,0,-1.5922432313632529,0.4256344663731148,-1.0130024628432215,-0.7947537425268933
5,92,-1,0,-0.3518644036793438,-0.6782819293870174,-1.4912591813895884,-0.5898665983780028
5,93,-1,0,-0.10463446231586924,0.22390876728093087,0.6849514016930397,-1.1473868135787404
5,94,-1,0,0.5041914264030211,1.5161016612077611,-0.2644859890651873,1.225549272202997
5,95,-1,0,-2.224017377628078,0.6006781800573897,1.9453421296110527,0.5483092742849064
5,96,-1,0,1.6184536507388083,1.118118245190147,0.17617643298388438,1.0705188309857134
5,97,-1,0,-0.817234957886037,0.609234156991765,-0.8336909563266607,-0.3228167324675979
5,98,-1,0,2.934328005908308,0.5527346672347059,-1.70291523178607,-0.131027878294771
5,99,-1,0,0.45421192569101015,0.3094181074418925,0.29669724142376513,-0.4946830070893843
5,100,-1,0,0.33002137173924184,0.35556709932940805,0.5541009424505555,-1.4906694083592453
5,101,-1,0,1.3075138877919175,0.3173418595113331,-1.985435511483742,0.32934475521342765
5,102,-1,0,-0.04429463304183499,0.5960501734571919,-0.06151094667051661,-1.3777994427881215
5,103,-1,0,2.037471755336339,-0.06317613147115006,0.7618146044108276,0.6106444351856758
5,104,-1,0,-0.1536337195961819,-0.9640202451226112,2.573333195729106,0.44390834124690376
5,105,-1,0,-0.06215580800655893,-0.32090392752303,0.6812591869483443,-0.7748273366623173
5,106,-1,0,-0.23106442018417236,0.590920151587722,1.401192189887102,0.2798722928466109
5,107,-1,0,0.8623104742712203,0.9117755635112973,0.5241834560183856,0.8179362455565897
5,108,-1,0,-0.634871264993659,-0.4756206135768093,0.3916052593958719,-1.1073068670904995
5,109,-1,0,0.9663967841448865,-1.1887914866792657,0.8103744965199421,-1.302627602941498
5,110,-1,0,0.8365849281257479,-0.31945964747363415,-0.5276051347156969,-0.6852658276243601
5,111,-1,0,0.03221284250489752,-0.20456589576731796,1.44085904889661,-1.9551084869105744
5,112,-1,0,-0.8142114095305573,1.0864626402351574,0.8551153768865863,-0.46985539086141126
5,113,-1,0,-1.9698760964535347,0.9061635080125368,-0.2555060674721232,-1.4534668601677472
5,114,-1,0,0.015084895813791252,0.976939797949036,0.22290954729239587,0.19409732593446055
5,115,-1,0,-3.000764030280328,0.0335424480926655,0.9451573879647511,0.4711684329873718
5,116,-1,0,-0.6558670739624688,-0.6571513901073539,-0.6630897931834874,0.09838748455251675
5,117,-1,0,0.012950451209056083,2.409732892930149,-0.5086512151806487,1.7402540111292282
5,118,-1,0,-0.7223272955412914,0.34886366066465785,0.8721699202927424,0.5175450350716883
5,119,-1,0,-0.029449887786317783,0.49766488396976144,-0.381031285552638,-0.8332969046060452
5,120,-1,0,-0.006741971266897411,-1.169081293222083,0.11471844972975709,-0.39870540873252025
5,121,-1,0,0.704450808938955,0.8694731156850103,0.47480946592756956,0.49711502407446095
5,122,-1,0,1.1042078955455163,-1.800903370621469,-1.2822910634266917,-0.03191669339307991
5,123,-1,0,-1.2308289727457935,-0.23666133021196,0.2291853953200966,0.605585425886362
5,124,-1,0,-0.27147474028253266,-0.23800130151145554,2.1505124327379783,-0.18687307264259378
5,125,-1,0,-1.819019194123839,2.123674326964121,0.05412801076635714,1.1909815503629986
5,126,-1,0,0.45670201845523956,-0.6953193623175584,1.2900712396202567,1.261267519428825
5,127,-1,0,1.9829177325096874,-0.4952077154492735,1.1169738790875734,2.363821672679281
5,128,-1,0,0.12914385256734215,0.31809802972473633,0.6246748246965453,1.4640946052024246
5,129,-1,0,0.6960010862073193,1.4260422439273923,-1.5908506741226458,-0.8600674142300585
5,130,-1,0,0.3453510422591972,-0.051662319811717636,-0.18044327973695226,-0.7863595685238144
5,131,-1,0,0.8898764238894773,-1.3281009723221757,0.4374847419108433,-0.9713360084644174
5,132,-1,0,-0.41508443461940475,-2.174649338045972,-1.7835692558836624,0.3522016529722284
5,133,-1,0,1.7439688447640842,-1.5371560779363904,0.29904909308609684,-0.1970577043112676
5,134,-1,0,-1.0184932997778557,1.1107965462256437,-0.4011111483601352,0.483902213046093
5,135,-1,0,1.2225294528583484,1.1256406312143676,0.6892167353555404,0.2377638097073901
5,136,-1,0,0.060321461196076356,0.8384045192484805,0.2970607942592822,-1.2597237433953994
5,137,-1,0,0.9830116334278758,0.2935861684386137,0.13569438809517656,0.017467243708904068
5,138,-1,0,0.10456700849706063,0.3503824243132598,0.011730968420003839,0.2982307619904596
5,139,-1,0,1.0022538152224323,1.1862490916465314,-0.4165744971727984,0.2288864618235941
5,140,8,24,0.5387867314836745,0.8686791161992722,-0.1456055025020503,0.3016620987806349
5,141,-1,0,1.3417456598787505,-0.0960451412225315,2.6072565802195573,0.93848335892259
5,142,45,19,0.572913361175548,0.8920944910674576,1.629379540249663,-0.7828015694047943
5,143,-1,0,1.1671425404995455,-0.5063260690421978,1.2940619886661595,-1.0105647666539321
5,144,33,23,0.03644572701543374,-0.5759880087672,-0.23869055911027304,0.3588188406456405
5,145,57,19,1.6280368177468012,0.10557228361760135,0.01418175660545993,1.767667128776745
5,146,-1,0,-1.4680055930527676,1.082453710961246,0.323567744765611,1.1785040403511409
5,147,-1,0,-1.8867784063878807,0.46523948026301826,-0.24399412302751233,-0.8920234664447695
5,148,-1,0,1.3657778371289886,-0.028055735800842658,-0.17981293033041207,-0.25753223109177953
5,149,-1,0,0.5482915008590828,-0.6514176820284214,-0.25328813386059823,-0.4362924623450673
5,150,-1,0,-1.2339339323724112,-0.4976609618205698,0.7710879690896202,-1.2473977350891854
5,151,-1,0,-0.4853926042190867,-1.3703940229796798,0.9272858930912489,0.6730305434477516
5,152,-1,0,-1.0167754214232079,-0.6565668394862001,1.9804389226603905,-0.40516920174794224
5,153,-1,0,-0.40145181150327136,-0.7349322886238201,0.6992444794703467,0.24526841597362065
5,154,-1,0,0.7279505343739598,0.5977384997115786,0.5045336976475059,-0.1818873280737394
5,155,-1,0,-0.15894735066106053,-0.08006802712996595,2.2677391825716544,0.4931819776559737
5,156,-1,0,0.33355595405039346,2.512022041726679,0.9795571515727558,-0.4978927514019333
5,157,-1,0,0.5222037104918279,-0.05583079180603738,1.3265961561537982,0.6603598928873077
5,158,-1,0,0.9614540346686821,-0.013922127601472578,0.3338257436915811,1.246271338781996
5,159,-1,0,-0.16590538062143545,0.34330543650780093,-0.7871277031641093,0.7694654563573485
5,160,-1,0,0.21633992638535907,-0.7055700323125026,0.34029870847088045,-0.05142132563243575
5,161,-1,0,1.3060192952878125,0.8166606287814443,0.46802124676539575,-0.7069896054552864
5,162,-1,0,-0.36129008212172337,-0.7052272770848382,-0.022322335451747215,-1.5229594221309655
5,163,-1,0,-0.5493491993236564,-0.03661004651237075,-1.2722505993564883,-1.330660569950072
5,164,-1,0,0.8754269617751085,1.942705907385819,-0.23815087584809239,0.2904621914726593
5,165,-1,0,-0.37895938267834794,0.6176123294491062,-1.3968833870269988,-0.824674185623546
5,166,-1,0,1.5593905878505323,0.10293732415176557,-0.5764123278518021,-0.600331478383866
5,167,-1,0,0.5071466682932358,0.5702985941102553,-1.1546924543197565,0.3474575552512773
5,168,-1,0,0.35838690566294856,-0.2996062900440083,-0.451861207512988,3.2222808790334345
5,169,-1,0,-1.3640359444042838,0.8683001246854521,1.1370271203508886,-0.04739664158312592
5,170,-1,0,0.3528280507924517,0.15937908073571852,-0.08779157421090113,-0.2853301402708182
5,171,-1,0,-1.0694649150025337,-0.025602510490932068,-0.9914829527175409,-0.23962062503779938
5,172,-1,0,1.2100657818790224,0.12477968103556272,-1.1951021791759306,-0.5686656352637572
5,173,-1,0,-1.1634933763733544,-0.9141349605201289,0.6989004742094861,-0.0209480642668251
5,174,-1,0,0.5935683087653123,0.6919220007981355,-1.763044035773977,0.3607749663113261
5,175,-1,0,1.7488424649723595,0.5026998842578797,0.6583741496401722,0.500363914022097
5,176,-1,0,1.1162396509224126,0.9329941572489023,-0.31127966493568454,0.09438678388371248
5,177,-1,0,-1.362458102113349,-0.3185885745121931,0.22861037893098948,0.38464100890632186
5,178,-1,0,-0.32202738205448794,-0.4826493327861036,1.3312401659477515,-0.5423456816386036
5,179,-1,0,-0.1913971146237453,0.47544617167503395,-1.913086667504044,0.37841250724031605
5,180,-1,0,-0.0563054333137006,-1.066574276326155,1.1747440607056494,-2.198917512118028
5,181,-1,0,-0.7709089218464608,2.8465306160110826,-1.120213987734198,1.0299137197889814
5,182,-1,0,-0.9619370956679982,0.570642928996616,-1.1144378373283852,0.37667005949070775
5,183,-1,0,1.784665600981821,0.1711424916273616,-0.6458913243465093,-0.5731838185153285
5,184,-1,0,-0.6158335750509054,0.18309388571781332,-0.25749827454151525,0.003761580465679828
5,185,-1,0,0.9163284008561697,0.3827845702559592,-0.4371764278640682,-0.6133311300256159
5,186,-1,0,1.9385351903322223,-0.32466691514199425,-1.4495777494981574,-0.8088962716228545
5,187,-1,0,0.22736393313861747,0.037499319559422484,0.8776982663917373,1.6647135343243338
5,188,-1,0,0.9152007655917449,-1.14028571015713,-2.5921009066606406,1.4655862870548502
5,189,-1,0,0.5260541946370594,-0.9697704468770957,-0.5325877437930189,0.7795971397236439
5,190,-1,0,3.058116360430768,2.2035078162327313,0.8297196153437145,-0.22814236531523496
5,191,-1,0,0.6233755370346482,0.8211936717767622,1.6792156323797667,-0.9422286508705604
5,192,-1,0,-1.8630473421799978,0.6770232253683158,-0.06707418053557908,2.3714955876362476
5,193,-1,0,0.44793861955691855,-0.36655977668698103,-1.522943459107668,-0.1379208812358162
5,194,-1,0,0.40580252848082765,-0.3872868498369552,-0.2895321059758871,0.27495757785207336
5,195,-1,0,-0.8378233947240113,0.850489786991109,-0.971173628958178,1.7364109202479068
5,196,-1,0,0.371847376084862,0.5435981214179482,1.2481537486843526,0.08996350822373875
5,197,-1,0,1.2640464768868873,-0.004156742266531207,0.28697785554547667,-0.6378643240324657
5,198,-1,0,-0.8252226375637605,-0.3084221087004087,-0.853892547100657,0.9440574946456783
5,199,-1,0,-0.30369153005281047,1.1773405758906608,0.8984850480920732,0.5930921784601945
5,200,-1,0,0.22121590277808822,-1.254554901748384,-0.6796128648761919,0.30858661657706427
5,201,-1,0,-0.6817194536880417,0.9721535256935726,0.601120228365607,-1.935612172399173
5,202,-1,0,0.46155487225421044,1.3414480183481827,-0.6227460724926148,0.606739862911674
5,203,-1,0,1.4782639715298183,-0.3950855599742497,-1.4342177343164249,0.6817702198977345
5,204,-1,0,-0.9581246782524108,-2.1379181928995497,0.8356870901697511,1.805373564400396
5,205,-1,0,0.04087865791648637,-0.9819232888985214,0.9154162993655003,0.9195974431920932
5,206,-1,0,-0.3201954784436112,0.12893403713314774,-0.6584554002029217,1.0150777383699652
5,207,-1,0,0.3979321807150525,-0.635529215488089,2.3910877271014397,0.9360838566906758
5,208,-1,0,1.1972791375431886,1.6226733560125273,0.17456647712369597,2.184692956761133
5,209,-1,0,-0.37390635501749514,0.2554994023552725,1.0663175057192282,-1.2518863935456492
5,210,-1,0,-0.5449649851402019,-0.44309860734872536,1.8190955044181807,0.9811906965333103
5,211,-1,0,1.041787124916994,-0.7629442816954104,0.8928447183367908,-2.5055118069439546
5,212,-1,0,-1.141685906817139,-0.3485438249029198,0.05516205786637049,1.684040498141249
5,213,-1,0,-1.4915266831415555,-0.7666769124115981,1.0555407359461113,0.28322714217205
5,214,-1,0,0.812253257054886,-0.6684390185678338,-0.7047839800259227,0.2421085250140764
5,215,-1,0,-0.6363030722198318,-0.8099888617748922,2.13243680742301,-1.87430964957717
5,216,-1,0,-0.46500641250590746,0.6021114989030287,0.3383724213119202,0.27034863557877875
5,217,-1,0,-0.27730562136874504,1.6775639823618864,-0.37953045517378264,1.6830251729977965
5,218,-1,0,1.8593599185937697,1.0088054809368143,0.008774153197664022,1.5324695607814878
5,219,-1,0,-1.3244895405545651,-0.8799875617369205,0.7395547421714124,0.2187617390791096
5,220,-1,0,-0.017264023785962018,0.8634040392062655,0.29412726193819017,-0.6823585261406467
5,221,-1,0,0.9144970418162037,-0.5696432133748648,-0.5376890971402086,-0.043294141328775695
5,222,-1,0,0.8517041500354824,-0.5628329684710489,-0.20029633603837277,0.5715714266563212
5,223,-1,0,0.4684458822984527,0.7551243438310143,-1.3115557415037815,0.6324933997581916
5,224,-1,0,-0.5039835662259462,-0.47460571421710757,-0.4127426104342327,0.23896239381615397
5,225,-1,0,0.205167114975543,-0.2603075831540252,-1.112424047010715,-0.18881080791847593
5,226,15,10,1.0078927134141307,0.2815086303887997,-0.6256338396171504,-0.8049975721271777
5,227,-1,0,0.518693612909563,-0.2471571723697637,2.1467143505936512,-0.9890141223917643
5,228,-1,0,0.10009218930416768,1.80788768793121,1.1052378046833222,1.1378886311225385
5,229,-1,0,-0.8438744989973985,1.2081978487312848,0.2920346669514844,0.8043128768097817
5,230,-1,0,-0.4582786216284307,1.5761676006942207,-0.5659090253324646,1.2852450271598552
5,231,-1,0,0.9718289912186124,-1.19159763365222,1.190455567517775,0.028337576946658113
5,232,-1,0,0.37201886561884445,-0.7979709370201162,-1.2227624931599956,0.5523809654831504
5,233,-1,0,-0.435220094979675,-0.22236507342073192,0.500547770067591,1.498289920136656
5,234,-1,0,0.6408114584561244,1.517751441420107,-0.574798242907026,-0.43958191883744974
5,235,-1,0,1.5888239033671678,1.3915850318908944,-0.051850314564452236,-0.739461080460135
5,236,-1,0,0.5566319689986107,-0.9049436400096749,-1.598704311598498,0.39497846508601553
5,237,-1,0,0.7027142602767247,-0.9064735165801603,-0.9723868326993529,-0.17342046882319373
5,238,-1,0,0.29813118816733825,0.6131784557677029,0.14286940190214883,0.929394108230698
5,239,-1,0,0.33472369256717316,0.7848982865654244,1.1096845686071541,-0.3821759001502119
5,240,-1,0,-1.198997394263377,1.1912371702839952,1.291095307885306,-0.20393629975447186
5,241,-1,0,-0.03832957879520313,-0.6060237261914285,-0.7109464076387086,-1.5416041154063727
5,242,-1,0,0.8971987884748631,1.2656034311357267,-0.8953080802036347,-0.5712498864338389
5,243,-1,0,1.6946610827601973,2.4836166011445098,-0.011041409509509537,2.2519119884873864
5,244,-1,0,-0.46218050794472876,-0.47552861378882383,-2.763447993741366,-0.47932988610457133
5,245,-1,0,0.8428499216780934,-0.31777138586453657,0.31837319683070747,-0.4593629954339814
5,246,-1,0,-0.785021340093408,0.16044048224928656,-0.8825383908386705,0.7767639928990232
5,247,-1,0,0.8385435872401451,0.6938692119910721,-0.3518744004346938,0.7277197240906674
5,248,-1,0,-0.09705499535794714,0.33397490808921104,-0.7896930279311852,0.9689667882654998
5,249,-1,0,-0.6992734657712114,-1.5373819044341006,1.1033773552436084,0.7842142564674508
5,250,-1,0,-1.3624906933784284,0.08803387417668812,-1.1190016908505536,-0.8273936071121858
5,251,-1,0,-1.3414083359708866,-1.5330223140230064,-0.3921265544907051,1.338564562544357
5,252,-1,0,1.1885866240241014,-0.18325833703172903,0.01667815965361002,1.0886521272123073
5,253,-1,0,1.9554918656053362,0.8764562103355299,0.5242771916591464,-0.45729326063473047
5,254,-1,0,0.7531672099369552,-0.48568978213214387,0.43980576054858594,-0.990480019199245
5,255,-1,0,0.7328721110649282,-0.3465427968051591,2.4288031172055735,1.2669347872868655
5,256,-1,0,0.058002162320099915,-2.4288927616393545,-0.5139112166351886,0.09865107441035317
5,257,-1,0,-1.0510422893120144,-0.46070387327105794,-0.0977307683194236,-1.5115541885165993
5,258,-1,0,-2.409573443301117,1.4472548739148632,0.7057610385603709,1.1267811136274564
5,259,-1,0,0.006588829838134668,0.4176372214894403,0.22128446057570705,-0.2716353261516966
5,260,-1,0,0.25371485233495733,-0.053309974602472665,-0.6058446242906993,-2.3214665088278386
5,261,-1,0,-0.5949083110421209,-0.4356698950973561,0.014146247203760754,2.188032334394883
5,262,-1,0,0.6590223048579081,0.9162304045117351,1.5963472432115606,1.24885022288587
5,263,-1,0,0.9957547520940906,1.3752195643122591,0.04900675360042944,-1.00529534176424
5,264,-1,0,1.0959956989906063,0.0025434305576729497,-0.9502094417471237,-0.4181926832617921
5,265,-1,0,0.10248366734083977,0.7651905126929623,0.11838820930220834,-1.3668956176038722
5,266,-1,0,0.415517259577713,-0.9060195318442741,0.16758041735133203,1.2672706071355777
5,267,-1,0,-0.3651438610141191,-0.1189613676594272,0.9946927847847934,1.6306931586802245
5,268,-1,0,-2.576745470060334,1.9949884665468793,1.5552291009744317,2.7898099803079113
5,269,-1,0,1.1361999020002373,2.015892388123371,0.7327290579824737,-0.028853307839382985
5,270,-1,0,0.6945181115552298,-0.1380303446655281,-0.3226477039720037,0.17946495839080048
5,271,-1,0,0.23264486214017754,1.256804215342338,0.2002766781982589,0.5967601066286713
5,272,-1,0,-1.2892627738433455,1.2976163207044258,1.674654693713126,-0.41431807143277705
5,273,-1,0,1.4741689825951056,-0.6562087324381797,0.5704444761879317,0.22380339403610391
5,274,-1,0,0.5977864384844902,1.7690511544577905,-1.5121444662956047,-1.336858703829574
5,275,-1,0,-0.7138455280402899,-2.2975588698026934,-0.6044789711714109,-0.3046621423463252
5,276,-1,0,0.3607718180059523,0.36943694815759504,-0.42983353019915,-0.9386336032340983
5,277,-1,0,1.9239112227220534,-0.6508491331882943,-0.07276401605222362,-1.0050236652256965
5,278,-1,0,-0.7954820574070542,-1.1285661318733844,2.2094639196837127,-0.0002492654024737552
5,279,-1,0,-1.2945384613735804,1.7945954979721668,-0.034839947597466635,-0.3955264430991141
5,280,-1,0,0.29850774799970087,-0.9092256834129809,0.18574320676086467,-0.7440473922148961
5,281,-1,0,0.40397686626426854,2.034322682583744,-0.6237370125546929,1.7595782452351614
5,282,-1,0,0.7676947853877356,1.4324927753187668,-0.17733836315643567,0.16153676759113408
5,283,-1,0,0.5749596458543447,0.14952923960352069,-0.24706631908929888,0.638315722092841
5,284,-1,0,0.3980513598905213,0.23406201698731557,0.9782721679329441,0.09415112857354349
5,285,-1,0,1.2040249102678096,0.8297455217128661,0.2157664679830618,-0.726719674021039
5,286,-1,0,0.6839403505848544,-1.922699546545372,-0.45458458966866394,-0.12981452917735542
5,287,-1,0,-0.02263989644682892,-0.16476563975646694,1.3126079897362455,0.8971974610162032
5,288,-1,0,-0.3120452752492308,0.23819535631463992,-0.8476524751970692,-1.5082128766449165
5,289,-1,0,-0.054621195312045914,-0.5011869794716717,0.5057908634032194,-0.4833899717139497
5,290,-1,0,-1.0273097423144815,0.04309645818159149,0.5756720602792208,-0.01921219352346152
5,291,-1,0,-0.10602645502135623,0.3469684079142494,0.9029151531643639,1.0491188420115216
5,292,-1,0,-1.541974246805129,1.4708521374139265,1.0752415207269164,-0.7772358441473177
5,293,-1,0,0.017765025978267155,-0.6137245934347945,-0.25585717001197,1.3156164114682447
5,294,-1,0,0.7382294404335178,1.7947701574492665,0.3931515356450647,-0.9476269746935438
5,295,-1,0,-1.3262538169048295,0.7347829679626633,0.662254303900721,-0.18707362367817612
5,296,-1,0,0.9561730714102685,0.22463919911785415,1.1977426990441842,-1.1839383035441906
5,297,-1,0,0.0025633989380497886,-0.22387515055420373,0.6326368055011662,-1.7695324627040117
5,298,-1,0,-1.0565500869174236,0.13134624690488006,-1.5007251334449607,0.7637481639507004
5,299,-1,0,-0.34757408753298624,-0.08065719585148981,0.7514972305721113,0.158522054654512
6,0,-1,0,0.48041441540405033,0.5393668737810873,1.9548361973649384,0.36893487622212734
6,1,-1,0,0.16650138436622378,0.9679918875811687,-0.07173818507137109,-0.40597968778480364
6,2,-1,0,-0.20710556408856645,-0.43038885292306134,-0.9741798259065988,1.442062460603593
6,3,-1,0,-0.9372516791268728,0.04750419899180827,0.407130944862786,-1.1029790594180873
6,4,-1,0,-0.03792939812452783,0.43066743764520443,-0.2726679644488886,-0.878790184762126
6,5,-1,0,-0.14851065314242748,0.8222897758538774,1.457395658844601,-0.12801792904344367
6,6,-1,0,-0.5717104273510456,-1.2639863432534428,-1.3402987501297492,0.4273838437824724
6,7,-1,0,0.9352874211088613,-0.17197731399655006,0.11733951184795323,-0.4811457204313314
6,8,-1,0,0.14489038222668021,-0.6152463586137867,-0.7479607032784954,-1.4828266702284567
6,9,-1,0,0.3473004130203008,1.3565420752120554,-1.462788933877516,-0.41175189046823885
6,10,-1,0,-0.432381381402482,0.5994173668450214,-0.5618457946172505,-0.9653108772323126
6,11,-1,0,1.6314397050101699,1.0899029446470685,2.013037366140863,-1.0226687234348621
6,12,-1,0,1.0321395133613993,0.8872280524185066,-0.409618514160786,-0.10585674019993076
6,13,-1,0,1.268540040021987,0.18060493079499107,0.5986666235634153,-0.08637658000709596
6,14,-1,0,0.5414995930791453,-1.528433447469076,-0.35590543043220485,1.1373099364867996
6,15,-1,0,1.2300987794121512,-1.2462308188418034,0.3855169923637246,0.8513470935225588
6,16,-1,0,-1.3141581801506006,0.40958878836082446,0.46461210490178606,-0.01905041172211067
6,17,-1,0,0.4389853396650677,-0.7350007156681747,-1.170288841721553,3.127294427946777
6,18,-1,0,-0.7506244386515631,-0.6132872397782585,-0.2975946350439725,-1.034484689303833
6,19,-1,0,-1.041443755472241,1.0589411124914163,-0.6455548271972618,0.7617610573573863
6,20,-1,0,0.8921116907286661,1.0687300231889982,-0.5958303060032762,-0.6709070194132382
6,21,-1,0,0.09363478274474799,0.4396933451289222,1.021981346725635,1.493790293619159
6,22,-1,0,-1.0148740859295713,0.1444661242977559,0.8177815080399014,0.3672043152241649
6,23,-1,0,1.449810234263711,1.9825391269708157,-0.09868884198212419,-0.5388902883784348
6,24,-1,0,-2.0132659662606844,-0.31395817131253795,-0.3868762658962417,-0.6387605999902457
6,25,-1,0,0.16381523760603958,0.9750717320414811,-0.32430248619430047,-0.43032722643205307
6,26,-1,0,-0.7934177628576815,-0.8024346626910438,-0.32139966954190546,-1.0720187306737468
6,27,-1,0,-2.348568159611934,-0.35948386414020445,-1.1357267441363545,-0.8348212386149951
6,28,-1,0,0.4971028741102708,0.5006949262597402,-2.073356912585271,1.4082685086393416
6,29,-1,0,-0.10430807798594809,-0.032470391104367856,0.007893788029820152,0.35208988349514336
6,30,-1,0,-2.5161969429451863,-1.4669855418210442,-0.06763336538219335,0.5521279740598589
6,31,-1,0,-0.7544251842305516,1.1792807926420539,0.3126870644443352,0.5187956663246888
6,32,-1,0,1.0479484964437094,0.9845087026666625,-0.45715224845480923,1.685461138073589
6,33,-1,0,2.207191696416085,0.06950800416827883,0.9756389146846374,-1.9908138828545372
6,34,-1,0,-1.2153142318142218,-0.5761410425824929,1.6167343787140485,1.2197920506448308
6,35,-1,0,0.17971765084924243,-0.5834223952421529,1.2324098781447366,-0.62613099739814
6,36,-1,0,-0.16974404119385222,-0.653343223154055,-0.03621436414033532,1.5735370436118614
6,37,-1,0,0.7280798097671379,-0.029307520037260643,-0.6478516252712823,1.2365652113862753
6,38,-1,0,-0.37339244037969366,1.0294954308346782,-0.3621322798613134,1.060612553500884
6,39,-1,0,0.4229031628428802,2.3181985569866725,1.4168888991696307,0.03104953587668112
6,40,25,12,-0.5607550852689102,-0.7860991857045243,0.11848709042470222,0.18901601633594667
6,41,-1,0,0.39747754270166197,0.7325065936202003,0.987630410103634,0.5737425452830706
6,42,-1,0,-0.3978922040990088,-1.3960719447488206,1.162115637145985,-0.48503351145497214
6,43,-1,0,-0.36526171630556276,-0.5328231048722164,-1.2123932377100877,1.487687937105799
6,44,-1,0,-0.5737392385010296,0.4392883258769407,-0.25819896701391143,0.39841166103102593
6,45,38,24,0.13015216961570825,1.4298871388335992,0.1079711666567789,2.10558580749185
6,46,-1,0,0.06930153410056271,2.705125646337729,-0.8064258597174907,0.13695415141789263
6,47,-1,0,1.3218364234076208,0.4155208635054618,-0.6388043879957134,-0.21537659804004164
6,48,-1,0,-0.838515283273537,1.4020514414999272,-0.3041273942101655,-1.7968045316723102
6,49,-1,0,0.5302881116591487,-0.5876368973392435,-0.40901369627353645,0.5626070538795781
6,50,-1,0,1.6383823940487856,-0.1654036853408613,-0.8181049176333808,0.8243707574132736
6,51,-1,0,0.38329853026863026,-0.10447201143553103,-0.12972172451962832,1.174147119307716
6,52,-1,0,1.4281347673811042,-0.731457454735181,1.1615252613526814,-1.0965852825666103
6,53,-1,0,0.12226721746561936,-0.14059532959476953,1.2903958332848158,1.5777051318876703
6,54,-1,0,1.267289320275957,-0.33248747681182045,1.3755577870497473,-0.5772418398241159
6,55,-1,0,0.37961044776552766,0.1305624317650221,1.6590318039794405,0.48442825866971534
6,56,26,16,1.9607986169579237,-0.3948519405655037,-0.660281991329019,-0.8778868827311648
6,57,-1,0,0.4288293881415243,-0.5726797736799146,0.5091217941781843,-0.02671770999711157
6,58,-1,0,0.07254607132955543,1.1723246653518533,-1.9784340928830446,0.628686647338977
6,59,-1,0,0.1948508456320722,-1.9874126581672122,-1.1241166382630075,-1.645187419287652
6,60,-1,0,1.4968100851237318,-3.314148722748042,0.22520221549563144,-0.649367091091391
6,61,-1,0,-0.8184307575757772,0.6948877568926465,0.3937146744841842,1.2324283447719864
6,62,-1,0,0.7604521270191573,-0.11384551303557763,-0.9372555126070042,-0.9593573592089258
6,63,-1,0,1.2807296997766235,1.2540181015093437,-0.7591183586370904,-1.1071175057860458
6,64,-1,0,-1.2723865485499655,-1.339556868630325,0.030091331627037435,-0.6971628042439276
6,65,-1,0,1.887055101599182,0.1867860791505957,-0.7500094483725621,-2.0269312776688957
6,66,-1,0,-0.0981351092096357,-0.07168272695239397,-1.250714997363021,0.7291479271822839
6,67,-1,0,0.5456421863860156,0.49724968759240823,-0.9172531575323121,-0.24893356531134775
6,68,-1,0,0.5429864786696792,1.2313187483229182,-0.6899761020695412,-1.3983896505955906
6,69,-1,0,-0.41157223263541964,0.9863596456593688,-0.7469401414706233,1.721086690497813
6,70,-1,0,-0.25213935155597944,-0.5404351315441498,0.02417195461747,-0.8701513546905556
6,71,-1,0,1.2814349488109247,-1.2456799987094587,2.0413067873946646,-1.417203945389703
6,72,-1,0,-0.4094289999755661,-0.026626024405286927,-1.4436075840611757,-0.8393666724347819
6,73,-1,0,0.1657450749824645,0.09089445644060386,-1.071770284043731,-0.026011909796846894
6,74,-1,0,-0.8150572364427797,-1.5042398744121468,-1.728819243729701,1.6603212657418414
6,75,-1,0,1.6663488842334435,0.522136896733958,0.8828504400462978,-0.3068963904443284
6,76,-1,0,-1.3712888585388974,-0.48879127841291775,0.10648069686838643,0.9857612940727496
6,77,-1,0,-0.1528670053343248,1.0443673239538613,0.024343048295601275,-0.8828259539651898
6,78,-1,0,0.17456513973336965,0.7749310039710308,-0.3661610611033291,-1.4286801091956522
6,79,-1,0,-0.018727677474588558,-0.960644488290471,-0.48725144900826056,0.6077005635221142
6,80,-1,0,-2.2658747207342027,-0.44396823163277604,0.4574822678118779,1.6034200718829708
6,81,-1,0,-0.10377673190571543,-1.3480456959718807,0.5128302503607982,0.7781779297909758
6,82,-1,0,-0.43115811139004245,-1.7952374250997458,0.6163115604686547,0.13484379157638354
6,83,-1,0,-0.3760706803378736,-0.23539006259508274,1.3974883630591433,-1.2378013657290907
6,84,-1,0,2.1290786690793255,-1.2074068402735714,-0.2929168623143562,0.9223169784626428
6,85,-1,0,-0.15493145374604006,-0.6792017888786585,2.5524659871206548,-1.9533276531067942
6,86,-1,0,-1.3887526487402349,0.9466864631698054,0.5256830806411117,0.6384766794055645
6,87,-1,0,-1.0545685348261429,0.08159642951266417,-1.3920757475984709,-0.6576027198584369
6,88,-1,0,-0.12566758444722373,-0.24461109007810455,-2.5399412171296953,0.31589665638588127
6,89,-1,0,0.6232959201286977,-0.6833047244513014,-0.8945264808597132,-1.6273813522027376
6,90,-1,0,-0.2818876204714367,-0.5948523272651927,-1.145007081020928,-2.0118997507378493
6,91,-1,0,1.2435196482787478,-1.9112167679876904,-0.7501477067753983,-0.37111981955464307
6,92,-1,0,0.19847202022232344,-1.0832522497101116,0.45283128808873635,-0.6456143981938172
6,93,-1,0,-1.2045388440410492,-0.2999207493653176,0.5445345461661805,2.367612700507922
6,94,-1,0,0.8728759527848083,0.79298924815723,-0.881117648557992,1.5587629651263903
6,95,-1,0,0.919762971638251,-1.7450221816343856,0.6367286464443307,0.19059807872114992
6,96,-1,0,-0.11257743850910608,0.7138809923538241,-1.4733831392342198,0.4965088831925536
6,97,-1,0,-0.8338103938051611,2.3115325217779454,1.1309433814397476,0.6199375735000109
6,98,-1,0,-0.7536035000507548,-1.224362283772331,-0.06714201658311389,0.46814420122622835
6,99,-1,0,-1.0942937297716857,1.2816671229780314,0.9389300238812762,2.4944175309347845
6,100,-1,0,0.4541032781287412,-0.033710914974518696,-1.2843261247627318,-0.25223944496074635
6,101,-1,0,0.24663468467218524,0.5741986414092035,-0.12531865049369223,0.948452658536742
6,102,-1,0,-0.08890030215266752,1.4494023646359453,0.4466704557390232,-1.5302266874480235
6,103,-1,0,-1.1142780170703896,1.3963500255345633,1.164132822737306,-1.683779241849323
6,104,-1,0,-0.8365428050065972,-0.30564380019038934,0.42654393290492487,0.7840082763262988
6,105,-1,0,0.4326570160439609,-0.015815223088391207,-0.14907001309976003,-0.9213729511644414
6,106,-1,0,1.4166014293635876,0.07038671612426703,-0.4170697895876213,1.9894807451771492
6,107,-1,0,1.3867175154768288,1.939517087713119,-1.4723435072510749,0.7265900656425397
6,108,-1,0,-0.7887686622799984,-0.6197122361965544,0.16087403184711405,0.12864655154842206
6,109,-1,0,2.297544650011984,-1.1576113805264727,-0.5013023734286426,0.15299909060366282
6,110,-1,0,1.0537532826731177,-0.58028556221804,-0.2641967373787685,0.021407749084329703
6,111,-1,0,1.1926325833030875,-0.30518678092075546,-0.5447368724143425,-0.8126012669990665
6,112,-1,0,-1.7097965135103412,0.4657685917106707,1.5633672939228358,-0.24487601183463326
6,113,-1,0,0.23655897752257868,-0.9758310737240284,0.06633201895685703,0.29576437215964124
6,114,-1,0,1.6775579894842338,1.4299098848262353,-1.595674688615168,0.7601365664317407
6,115,-1,0,-0.9201911583079302,0.18601523622628496,1.0488078264140084,0.14891017279447816
6,116,-1,0,0.9151782215470352,-0.34815643673902924,-0.11220117177698051,0.040528562392148
6,117,-1,0,0.5325461542892397,-0.3946351613417138,0.9756068374841954,1.0892714602660332
6,118,-1,0,1.1023331621894554,-0.5824565291651558,-1.0508834681444033,1.7290288815807846
6,119,-1,0,0.20389603776100598,-2.8327089605366274,0.6480997173540484,1.562882702689854
6,120,-1,0,-2.5007490930519993,-0.4465265643840084,0.8245539432988745,-0.48180135204119634
6,121,-1,0,0.25396949158189486,-0.2838230988127588,0.09712220779585093,-0.5982997080365201
6,122,-1,0,-1.127758773764111,-1.4688412606633399,0.7992127507039354,1.175966417103119
6,123,-1,0,-0.3487476263974973,0.7677750476386828,-1.6635410817072123,0.056875155290742836
6,124,4,16,-0.17577402935454747,0.8339120018688644,0.7459907817090812,-0.9465821794948116
6,125,-1,0,-0.0432875389775125,0.48510499050440997,-0.5903789040819527,0.318604070627045
6,126,-1,0,-1.0837085058469436,-0.27800318595298434,0.5943839514505135,-0.41561170217642024
6,127,-1,0,0.1524097236568266,0.09858955492809794,-0.38270294873538396,-1.0690707818013314
6,128,-1,0,0.930128753538049,1.5900998089477472,-0.19108056325521341,0.2092167876599676
6,129,-1,0,-0.9830234034462031,-0.964894581121053,-0.5760052496660227,-2.212715525202019
6,130,-1,0,-0.008334590679692482,0.7263465169297607,0.22143511376434125,0.47677654386576546
6,131,-1,0,-1.0631105495191493,0.9857070653761545,-0.7417125268281226,-0.16923596844887273
6,132,26,14,-0.8804014054964884,1.276385468377358,1.628676384474105,1.1488579448565215
6,133,-1,0,0.4940427703218705,-0.7911007581432934,1.4114612227205285,-1.2554266092519661
6,134,-1,0,-0.2901863390075177,-1.1891318877004862,0.7362997145167539,-0.5985114257721282
6,135,-1,0,0.5559958708706016,-1.2435990505295236,0.33826591148956126,-0.28726392654015837
6,136,-1,0,-0.9892867432034332,-0.39279252380027424,0.9373007870313024,-0.1594423189002181
6,137,-1,0,0.8953147652588533,-0.36111471284344693,-1.2263368339530016,1.5511211967120075
6,138,-1,0,-0.47566079810393996,-0.6363889473979092,-0.5553411054785832,-0.3883833847856928
6,139,-1,0,-0.6253593192605504,0.173215704769568,-1.2447293814382554,0.033505455846862035
6,140,-1,0,-1.2035065837680894,0.7999897942372896,0.3995107607613599,2.6057792352154485
6,141,-1,0,-0.28735797399556207,0.21901076654740828,-0.9110400803692373,-0.0060046974618770095
6,142,-1,0,-0.5594716511279073,0.197092798567995,-2.0540384074343483,1.0224963483189466
6,143,-1,0,-0.19730313940412766,1.1319091966934316,-1.011956555283067,0.13405170606621558
6,144,-1,0,-1.4305708699660262,-1.6879590277395236,0.18128184526133775,1.038091338574191
6,145,-1,0,-1.8048726224924019,-1.1965440047355986,-0.08841335414099528,1.0664688027334241
6,146,-1,0,-0.2757005734519424,1.58088508632848,-2.1055773947521916,0.643431161340645
6,147,-1,0,-0.7235321639318947,0.7176661034208314,0.11293543645457407,-0.5836704798970457
6,148,-1,0,-0.1468978782870026,-0.8754754031634184,-0.542832635326268,-0.6324111417036802
6,149,-1,0,-0.5724786880247767,-1.5976264173160886,1.0674838875715742,0.81261117812098
6,150,-1,0,-1.4253553876982206,-0.40269494236934655,0.007109830410888585,-0.7734678614871574
6,151,-1,0,0.8781437158212702,-0.5997672156933261,0.0910643463985923,-0.71427347521747
6,152,-1,0,-0.6176162366258618,-1.4461005406669245,-1.572511015155165,0.016918653270732945
6,153,-1,0,0.28475434508625574,-0.3937409719798263,-1.011293724183015,-0.7946187194504954
6,154,-1,0,-1.104841466960656,-0.17580619663059815,-0.7394514482018517,1.1994450967356252
6,155,-1,0,-1.3115930468164814,0.40853653804812223,-1.2147889759097807,1.8344676122503576
6,156,-1,0,-0.8599586464229549,-1.563970947315691,-0.16748616191026935,-0.706548306925665
6,157,-1,0,1.3868748127751582,0.15541282496462555,-0.8379393952369735,0.7245868517488624
6,158,-1,0,2.443524222630608,0.03569543640577558,-0.7111910415101882,-0.5007337977169773
6,159,-1,0,0.7629728593431228,-3.603891905501681,-0.01705717619110051,0.8568252232080937
6,160,-1,0,1.4680269062646985,-0.6624905501151208,-0.335748586875853,-0.6652040920895069
6,161,-1,0,0.17217663121087695,-0.04236969455267771,-1.1857918764552775,-0.16766796672852521
6,162,-1,0,-0.3192946028967545,1.0010746251220723,-0.520464741659505,-0.323589921330412
6,163,-1,0,0.3928878541167466,0.22501293700498728,-1.3027017553134852,0.9535344559199187
6,164,-1,0,-1.7471173860696545,-0.3954901517791155,0.48914747093662303,0.3603688616895535
6,165,-1,0,0.08356358402294045,-0.3988550208417401,0.9450323358749231,-1.7636810652521022
6,166,-1,0,-0.9254131011970516,-0.7222634602817478,1.0219312374610334,0.8021640103691534
6,167,-1,0,-2.25859351084254,2.103734632238775,0.3325328671298884,-1.2596455638709316
6,168,-1,0,-1.3843603550109949,-0.6656324111298101,-0.21705929478953506,1.2064438082478768
6,169,-1,0,0.5851486268120725,0.6883002482382569,-0.8132059268243271,-0.9349201969703218
6,170,35,16,0.3810392731896312,-0.2859101784967847,-0.18320852350880515,1.7031442460236803
6,171,-1,0,0.29494926548180056,-1.6269429972269203,-0.4800435263590948,-0.19760214844511442
6,172,-1,0,0.7769571230418838,-2.002515653455809,1.7289669085068913,0.011625614246343709
6,173,-1,0,0.1627718496308441,-0.8932316517522654,-0.007493442753004719,0.17629918673344352
6,174,-1,0,0.23589840033316817,0.06873695597523495,-0.06251198110138301,-1.2310274903956029
6,175,-1,0,-0.3647168171858292,1.2065839862637546,1.0308102455522685,0.445685808435153
6,176,-1,0,1.0180340821365783,-0.7467812717928272,-0.2513262092393406,2.631150185481584
6,177,-1,0,-0.9695774207289473,0.2701068788850789,-0.44079037961010004,-0.6479729854883478
6,178,-1,0,-0.099758092028171,1.593812467841577,-0.5641001990297709,0.840178549823872
6,179,-1,0,1.5673070073876412,0.9820999456965189,1.166560572155663,2.3870255480065747
6,180,-1,0,0.7634767631991065,-1.5339569526636614,0.8926956037757008,0.817192040734164
6,181,-1,0,-1.16424424943093,1.4481248890742808,0.16367301685391328,-3.594157653938503
6,182,-1,0,0.36215413685813824,1.9581830061334455,1.4369959193137398,1.4186280337688517
6,183,-1,0,-0.9653364809848614,-0.46303658131208325,0.4791310920785122,0.33084808874594673
6,184,-1,0,1.5572040075020932,0.4950356759303597,-0.3071690357543247,-1.9922974985910697
6,185,-1,0,2.3492554477815797,-0.33747868740776366,0.6255855950411613,-0.3500274905056456
6,186,-1,0,1.1582889893933965,0.08891856238160246,-1.279909401315558,0.5595318878211222
6,187,-1,0,1.469394148235843,-0.7607195395627314,-0.4031375176754779,0.4884044659888388
6,188,-1,0,-0.6369726510302608,-1.3309713783060961,-0.7393967664204544,0.3498830650578822
6,189,-1,0,0.790632018351429,-1.5081504848193927,0.9711807295129774,-0.5731473640417193
6,190,-1,0,-0.1929790587233142,-0.9997335897338556,0.015539534181132573,-0.9381834038160095
6,191,-1,0,0.47791724081088427,0.06614247692875863,-0.8292678831187767,-0.8828460873834049
6,192,-1,0,0.40175845157064555,0.47624399436311543,-0.19495180216464894,0.6943264770894555
6,193,-1,0,-0.36913964112927833,0.19005989718788513,-0.31427587256938094,2.9639490442001755
6,194,-1,0,1.2422287715612723,-1.0832667080629188,0.467948081293008,-0.09366441422612805
6,195,-1,0,0.17715117989146728,-1.1793894476693125,0.6956663532027545,1.018296827606759
6,196,-1,0,-0.4547860555080613,1.6775943293272755,-0.8390412937986892,-1.3444553037406275
6,197,-1,0,0.5714713436818558,-0.48031331036026625,-1.0597224183117107,0.5107696997199048
6,198,-1,0,-0.4489248900696832,1.2467031655910918,0.15734907385629857,-1.15700663035081
6,199,-1,0,-1.392726204212542,0.027840781693914407,1.8589767926578427,-1.6478187227564147
6,200,-1,0,1.3955176717637756,-0.03270099889839505,-0.8378158828295517,1.0934777483343923
6,201,-1,0,-0.6772499829720248,-1.537805556559232,0.5169100193824117,-0.8354119817208057
6,202,-1,0,-0.3800379108322547,0.2130989866887336,-0.6050591875885737,0.14659652613592178
6,203,-1,0,-1.632723891157433,0.8567746540396985,-0.2349279176931892,-0.1815058831489185
6,204,-1,0,-1.5068353506629697,-0.322021544903217,-0.549752383902194,-1.421613300485051
6,205,-1,0,-1.1483939475034064,0.8554855724804765,-0.8467325389841418,0.8499353239663157
6,206,-1,0,1.6589375256605328,1.715085745394314,0.413124279032709,0.35536028516601836
6,207,-1,0,-0.703749644876186,-0.43565988316255566,0.4074096221800772,-1.5732662483138242
6,208,-1,0,-0.7148806114239435,0.611559742947077,1.3662610445260155,-0.9242804484486754
6,209,-1,0,-2.071703172875885,-0.8937987282647993,0.3866345971967009,0.372714151398748
6,210,-1,0,0.5451792976341401,-0.6582894384477384,-2.262220311776767,-1.1595303099894014
6,211,-1,0,0.17836921815287876,0.6243326171719152,-0.9289210419146237,-0.6373974748545568
6,212,-1,0,1.2322117828371553,-1.9372853932588583,0.3125448228600263,-0.5557891444069084
6,213,-1,0,0.7123161461002616,1.7909872260633328,-0.7858396288005524,-0.30991781743742286
6,214,-1,0,-0.587894024678596,0.07374189539626375,-1.6612502038000108,-0.5478113865512091
6,215,-1,0,0.05645320331878987,0.016484679078458547,1.5809210741383972,-0.319574318909298
6,216,-1,0,1.2227676867137531,-1.9099646457677437,-0.44823586118759573,0.6089751008628178
6,217,-1,0,0.8132827522710829,0.2639839001514845,0.2809527010123162,0.5887901312183166
6,218,-1,0,1.195074446921407,0.7814709325059328,2.4011542921048776,0.24169078163458177
6,219,-1,0,-0.1534457857174483,0.37733949146009854,0.34121282846869255,-0.08110285129229654
6,220,-1,0,0.15457301932964468,0.5568194083017022,-2.8042180751730066,0.43626832952793665
6,221,-1,0,-1.3055891607368484,-0.9458056736170828,0.43397412274082225,1.6064911880725103
6,222,-1,0,-1.1320817001794046,1.7522346650600282,1.0155989407850268,-1.0201009841217281
6,223,-1,0,-2.3880521497943796,-1.6763423598324543,-0.9599294329989755,0.2688416428925093
6,224,14,9,-0.8299839991409506,-0.2350198882942002,0.8605698852322771,1.0497521228422504
6,225,-1,0,0.7889962470283546,-1.2255348992889354,-0.08061892994559483,-0.768509745671121
6,226,8,16,-0.10655682948204133,-0.6017292894968662,0.6793372463885876,-0.16256717742242446
6,227,14,11,-0.007118126547049005,-0.2831440986250299,-2.670584335052419,-1.8874543286399348
6,228,-1,0,2.117848632107439,-0.39356468615035084,1.0777198378643658,-0.775992075567442
6,229,23,17,2.346193638268291,1.7414193911802205,0.30498960721106355,0.2207399344613482
6,230,-1,0,0.2114391140941709,-1.388669762828109,0.3218121407554106,0.3414292080444047
6,231,-1,0,-0.0531295941667243,-0.055053044133330224,-0.2113899685671629,-1.1504070345631299
6,232,-1,0,-1.5162150438233355,0.9725954073496776,-2.425788859052476,-1.1872797477574704
6,233,-1,0,-0.9200289757673785,-0.2575009655495946,-0.4862140572688178,0.23612387201301674
6,234,-1,0,-0.11927255422174171,0.16891627580998855,0.20348294001053124,0.41544265400568803
6,235,-1,0,1.2801501510818796,-1.228137109037347,-0.14585110180914207,0.7855463287714433
6,236,-1,0,-0.28809768488029736,1.0672026629354538,0.42184449207253144,0.0991925351352541
6,237,-1,0,-0.28117052724282343,-1.2710690983810686,1.1027111173105104,-1.5381716886756713
6,238,-1,0,-1.149226863262827,-0.6702869219291909,0.9451208997303594,-0.5201605767297965
6,239,-1,0,-1.80476139520952,0.9297743013337376,1.4458315567694977,-0.4201404593564384
6,240,-1,0,-2.2590927296485157,-1.5290535262254978,-0.03327540888995563,-1.6910437521330528
6,241,26,14,-0.8293715082864047,1.1734865918926634,-0.042439467028241036,0.012241489360346658
6,242,-1,0,0.1709394585005653,0.5022454252222845,-1.162738585761793,0.23249842532950057
6,243,-1,0,-1.519846568120639,0.7706337631385596,-0.6741555508314434,-2.247867656275762
6,244,-1,0,-0.5641373614072465,-0.24317746964270118,-0.15882534635041157,1.2588718521878761
6,245,-1,0,-0.10517984557158441,0.8552649844366491,1.149726035660733,0.7224938723260276
6,246,-1,0,-0.1831756194449402,-0.8463786817057805,0.6782374372237477,-0.970494843613062
6,247,-1,0,-0.420757664491646,0.6345259515163589,-0.2714487950270588,0.6194733558713207
6,248,-1,0,0.45660390475759466,1.9854738891500114,-0.17409903417809008,-0.3582426589613077
6,249,-1,0,0.6771170664954623,-0.6830098710928313,0.6614895905453837,1.6578154144392114
6,250,-1,0,0.9730219744287414,-0.9110081155339044,-1.092125790758862,0.6759530659423459
6,251,9,23,0.4976123757413941,-0.203185894907703,0.909597313978161,0.7451218446776594
6,252,-1,0,-0.31996721135668094,1.395670333298182,-1.4061642729671167,-1.566681553378476
6,253,-1,0,0.4704607364326918,-1.6301012660139338,0.7498600015041264,0.4173420205519178
6,254,-1,0,-0.7083352949575107,-0.21459722578264878,-0.5079249276702894,0.5056546295686152
6,255,-1,0,1.5406097898961584,0.18478798001183097,-0.5653269591155955,-0.15045431467875442
6,256,-1,0,-1.8812825344731272,-0.5636878301229539,0.910507601597822,2.3409744318891104
6,257,-1,0,-1.085874934732276,0.3872132135103921,0.0020716151244764484,-0.4089235679238164
6,258,-1,0,0.11292706924967898,1.2641333055399342,-1.3635969662328284,-0.23909387010474675
6,259,-1,0,0.7888885146214533,0.6735855239558236,-0.8238413008166312,1.5242665040970835
6,260,-1,0,0.9107860554360984,0.3623307608041341,-0.9109189117593856,1.7209647352016753
6,261,-1,0,0.3894075452071841,0.5510141808202168,0.7789991256021621,-1.5860262320316332
6,262,-1,0,-1.5309652670614649,-0.4506870796957724,-0.18825182151504785,-1.2466498423412318
6,263,-1,0,0.735616190315464,0.35979285723862736,-1.004729634166345,1.49327137908832
6,264,-1,0,-0.6196048875833331,0.8499208865771112,-0.6009506931189448,-0.6820630763907226
6,265,-1,0,0.8822066739703968,0.560225799619937,-2.507981315817951,0.8601109917524888
6,266,-1,0,-0.7077104895999564,0.24204507916099668,-1.3689302665067993,0.43589889990832925
6,267,-1,0,0.5192673804947121,-0.7729805498170684,-0.2980893605611624,0.6529278707298894
6,268,-1,0,-0.8899260635256143,1.5925807060210628,0.07581361481407878,-0.29981575962779583
6,269,-1,0,1.3191701303734742,-0.5678159078981897,-1.1328101124291574,0.2622906382869446
6,270,-1,0,-0.47894344830670393,-0.34731260946186965,1.8656634556526384,0.9346116391131167
6,271,-1,0,0.026074603485715806,0.4498513254414464,-0.5315361061487549,0.7583966041944413
6,272,-1,0,0.1439056958739152,0.9412928980809766,0.3642914393942465,0.47917966379697835
6,273,-1,0,-0.29525988611074416,-0.5621421791408207,0.3561465852601507,0.8098637530740078
6,274,-1,0,2.236827448013541,-1.3340305489581987,1.3728778763780773,0.5154857054978014
6,275,-1,0,-0.5042913508824037,0.10690707758417566,0.5495366361128882,0.7313449613898411
6,276,-1,0,1.0039214661681528,-0.6380623494204458,-0.6193274479869628,2.1626467741543713
6,277,-1,0,1.0882723892008537,-0.5083003638912348,0.9357231054289818,-1.281379506730536
6,278,-1,0,0.113860096008677,0.4222592256840581,1.1919523557037042,-0.7398774141928243
6,279,-1,0,0.4670221886252308,-0.12520463215680916,-0.09592275742413299,-0.5026018870062052
6,280,56,14,0.12310174242226433,-2.359154863812747,-0.8605164243098987,-0.8528262638347034
6,281,-1,0,1.003471576672469,-0.12494240848657116,-0.42468936679823505,1.3997645225974784
6,282,-1,0,1.7517937351015376,0.24588681449802804,-0.5976355289560444,-0.05127419857106761
6,283,-1,0,0.22774895148580215,-0.06548582108908925,1.256373467053256,0.16431997263131345
6,284,-1,0,-0.11780973419989069,-0.643955034660519,-0.7647097593261308,0.343376061394361
6,285,-1,0,1.6092567462776781,-0.3037929625712919,0.4849474044485078,0.2976026084444764
6,286,-1,0,0.01779076035134392,1.6306219655280736,-1.0301480547501825,1.6317168683701655
6,287,-1,0,0.9616429302307945,2.111366879177242,0.8888529350631148,0.10637869203102084
6,288,-1,0,1.7337357783617233,-0.7146906507042495,1.4916634635940957,1.8905035154917484
6,289,14,8,-0.18361706777191147,-0.955921974385282,-0.5483840475520283,-0.6998020720675605
6,290,-1,0,-1.2196018067062153,-0.1780792470653497,0.5048599568670146,-1.7131600944532965
6,291,-1,0,0.07105633500948397,-0.3913983470512192,0.16757387231834905,-1.9344185000314194
6,292,-1,0,-1.197583451714246,0.5908652615067935,-0.9549124967032937,-0.21823566729395139
6,293,-1,0,-1.275934186075885,-0.4121333689195283,-0.8052215375180843,0.8216889798445318
6,294,-1,0,0.6777991078685516,0.5326494373912355,1.1797084287375557,-0.12040306305455971
6,295,-1,0,-0.33912534135149397,-1.648904769349464,0.2742040947100014,-0.36959651929246173
6,296,-1,0,-0.1168081086962494,0.36373367294610087,2.7470383302035986,-0.6018807831207162
6,297,-1,0,1.652510549570399,1.3707083403728137,-0.24444078229854915,0.7883959807204641
6,298,-1,0,-0.24429542330632018,1.0231850120738228,-0.053230254663673676,2.23006964277971
6,299,-1,0,0.09028022062454212,0.23663166633703414,0.28134142315547717,-0.9410957495909686
7,0,-1,0,0.33536620377647836,-1.1858606352249674,1.5660652126921017,0.6947804071556702
7,1,-1,0,2.02710736006006,0.9821755243377659,-1.4680927770503764,-0.2784175584189706
7,2,-1,0,1.660054833261993,-0.6969426606558964,-0.18385990437158503,0.27222344075552884
7,3,-1,0,-0.3124223491324772,-0.09352534544680753,-1.7820361416735198,0.714030311187275
7,4,-1,0,-0.3576438466459879,0.9171646771363632,-0.6375889873750693,-0.10509385036098283
7,5,-1,0,0.769958870105846,0.13024190676356204,0.9621619541396375,-1.3437326714967468
7,6,-1,0,0.30614331962754626,-0.6594183199699871,0.7407081137904635,-0.08106273825309929
7,7,-1,0,-2.0873800747766826,-0.8505612003969374,-0.06251293783353043,-0.554837099498178
7,8,-1,0,-0.1148792126593814,-0.9822489062634733,-3.5564969619716686,0.8429525446039807
7,9,-1,0,1.2937437567471137,-0.3806636312446468,0.8374024345180267,-1.288297449103074
7,10,-1,0,-0.38393311924544526,0.4557242281546023,1.8863546821499881,0.8660995013983238
7,11,-1,0,-0.9962410154545618,1.9799180524107944,0.6254897944187456,-0.4909204202498835
7,12,-1,0,-1.6051210209405435,-1.1081325640406565,3.303348039000021,0.39762220736200593
7,13,-1,0,-0.5526017813055133,0.6971965257185652,0.35968295443148834,-0.003937664152928441
7,14,-1,0,0.7493651560335836,0.20966252584299225,0.8698440620764832,-0.3632463962286869
7,15,-1,0,-0.15736080113764586,-0.05515437782987624,0.3836019598365526,1.758493002767413
7,16,-1,0,0.34162967477361367,2.530817220241139,0.16693148758672333,-0.05687456185030598
7,17,-1,0,1.3162562192678917,-1.3257123067293977,-0.004272733663453342,0.7133297439180079
7,18,-1,0,0.18296955290206476,-0.08570096152243586,1.2856012619428603,-1.3965605052618182
7,19,-1,0,1.1062237250241724,-0.8635832407725804,-0.47019960249835535,-0.044232207899637825
7,20,-1,0,-0.8205699028018091,1.891839413323993,1.5108828650776582,-0.8894592819858632
7,21,-1,0,-1.8560731999909466,-0.7752711086814938,-0.21705033135555513,-1.0501614480212589
7,22,-1,0,-0.01848423434954446,-0.2842839605932277,1.512356759890199,-1.801062381861543
7,23,-1,0,-1.1276819121083788,0.7693129062671884,0.18744970662029922,0.2716215632623263
7,24,-1,0,0.7024741980435033,-1.164483767898546,0.07327298883135586,0.7542929445167735
7,25,-1,0,-1.8073917996364366,-0.2684685972988372,-0.14184104679967793,-0.39753970067808037
7,26,-1,0,-1.3925658085670856,0.37148610611462457,0.18373349458497887,1.8193222833920173
7,27,-1,0,2.1733089678928326,0.15833641128240233,-0.07540700894012656,0.5883420087916809
7,28,-1,0,1.4081930799652418,-0.4832681103565081,-0.7004641427305036,0.7072557039674576
7,29,-1,0,-0.877339479730741,0.5066487770254248,0.09450180682576989,1.8042282696187848
7,30,-1,0,-0.3437520303189111,0.839835397847516,-1.8729449152500248,-1.8328206931752302
7,31,-1,0,-0.7964606963437278,0.31183346016270636,-1.0398128898502093,-2.1644935761407202
7,32,-1,0,0.22668127897048254,-0.401291388707644,0.9500577839692446,-0.08041416319183756
7,33,-1,0,0.783904604468355,0.013530277924330885,0.824432499467482,-1.1547698999274916
7,34,-1,0,-1.1769153560605954,1.8470602283125612,0.37359814293488797,0.374398402084254
7,35,-1,0,-1.0061107857933118,1.5024414088614166,-0.7376161454925203,0.7829355650613001
7,36,-1,0,1.867251183165378,1.483867209902009,0.9943813857879904,-0.6354542026274155
7,37,-1,0,1.040523334626774,0.2474984330140894,-1.5419515397693564,0.532722790831084
7,38,-1,0,-1.1112405493904447,-0.7652491074963574,2.377717798982226,0.8982734614497638
7,39,-1,0,-1.613900812193405,0.48908472438682665,1.814256978348108,0.2829860022093889
7,40,-1,0,0.022072434077435903,0.3323410518589666,-0.8262718281145391,0.41487076889610497
7,41,-1,0,0.27449245596832395,-0.4286565176995813,-0.5080107213418059,-0.14622629543648577
7,42,-1,0,0.6473460053232795,-0.2879108566429662,0.9850848851766263,-0.28391644256629506
7,43,-1,0,-0.11140529493498948,0.12282374570797834,0.9180332917068622,-0.5661592695026828
7,44,-1,0,-0.5834789144085861,-0.2775388211164256,-0.621665078277078,1.1879199145863806
7,45,-1,0,-0.13098402261414938,0.4385414403374408,-1.0326916216770585,0.3868189254262043
7,46,-1,0,-0.780045623125707,-0.6229109594404636,-1.038325556676963,1.8591586956305552
7,47,-1,0,0.4237678365151267,0.2730296490329517,0.5745975999512596,-0.8505423390536746
7,48,-1,0,0.11672196376287351,1.373005406217614,-0.4416280361318451,0.1234993815174654
7,49,-1,0,-1.3849216978771188,-0.8944591955910385,0.21248199503607107,2.276516710349054
7,50,-1,0,-0.6345605862754579,-0.12998925383328822,-0.3896305760101816,1.7803026116648877
7,51,-1,0,-0.7294289696174725,1.9344919469583564,-0.44637453225927004,1.0215485954640218
7,52,-1,0,-2.1773229493205326,-0.05947379554698081,-1.637444930202145,-2.1947257053695552
7,53,-1,0,0.20334129793960573,0.951651930142745,-1.1119838715749495,1.1502458025102413
7,54,-1,0,-1.9202188693438882,-0.6042082344035274,0.6701859109665139,-0.3388126971977811
7,55,-1,0,0.29774697351468093,-0.2515570464453794,-0.9013609828907267,0.9931744947826805
7,56,-1,0,-1.4200265441469266,-0.9430972228946878,-0.048565151739134615,1.4301781961030329
7,57,-1,0,-1.3975165740725073,-0.5258372290044836,0.6859665366741047,0.8023155154866742
7,58,-1,0,0.8500828125504143,0.8875732539803982,1.1559715736667742,-0.8672882761749008
7,59,-1,0,1.0918441452517067,0.1261106297343275,0.7088500682279197,0.3713664667285533
7,60,-1,0,-0.8978280050512063,0.4655150904912516,0.09756122835486,0.2514955031042613
7,61,-1,0,-0.7831676567600921,0.7015490899184987,-0.52065289412103,-0.1487601219256554
7,62,-1,0,1.4500449743678803,-0.15141303574386775,-0.7791215593525144,-1.6438247934593364
7,63,-1,0,-2.3819522688007417,-0.08971981136449263,-1.556712824219995,-0.38629663375186657
7,64,-1,0,0.12832199570797737,-0.7343744846942396,0.9714565615652717,-1.63971590070199
7,65,-1,0,-0.04683057941295192,0.9209009830411453,0.12010200992354145,0.9030428750417935
7,66,-1,0,-0.11175536908346041,-1.5134262223959614,-0.2305660310011359,-0.9392326075912775
7,67,-1,0,-0.9187171464616085,1.865428802778058,-0.0035080178207157393,-0.26489755687865185
7,68,-1,0,-1.5508535631734535,-0.07538068409328046,-1.995344928222477,-2.034788347717161
7,69,-1,0,0.17287056906197612,0.4566675298760846,2.113459136079508,-1.2505791905350432
7,70,-1,0,0.3258702897386581,-1.8331673344936465,0.6097518449055829,-0.39387388840428667
7,71,-1,0,-0.2720756782542518,-0.8294069153911541,0.7128398658602566,-0.18852399569176062
7,72,-1,0,-1.2966238157788657,0.36239262064459926,-0.20135057748382384,-1.2091136241709783
7,73,-1,0,0.40090290113571597,0.28305976654315856,-0.3750605715244207,0.9801009784284919
7,74,-1,0,0.6114115120047686,-0.7968465831964071,1.3656977786723767,0.24821419828112096
7,75,-1,0,0.812102729159627,-2.427493718221868,-0.06585889925181389,-0.6323082877273049
7,76,-1,0,-1.3587270626459693,0.7109284187879894,-2.6691264477965126,0.028022562871924412
7,77,-1,0,-1.2389855985794598,0.1198816116635572,-0.2983076432387184,0.9673868673621647
7,78,-1,0,0.4980230354234779,0.3335425326780574,0.977179822385241,-0.41054053135053514
7,79,-1,0,-0.7323321157088497,-0.2980312366393458,-0.790422360066251,-0.14553550948609398
7,80,-1,0,0.33980541459228725,-0.7975341351496632,-2.11427553455488,-1.4825479341702752
7,81,-1,0,0.12634738494734815,-0.31123224248242065,-0.21259218601946112,2.2260020272170404
7,82,-1,0,-0.6081904325890072,-0.890573837657332,-0.8240306058886402,1.2340909918533367
7,83,-1,0,0.66186405895839,0.14425016266090335,-0.6408073988384007,0.3045743489517339
7,84,-1,0,-1.2859954945779544,-1.802179184570492,-1.2260467372731048,-0.6562827037480224
7,85,-1,0,0.4498666590420266,1.0258981214560445,-0.02480686759001616,0.2544798185484929
7,86,-1,0,1.904977702807788,-0.9519810096582896,-0.6591868288294899,-0.7493875985270851
7,87,-1,0,0.47594756995646026,0.9188401573524614,-0.3437328786922556,0.7198354641717274
7,88,-1,0,-0.8008853499229521,-0.40342167860810335,0.8771568538739859,-1.353774209619079
7,89,-1,0,-0.9407886306303589,-1.274879614843146,-0.24801542302387725,0.6359277825434728
7,90,-1,0,0.8057363555557903,-0.09256670612011082,-1.8657724068495563,-0.39148435313900204
7,91,-1,0,1.156958250317925,1.8284188904339795,0.48934374680976217,0.6326879026529546
7,92,-1,0,0.13362414573034279,-2.13697350323178,-0.43719633053567936,2.714450352473336
7,93,-1,0,-0.9197981155702323,-0.7158448730656897,-1.4597964624011373,0.7415229939095006
7,94,-1,0,0.2071882810523353,-0.9362204276122504,0.06253585046799175,0.38572030898004006
7,95,-1,0,1.115206984703785,1.9387670729313207,2.423983589757197,-1.6656575232451845
7,96,-1,0,-1.0727689770717361,-1.7405793560930252,0.24514475515339482,-0.3298289888143797
7,97,-1,0,0.31717246886776185,1.2762187700454084,2.1348707378987863,-1.080087976346275
7,98,-1,0,-1.4928229091086147,-0.7123749095995844,-0.1520152730694787,-0.6997083329675896
7,99,8,15,0.8374420192750004,0.6003345707790455,1.4276198931363198,0.5674165423603368
7,100,-1,0,-0.313842392025531,0.5880070185106928,-1.0625994956280844,-0.4993474750433598
7,101,-1,0,-0.8593854174299775,-0.003908891843023135,0.02942859152463169,-1.2330580346654425
7,102,-1,0,1.5455842631861005,-0.8787378591973563,0.7710428848160994,-1.1728991378991913
7,103,-1,0,-0.3895383854950266,0.945591955215851,-0.38976004270977843,-0.8225347319953029
7,104,-1,0,0.08339866475431984,0.38643601398080274,1.2703190559646331,1.3297280600886738
7,105,-1,0,0.3335895037473666,0.34495466526971724,0.45115845254480536,-1.129475432088112
7,106,-1,0,-0.56282732792251,0.008783033557417521,0.324326645888167,1.63871180757929
7,107,-1,0,0.9461268663699978,0.39785740277748266,-1.1460674840431373,0.3658089572539521
7,108,-1,0,-1.045342110226885,-0.5699420506637944,0.4957431130523714,-2.172944511317598
7,109,-1,0,-0.14921159649878526,-0.5104370567291652,-0.8557973588647322,-0.7948698657357723
7,110,-1,0,0.3714146102279015,-1.0872650090418503,0.36974991214820285,-1.0349622262272704
7,111,-1,0,1.1819351268300036,-0.4927036752513977,0.21005247400789798,0.10421573791772283
7,112,-1,0,0.14283740958467964,-1.6497047917784604,-1.6146622467811862,0.9748487856980406
7,113,-1,0,0.15066885746890954,-0.42146426319832625,0.10898325464715775,1.7461147064524039
7,114,-1,0,-0.5478733502877209,0.14598822197570607,-0.5580751787808781,-0.8138723024747587
7,115,-1,0,0.0757058291619022,-0.08769675951734439,0.053448057503307216,0.661453753413795
7,116,-1,0,0.04746139781004046,-0.32591892410351175,-1.411272219634719,-0.6990798782980135
7,117,-1,0,-0.23304868354349442,-0.9280411725890262,-0.21933586264397312,0.9408147076716952
7,118,-1,0,0.2247790213793555,-0.7465416698774593,1.0099091160908908,0.8379014349774042
7,119,-1,0,-0.3363450977496292,0.2213306047792815,-0.8607422152295912,-0.5243456449247432
7,120,-1,0,-0.4745209476950913,-0.8828515456672662,-1.458546083968502,1.0974875467358645
7,121,-1,0,-0.2309634250460911,0.31863830813788535,0.20230825105365186,-0.9187218249492319
7,122,-1,0,0.032376557863565136,0.06678484213088486,2.908817975991945,2.0304132943190245
7,123,-1,0,0.9026664425746382,0.4654751746778394,0.2634575102925912,-0.2633655491002164
7,124,-1,0,-0.5761132611745923,0.00138623621556164,-0.4617805206742891,1.1694601465846992
7,125,-1,0,0.11156781207069928,-1.8778468734085967,0.6944542000450875,0.18716195882147424
7,126,-1,0,1.3793890443114363,-1.818626276689185,-2.0082765513504652,-1.2352656448111279
7,127,-1,0,0.13511519243971623,-0.7086367041822756,0.33302385697682946,-0.3074079345295947
7,128,-1,0,-0.09849656804132233,-0.17443190321661142,0.1843126392252458,1.0105022021026064
7,129,-1,0,0.7665160507345052,0.4259633125980605,1.5310139861933179,1.2037985267773432
7,130,-1,0,1.6591186012903871,-0.20566480494052558,1.9648897342198648,0.10589443394188389
7,131,-1,0,-1.113388118320154,1.3049574295009574,-0.6879445464567441,-0.09949356565923773
7,132,-1,0,-0.5280006013950462,0.23664315119013815,0.31766627151438787,-1.2149807405170532
7,133,-1,0,0.21073547126421247,-1.0460410491851284,0.46820387006224073,2.1498779169638005
7,134,-1,0,-0.36532525846037744,-2.1001083623047148,0.18683484758042776,1.3967696817141277
7,135,-1,0,0.32959474860187227,0.07123094320507622,0.9297946942838706,0.47029748808815364
7,136,-1,0,-0.1690837174356959,0.2376008041722597,-0.1529868288176182,-0.9070454354995479
7,137,-1,0,1.560388152116266,0.18765755318165067,0.1287477648659855,0.8424943383477367
7,138,-1,0,0.0022731639132621867,-2.004539678330518,-0.8564241861851225,1.293838296116101
7,139,-1,0,-1.339288580277179,1.5375172843176532,0.77257605826606,-0.15033046326437097
7,140,-1,0,-0.264209156555273,1.0925830352636703,1.7750838054399465,0.07241495483487093
7,141,-1,0,-0.7674375248171544,-1.828609551342843,-1.191358349030078,-1.8618089711579158
7,142,-1,0,0.8566095474053266,0.1417812675712608,-0.6318958368657797,0.21819697498832386
7,143,-1,0,-0.5110779555767805,1.7861565495588076,-0.19628935951875318,-0.4763595037951203
7,144,-1,0,1.2725615512708663,0.2606594667898124,1.528087628633836,0.2501542285706742
7,145,-1,0,-0.227701963123753,-1.37049530143844,-0.7068934019775904,0.5303786749251013
7,146,-1,0,0.04978086406276867,-0.2978877394947962,-2.132277585701879,0.7795601641337333
7,147,-1,0,-1.405090587629053,-0.0852344477123584,-1.2550026133723866,-0.65064922087489
7,148,57,13,-0.618603608864721,-1.694644923586415,-0.4488455301054535,0.7375172742856875
7,149,20,9,0.5645644584357913,2.1810091236600866,0.4408861905336963,1.0367086632616598
7,150,-1,0,0.4025721867133629,0.16307492257400447,-0.3802629858872925,0.8180453624906732
7,151,-1,0,-0.43366709208543575,-1.0871556899947687,-0.46285393275686293,-0.8483438952944959
7,152,-1,0,-0.17086141169500804,0.2166493111797214,1.4321523756498422,0.0003104125572479555
7,153,-1,0,-0.864425931768913,-0.31965096850198754,0.3391099052229624,0.3371522873469331
7,154,-1,0,-0.3153665330985119,-2.0328759904529767,0.5797655533779982,0.6702182716396282
7,155,-1,0,-1.2665716443104376,-0.8699995991827287,-0.9801093916253651,0.7491968706994493
7,156,-1,0,0.8959229757953552,0.16258992276559506,0.9074279583251187,-1.5048028506038875
7,157,-1,0,-1.640435320527079,-0.24496052343860308,3.297214556043668,-0.6096122953768207
7,158,-1,0,1.1848743799709203,0.1647458365604748,0.35316358494388245,0.20673163229361408
7,159,-1,0,0.5999838636247855,-2.7351690860653073,1.0671898166504636,-0.22586186194041571
7,160,-1,0,-0.9067128770842435,-0.2199647643870901,-0.27656686143273485,0.05270970040663402
7,161,-1,0,1.3029495634106025,-1.0142781332848603,0.573743457618733,-0.4057711532257222
7,162,-1,0,-1.3122049141205052,2.4267368841549892,-0.47891501565458516,-1.4800950229340226
7,163,-1,0,-0.044966785668367724,-1.2407077814030107,-1.0199143782332623,-0.3209949267743393
7,164,-1,0,2.110765421013346,1.0575491130505552,0.27844331426064206,0.6039524357241376
7,165,-1,0,0.8167234113448683,0.9732464781052456,0.43213974516902787,-1.3562201791644357
7,166,-1,0,0.5866119218065347,0.6593112327079215,0.5850657637347557,-0.07017729724603736
7,167,-1,0,-0.18404250355024485,-0.14567460678167496,-0.26032682398770735,-1.861926693670629
7,168,-1,0,0.3109344091731223,-2.108436249137106,-1.3148920438801481,1.6103705005097606
7,169,-1,0,-0.25279362321636833,3.86043617918107,0.18911709670260385,-1.2191482993655411
7,170,-1,0,0.558427090391878,1.0381766446590508,-1.6551269190056668,-0.27618753491376624
7,171,-1,0,1.2548524015621763,-0.319618889179087,-0.20062374338074265,-0.18411558570513908
7,172,-1,0,0.0514556582139091,-0.49603503874437105,-0.7678699373415105,0.14594680538679863
7,173,-1,0,-1.525818408970786,0.20201430480223473,1.545247314148885,-0.31187445567355293
7,174,-1,0,-0.19452602008034658,-0.19184838952482408,-0.40663813067858845,1.3164419547998765
7,175,-1,0,1.0037383892092926,-1.5616365586746876,1.43877236511228,-1.0462687568058762
7,176,-1,0,1.1199647309796592,0.1848699648326172,0.566507082280897,0.8587838762545514
7,177,-1,0,-0.3781214077609974,-0.9112540244017999,0.7012096755662166,-1.243592944236698
7,178,-1,0,0.3259725009662617,-0.8992401232469589,-1.3102724671195602,1.2340272735559028
7,179,-1,0,1.193132820341888,1.1552959690157527,0.7876911871710189,-0.8107090212636524
7,180,-1,0,1.8045539858707784,-1.4219061523364813,-0.0751749370902917,-0.7087662709649093
7,181,-1,0,-0.7012651799059497,1.1161138352167397,1.8941973361836406,-0.056629569816109115
7,182,-1,0,0.45079813987128997,-0.43778170561212415,0.3931713898957891,-0.23388425334865007
7,183,-1,0,0.04744377284583038,-0.4282557572064866,-1.9016085190767604,-0.22996279507645825
7,184,-1,0,0.5721093870337943,0.26546642510552,-0.9921478517768417,-0.18024930693220312
7,185,-1,0,1.1801951018643,-1.1913543665356472,1.5288724032245342,0.710643632680193
7,186,-1,0,0.16616354869029676,-1.2485976468280962,1.0726326176423924,-0.11782569764167243
7,187,-1,0,1.242117645091158,-0.18353356169537502,-0.36104515369380247,0.37941595657004257
7,188,-1,0,-0.5673597419812805,-1.5545442884600036,-0.35856114197869166,2.100102936080679
7,189,-1,0,-0.02254974773186411,-1.6580681914458122,-1.5439976955561308,0.9539109271777708
7,190,-1,0,0.14610054462869038,-1.25375396201705,0.5134840418477974,-0.30383137519422176
7,191,-1,0,0.7346586346414549,0.49570179927868785,-0.020218325207665182,1.1852520406569813
7,192,-1,0,0.662749782779566,-0.27864502688825055,-1.3694027954702284,3.296876537959765
7,193,-1,0,-0.6190558887005635,1.2204471153187195,-0.5702840061570328,-0.5013385684815759
7,194,-1,0,-1.1844783595202228,-0.15561261596006343,1.838014529592762,0.338718111968443
7,195,-1,0,0.267728162636127,-0.8124062772954885,1.685322371645786,-2.108747436030899
7,196,-1,0,-0.4505141485255387,-1.1035192774846965,-1.8525244680260953,0.7975435838010209
7,197,-1,0,0.6173817651932096,-2.139917393642931,-1.1736438841152053,0.28140484573470587
7,198,-1,0,2.024825002128639,-0.6313372247818406,-0.5511070279266115,1.042135846580653
7,199,-1,0,-1.6744306784291259,-0.8260804511796385,1.3289028434136174,0.09666359329576658
7,200,-1,0,-0.09343166199207606,-0.25157078546918926,0.3254277222989568,-0.13008963242610164
7,201,-1,0,0.25608397249236536,1.3205024008871091,0.24577013047676874,-0.07806088705570069
7,202,-1,0,-0.4453436786423457,-0.08143453909969518,-1.3897194527608134,0.30438898328942277
7,203,-1,0,-0.8707782187790215,1.1401137983986354,0.7930690809155839,0.27916225788853954
7,204,-1,0,-0.48443712212793844,-0.6927178949858088,-2.025600729543746,-0.3652310880650756
7,205,-1,0,-0.363407960399844,-0.5042881803490267,0.6091436481102891,0.3003393861677207
7,206,-1,0,-0.557761644056428,-0.5842003319221022,-0.05835967313543856,0.6515364417654051
7,207,-1,0,0.25499532788269375,-1.1748222315368246,0.14465629850122969,0.16884393238451417
7,208,-1,0,1.29301030316387,-0.7913583656769838,-0.2080133259228642,-1.1861221478061565
7,209,-1,0,0.19925978006412703,-1.0412474926702684,1.6183726678734183,0.6290826194319692
7,210,-1,0,0.9202263315402613,-1.0986997742337892,0.31425482663909443,0.21280045073222756
7,211,-1,0,-0.43065531614007707,-0.10093934914106795,-2.357400127694741,0.4280342437071592
7,212,-1,0,-0.7360703245355943,0.4833248576501898,2.3303982889534662,0.2543951850936746
7,213,-1,0,-0.056112020475858324,1.0065370963495932,0.3875185740380019,-0.3814971441307712
7,214,-1,0,1.378105127766796,-0.1101092626683978,1.0562154105894135,1.0092101344368483
7,215,-1,0,1.0321874586699513,0.8238319406521963,-1.751940571155317,-0.6407126786667398
7,216,-1,0,0.20552128767531763,-0.9209942236874588,1.2647110490330857,-0.5219521416795833
7,217,1,21,0.06699102490463857,0.9344501823004254,-0.33512791127513175,-0.681868760658299
7,218,-1,0,-0.35086073929110817,1.2095562648589195,-0.1275163765556464,0.030196735603059147
7,219,-1,0,0.14249280568941114,0.009073746027721315,-0.6697053732228697,-1.2429883199487488
7,220,-1,0,1.0475587050397164,-0.7097506778351488,0.3033310845226315,-0.34822020272070103
7,221,-1,0,-1.4665529360304028,0.25427817928037905,0.6830272051224281,2.1446261987527904
7,222,-1,0,-0.3815785394707308,-0.35517315643840797,0.7702338191776855,0.1278160443987511
7,223,-1,0,-0.31190894790385365,0.3534860130537095,-0.8570722750597265,0.514894936210953
7,224,-1,0,-0.3127818645366078,-1.5347656020067386,1.9045616569184998,-1.7529049137960508
7,225,-1,0,-0.6059921179181534,0.5938777884736154,-1.3269504943223842,-0.3069034377819256
7,226,-1,0,-0.4203156668308416,-1.1299542576086694,0.08465620710810617,-0.211478433758047
7,227,-1,0,-0.684838221711353,-1.3655311164595842,1.023475685582583,-0.7338588895683026
7,228,-1,0,-0.6802221984274528,-1.3707647565747032,0.7829950528661478,-0.33261598950604027
7,229,-1,0,-0.2963143905024139,-0.9884726801506749,0.8130972500219206,-0.8119007875380245
7,230,-1,0,0.4184438351783799,1.0331236328558167,0.16373517777203767,1.4222564628360752
7,231,-1,0,-1.3588067415039011,-2.094359522473395,-0.31464061830868856,0.9290970995892864
7,232,-1,0,-1.6778356761915543,-0.8715994746742228,1.374461358398014,0.7700853146033099
7,233,-1,0,0.8708615732903042,-1.02796253270204,0.8104482819164737,0.6716537052918646
7,234,-1,0,-0.5733989308319613,-0.19281664951115493,-0.3551971842585052,0.9458382297355862
7,235,-1,0,-0.03893489874952842,-0.4830794012282944,1.6986467833950736,-0.5874495208593161
7,236,-1,0,0.5288101881192739,-1.2369995578263266,-1.8322973660084994,0.6268640466656324
7,237,-1,0,0.9768796319568928,0.5646017677475035,1.3046642590337743,0.5206121445285757
7,238,-1,0,0.6978585619578626,0.9544598690277311,2.9064226819567907,-0.11028156262492438
7,239,-1,0,-1.2659361323275846,0.6749092820682503,1.196190844711035,0.6393014340463582
7,240,34,17,-0.29413196908364747,-0.24481975449939763,-0.19117022318378155,0.7439304716655409
7,241,-1,0,-1.65579937524756,-1.2685083108438742,0.03529173656185913,0.00925420561022134
7,242,-1,0,-0.13931507397692383,1.202798990102829,2.8781699942141166,0.5216712665751836
7,243,-1,0,0.7279553647752812,-0.10881382260375574,1.4536032428868462,0.7677162339284026
7,244,-1,0,1.9588452284676505,-1.1021120208468622,0.06745451622670547,0.8088745125497232
7,245,-1,0,-0.14152152101723567,0.07310847748337455,0.5799652771538142,0.9461371681109982
7,246,-1,0,0.17015933812991177,2.1432587724177337,-1.2104207194103207,1.2916965997613234
7,247,-1,0,0.48568447510307633,0.2359340411263996,-1.221348170878891,-1.732925005398197
7,248,-1,0,-0.7705121720246505,0.3677649029538481,-1.0686610284930989,0.8839023851116955
7,249,-1,0,0.4792187253309316,-0.4296780441269186,-0.5828672037874992,-0.12706391683031767
7,250,8,12,1.5819781641916977,-0.25464374848539945,-0.4463117468454593,-1.4710047592969424
7,251,-1,0,-0.5878586171896718,0.2833258653050512,0.5183666069689986,1.5212583114216782
7,252,-1,0,0.17193652411311383,-1.1165996503698157,0.37380694703163886,0.6592517874772912
7,253,-1,0,-0.9611887520931581,-0.3695251376890032,-0.07947346039004162,0.4373807966046213
7,254,-1,0,1.0129497530935399,-0.17529966896052887,-0.8924260637588951,-0.7747982348462349
7,255,-1,0,-1.2637003356587027,0.8880741201789651,-1.397565042357392,1.014677707698128
7,256,-1,0,0.5328012378815884,1.4955854324305489,-0.07430053162943566,0.4241829035389872
7,257,-1,0,0.2449287127767648,-0.5245830440430032,0.6250539862355322,-0.7405803428057198
7,258,-1,0,-2.328003236040905,-1.526117341094447,0.6115544905700695,-0.0012201354422007205
7,259,-1,0,0.4778724473211595,0.604717624104589,-0.6607361454590952,-0.6037630660903403
7,260,-1,0,0.10823733221527883,0.46500372595787853,1.1128670765483337,0.49650902316437995
7,261,-1,0,-0.039173352482309236,0.7459121128858663,-1.4922470171403686,-0.3956892376585164
7,262,-1,0,0.41204609349313,0.6629514923259859,0.2203918946840432,1.1519422307040856
7,263,-1,0,0.641141132362368,0.268227730463033,-0.7025222110380951,-1.4227820909022568
7,264,-1,0,0.19181430993675352,1.1315615476097416,0.9983130306665633,0.6713545729719131
7,265,-1,0,-1.0553680968559003,1.3791297753238856,-0.6787856498006363,0.7215643778715878
7,266,-1,0,0.9049996607809709,-0.650937485338038,-0.22878709276498943,1.5421605399440022
7,267,-1,0,0.19283090761521654,-1.1139627956786395,1.409444442656669,0.44622790810877727
7,268,-1,0,0.6368815211623731,1.131071345846401,-2.480060206667982,0.2674987761388505
7,269,-1,0,0.5034145376960518,-0.06520643914059672,0.6461574359459598,1.5996840108015826
7,270,-1,0,0.14746739105026774,1.279132507862613,0.5318753810283275,1.2153421158912705
7,271,-1,0,0.16706345821405516,2.8029008451676503,-1.3069039580113373,0.022668361114596088
7,272,3,18,0.797187293922742,0.5297108015326139,-0.6659580865100793,1.5921289907697815
7,273,-1,0,-0.006542327272279071,0.2117203452862014,-0.5021524607208444,-0.709583566087117
7,274,-1,0,0.2722990472897978,-1.2643639920993541,0.5512278133968587,-0.11265728300896855
7,275,-1,0,0.2057585548335917,0.26235517884428317,0.4094589379701163,1.2300933902297737
7,276,-1,0,-1.599091160155628,-0.5442160534072631,-0.05417144279979018,-0.19091388105950163
7,277,-1,0,0.5381590031514938,-0.3975205040573429,1.5072000017984257,-0.9410385808304204
7,278,-1,0,-0.9573249147230726,0.03490582807344563,0.1259683902124315,0.061465619179241864
7,279,-1,0,-1.1443019671178605,0.019106813283448387,0.6675568576301314,0.46058732612577585
7,280,-1,0,0.9232112814211344,-2.000742331311905,0.6157668103620092,0.29930653371059146
7,281,-1,0,-0.34971966949704203,-0.05973160859054834,-1.6874177607457852,2.057669683207943
7,282,-1,0,0.13135535729520065,-0.03305182502803528,-0.9674523714115174,0.031038306707381464
7,283,-1,0,-1.1630995703638285,0.009138415356933296,1.4148110286303641,0.6705644858034148
7,284,-1,0,-0.9166116618162103,-0.5992493430112005,0.17597575627479625,0.5076330170690624
7,285,-1,0,-1.0003444066610696,1.8056754080573352,-0.3687689936731917,-1.174525242727049
7,286,-1,0,-0.6640467276358538,-0.019666884314957618,0.10318026126928237,0.011895363725069254
7,287,-1,0,1.1254991379707255,0.24201066465209256,0.9602440304047094,-1.4867142939311175
7,288,-1,0,-0.3351757655318356,1.6904929474974746,1.9750885444044946,-1.8878387568857529
7,289,-1,0,1.1626553016314847,0.4115319460764971,1.034313838362532,-0.600381517839859
7,290,-1,0,0.000402915612449505,-0.8929610864898179,1.0146428557084295,0.31705375175851364
7,291,-1,0,0.9289843871040594,-0.4514338350408283,0.5097895885917385,-1.0702338862672618
7,292,-1,0,-0.4423514861884033,0.41170589029562654,-1.1241353604691569,0.9740108798667687
7,293,-1,0,0.15515411995378234,0.05699854626196015,-1.0535884067017578,-1.5813527883604572
7,294,-1,0,2.5487131226500264,0.25880412243662165,0.10765761607135717,-0.29460045294063436
7,295,-1,0,-1.0948356529875642,0.9331718338437228,-1.393035765827828,-0.6446181218345418
7,296,-1,0,-1.4769230755355618,-0.302108017210316,0.07629873387420087,0.4884960036886906
7,297,-1,0,-1.0026167684789211,-1.0981299978313783,0.01359881790002267,-0.6283997914034161
7,298,-1,0,-0.5389738855711308,-0.8868367380836479,0.5228041477225973,0.518752461850286
7,299,-1,0,0.7379779015752505,-0.6952510535877667,0.6956427031778225,0.90889440920406
8,0,-1,0,-1.4504254854008154,-0.5708193575985497,-0.15751328233807746,0.64331664743395
8,1,-1,0,0.5332273385518372,1.1055486443829834,2.123331019828868,-0.039767678203527675
8,2,-1,0,-0.6130156459267212,-0.7353156052062128,2.275400482691217,0.1663347745480544
8,3,-1,0,-1.187166730420229,0.8440799584779849,-0.2649207575701008,0.23331341794525742
8,4,-1,0,1.3099556309230085,-1.1348397210214,-0.5029563950509923,1.8100176612786596
8,5,-1,0,-0.5642976442942655,-0.17310418855668988,0.12738554456961731,1.7748560099891688
8,6,-1,0,0.26203973648087203,-0.2738987142760255,-1.2165287564621272,0.3524433073178942
8,7,-1,0,0.8906544046643833,-1.1673065908638858,-0.3132140411233118,-1.0676456066156927
8,8,-1,0,-0.17205791298709858,-0.05690304060808675,1.1140693556235304,1.1643647475160726
8,9,-1,0,-0.45026716913753245,1.6417238148797428,-0.6144556493912727,-0.0008019536596149034
8,10,-1,0,0.05062951732155331,-0.6950423724475029,-1.7916264982651973,-0.058224734493012506
8,11,-1,0,-0.05937463913880477,-0.9028408457364224,0.4806500105899657,-0.19534161320106952
8,12,-1,0,1.321090576609364,0.157063238699424,0.08291570893761234,-0.5515656687342194
8,13,-1,0,2.835360449275267,-1.1575121375738144,-0.4097774430993726,0.16241162985614666
8,14,-1,0,-1.435797215537455,0.7259125290634747,1.1568926842864595,-0.1695792787274259
8,15,-1,0,-1.0424766608765497,-1.0274346211494152,0.5830885710248261,0.23582072865738096
8,16,-1,0,0.8608705176585262,-0.4978829899819762,1.4920179481592364,1.583664457656927
8,17,-1,0,-0.18738224886350793,0.05645187863709165,0.10074173797556862,0.7665986300435434
8,18,-1,0,-0.44008780047402496,-0.756345457221088,0.14658414682777585,0.8484444266858739
8,19,-1,0,-0.10060366695728105,0.03015483696765347,0.8416186284317054,0.6670068404641741
8,20,-1,0,0.37556691504975226,-1.1508563974972916,-1.5563420977945075,1.3965130148407874
8,21,-1,0,-0.8316483526378822,-0.006078711249434134,1.1580664543040944,-0.3018162769280227
8,22,-1,0,-1.6684517276740125,-2.954915484444477,1.3967087152844502,-0.5191509442773263
8,23,-1,0,-1.3077939411359083,-0.6342692926311887,-0.165639577265795,-0.047035635130457866
8,24,-1,0,0.6390058750708892,-0.8529573130914694,-1.6168170478916588,-0.5875386765586204
8,25,-1,0,-0.5032001393221565,-0.8828163247780246,-2.4437401908160727,-0.6742382205355565
8,26,-1,0,-0.03110385499046787,0.14379398643635222,0.3543856245546656,1.2262055174527413
8,27,-1,0,-1.693756715198128,0.3971278644413317,-0.23919549996688946,-0.24508306461207477
8,28,-1,0,0.4779685571855418,0.7179020515203283,-1.1960651953102261,0.33147508113378826
8,29,-1,0,0.5211719643326557,0.5280343909928522,1.1026467408649665,0.036224965542539816
8,30,-1,0,-0.09722364307955494,0.5035356547199981,0.6122622872718015,-2.7947416684164006
8,31,-1,0,-0.918126807098822,-0.03683000230111344,0.32562070002952653,0.22881603310511966
8,32,-1,0,-0.021932741018228424,-0.9590715572172147,0.5998238171475729,1.2910280388874416
8,33,-1,0,-1.1831994395171685,-0.029823221745955048,1.9013426384067937,0.49828795870453635
8,34,-1,0,-0.5751718481145708,-0.6781198468784538,-1.4756305849015605,-1.6713857219393176
8,35,-1,0,0.6916787841770105,-1.0804803749801428,0.8947216855948181,1.0520369439428705
8,36,-1,0,0.01629723401774072,1.2139608465605018,1.1119016794761003,-0.20798485136428044
8,37,-1,0,-0.410054734087302,0.2601641457195386,-0.28931904485255294,0.5071929980796539
8,38,-1,0,0.7030321110831452,-0.6894638058181247,-1.1897603243290875,0.8391157704144097
8,39,-1,0,-0.22886412293078048,-0.4946836201569635,1.8433085009865253,1.4225738724687276
8,40,-1,0,0.06677378434966849,-1.789941871799423,-0.12143282555185596,-0.576364463261394
8,41,-1,0,-0.25431479859348033,-0.5711827774027558,-0.6635595436093153,-0.6643734268862945
8,42,-1,0,1.578994267644086,0.8818460156312872,2.281242613153286,-0.2653915857145445
8,43,-1,0,0.33332792975981573,0.40367416407924933,0.8460422081291912,0.22178151849268074
8,44,-1,0,0.6781463568298496,1.554554402766167,1.3711652959572422,0.6527337015469724
8,45,-1,0,0.0404021514278516,0.9007088676604058,-2.6270733150039822,-0.09555672136061669
8,46,-1,0,-0.9345870393363718,0.8221456941810824,0.2339000609312742,-1.283176032847734
8,47,-1,0,1.188618112501003,-0.8499290793712165,-1.0103192858723695,-1.0671190617396875
8,48,-1,0,-1.4820990924226192,-0.40131995615691823,-0.6483266533181642,0.46878747567171514
8,49,-1,0,-1.1296518577326775,-0.5532877131805635,0.23908582028473982,-1.3815759246539276
8,50,-1,0,-0.1461905755675315,-0.6067172977612038,0.46175152531454816,1.1788808446394081
8,51,-1,0,-0.7077865681278181,0.308633135931316,0.9629994568193884,1.6221731838118763
8,52,-1,0,0.12450479170215233,0.6812078645573849,1.2774012558133823,2.0623643531689058
8,53,-1,0,-0.4642724968427315,-1.689994398294454,2.1560549161646003,1.6510848528174575
8,54,-1,0,0.5908787800349279,0.4199845614000535,0.3916565607593833,0.6575605691103964
8,55,-1,0,-0.3762831830038707,-0.4404774862596301,0.9721198162740461,1.3690334337332253
8,56,-1,0,-1.1391734083004441,0.02205042803309127,-1.1642961090481516,0.21410825474910397
8,57,-1,0,0.5667575943763637,1.465086910083333,0.5034210909750616,0.970982931771863
8,58,41,20,-0.7782816665556798,0.18951979223220677,0.7417205422672808,-1.197220429400478
8,59,-1,0,-2.368827850905367,-1.4891463289298985,1.9462852904382615,0.4240974973968613
8,60,-1,0,-1.2820730426268463,0.017249145654377185,0.3118649069632661,-0.7558161451744393
8,61,-1,0,0.6692756260941685,-0.3860899321435696,0.056905678935264735,-0.85039468713331
8,62,-1,0,0.5846834523191514,0.02161003536738183,1.6112234407011818,1.269368815747825
8,63,-1,0,-0.42336311321289827,1.3181831056951092,0.051972517575920696,0.7719019483151589
8,64,-1,0,1.0421484040997286,0.105433341030946,1.1401707789930104,1.168972026103504
8,65,-1,0,-1.2251649674445453,-0.7742684230134499,-0.19029421267225569,1.9570695657074209
8,66,-1,0,1.1456799318094013,2.0645041589483615,0.12846001446523153,0.7463299524019228
8,67,-1,0,-1.5009715932481897,-0.8072316961679145,0.8915213017108891,0.32433599153621256
8,68,-1,0,-1.7655411921378958,0.270991090954582,-0.06286141387260627,2.3382964507110056
8,69,-1,0,0.44577010269189055,-0.4107079641770988,0.20018678608508608,-0.8667524205670261
8,70,-1,0,0.5106678422605342,0.7507428029442433,-0.1305563341842898,0.6535971789004129
8,71,-1,0,-1.6372051417218016,-2.3944614052745745,-1.780543118342247,0.3685646081708166
8,72,-1,0,-0.14932637132669785,-0.31819218275309863,-0.5431815501466446,0.011107754357095705
8,73,-1,0,-0.20965610694889378,1.0840216302024768,0.16916906651958696,-1.3431880958042708
8,74,-1,0,0.5402016747948789,-0.26195568029623245,1.8445997772858145,0.9683492551009457
8,75,-1,0,0.634405515880634,0.34104143876094234,2.1614596731072386,1.1457893769533458
8,76,-1,0,0.47103262745555285,0.3191374035113948,-0.4822452696953707,-0.6073879175613203
8,77,-1,0,0.12448355388905673,0.36913596832026274,0.8917690810896733,0.8382809015336845
8,78,-1,0,-0.5574451739648976,-0.6437014231985441,-1.2004173587418352,0.05190355863019704
8,79,-1,0,0.2983281374233396,-1.2223946444639073,1.5492704215909554,-0.3103222947199905
8,80,-1,0,1.9636794036627414,0.8877651501415391,0.5698273402409043,0.32890200482766374
8,81,-1,0,-1.4924541396866622,-2.031392470753949,0.2084848600986116,0.4288350240910469
8,82,-1,0,0.43048439431936125,0.9806051607658928,-0.9703416997785672,-0.5155559573518558
8,83,-1,0,0.7222499399259836,-1.6818671725579906,0.12934185521698927,-1.1939646917285538
8,84,-1,0,0.37296113394960684,-2.0131649191251664,0.3113263671416848,-0.6141637916423415
8,85,-1,0,1.5561498005062797,0.9782969098438097,-1.1329868473589066,-1.2099769416471442
8,86,-1,0,-1.6964780505677342,-0.057858042512315466,-0.858975184036552,-0.05576852963769655
8,87,-1,0,-0.5676080663971543,-0.49086547237369627,-1.2185891104533069,0.9344505714838789
8,88,-1,0,-0.18982815927929703,0.722360175175134,-0.4402259840610542,-0.22692730740960068
8,89,-1,0,0.6958633284533009,-0.955346985260361,-2.1553705857724017,-0.6712175986545412
8,90,-1,0,-1.3736960298487617,-0.6990697027911059,2.1240987796526016,-0.7871494898046401
8,91,-1,0,-0.14956336290302513,0.7397761148554882,0.24497458847100145,1.3151568629537225
8,92,-1,0,1.222097622489389,-0.6491680100820868,-1.1092555902307395,0.013202132378056166
8,93,-1,0,1.627679966268962,-0.49922124675359403,0.4862461134573745,-0.4216326870912716
8,94,-1,0,-1.3359142631864163,0.18191053023007908,1.7103444066587437,0.5806491809479796
8,95,-1,0,2.3826325579225296,0.0874540398338564,0.28857529517161146,0.6460919636774342
8,96,-1,0,-2.3896102310750535,-0.13393211595292576,0.6758379884197648,1.0883172518470627
8,97,-1,0,-1.1168576929837608,0.7558095371942186,-0.33373490737686623,0.6205472623912803
8,98,-1,0,0.6117322081134381,-1.0543168879941704,1.1535324194774779,0.8631824227748771
8,99,-1,0,0.19812996691536716,-0.3705725810265744,1.4504114554210736,-0.8794587971789011
8,100,-1,0,0.2797234741686768,-1.2116580124258005,1.072200834191421,-1.1865021709495105
8,101,-1,0,-0.8987635378103183,-0.9268523343287278,-1.5583652619677173,-1.5997257137439194
8,102,-1,0,2.8884794624142986,-0.5193167600749232,2.1544023457551447,0.8701747300883335
8,103,-1,0,-0.03214157413413546,-0.7275009522570106,0.5759374702378245,-1.58228614060091
8,104,-1,0,-1.6673883033448627,-0.03193079498796686,1.5985090707854277,-0.8091889361566398
8,105,-1,0,0.17952607733608197,0.29846083519203964,0.5995826907230775,-0.9659081853783997
8,106,-1,0,-0.28334810940537486,0.25934607101789253,-1.1263733200561024,-1.5931567791882926
8,107,-1,0,0.42455934810196644,0.9628629405520417,0.5626292401107102,-0.5509214432604261
8,108,-1,0,1.5395956716469412,0.22052222984386677,0.4745526150532568,-1.0210028126552786
8,109,-1,0,-0.5139719250592554,0.5358400825230996,-0.08308924637117873,-0.8924457340701483
8,110,-1,0,0.875346284748907,-0.4628305881108931,-1.3515090547245308,-0.0685167916746332
8,111,-1,0,1.5676983830860822,0.9549788912299337,-0.027851222328536717,0.5780308589329247
8,112,-1,0,-0.18389408205943203,0.7638034692445266,1.0951789511250984,0.16870857311965196
8,113,-1,0,-0.07166081518159576,-0.9423139242256867,0.18598740138331507,-2.092724624804572
8,114,-1,0,-0.7878670405044275,-0.29203004167204055,1.026297637554013,-0.5180601988036483
8,115,-1,0,0.6042737397575687,0.6027731345529781,0.12130479995185708,-0.3349002664045201
8,116,-1,0,0.056839045998669464,0.030485172796030392,-2.098382892011255,0.48332519490856507
8,117,-1,0,-1.1900433947412967,0.2621390978658274,0.8133881580568151,-0.647615899604813
8,118,-1,0,-0.21747485351014523,-0.7050086190879888,-0.11076593905134009,-0.5011061207011399
8,119,-1,0,-0.8985626748533487,-1.8263621389480216,0.142136218923871,0.11449943993892725
8,120,-1,0,-1.2277393033976804,0.6481698887110339,-1.1909000410259671,0.9935703854791506
8,121,-1,0,0.21137937699774903,0.22893106694289803,-0.01215368856396195,-1.2267425417110784
8,122,-1,0,0.07699062068592832,1.3714454665702391,-0.9722788957020235,1.0650788035487906
8,123,32,16,1.4896955163053864,0.92058904931453,-0.2719247727452407,0.007666904961127713
8,124,-1,0,1.4126586372721621,1.2835057455907748,0.16576537080081377,0.07728405529591408
8,125,-1,0,-0.32644055640840286,0.9421771332088522,-0.11269256299793486,0.20548821814816573
8,126,-1,0,-0.40249646509792314,-0.3555121659323356,-0.6462433638395405,0.6559927111532284
8,127,-1,0,-1.0102824574929257,-0.2094759760594735,-1.617465463913133,-0.8820414959436413
8,128,-1,0,0.08900338659006343,0.14200093451369777,0.05735559676812568,-1.120135413501255
8,129,-1,0,0.18759995275536526,1.1122095264182255,-0.8420883504233898,0.681984145760969
8,130,-1,0,0.8489659333028589,-0.2441813224661729,-0.08827494591474744,1.0653990549015069
8,131,-1,0,-0.5365536936188148,-0.8920079179801083,-0.8347671597147903,-1.1769815278285056
8,132,-1,0,0.38019964897675235,0.47287770076004143,-0.2723834406802483,-0.6664252798371036
8,133,-1,0,-0.5210929208002695,0.8634623921639927,0.18144034653503735,0.427607024556409
8,134,-1,0,1.7067162392191308,-1.440503490862719,-0.9535692073165216,0.053809898169923286
8,135,-1,0,1.7761876778339245,-0.06363245218846017,1.447247034450767,-0.1498430620895835
8,136,-1,0,0.10553212819623173,-0.2195584721054024,-0.20982490205298798,0.6528635295341435
8,137,-1,0,0.22412632767659899,1.3618199338080283,0.45402796024794906,0.3261729053924159
8,138,-1,0,-0.17082132315825352,-1.4506752332307766,0.5669760857008391,0.14257882722175572
8,139,-1,0,0.7516019526081091,-0.2646885344544075,-0.4958650919705364,0.967399298489118
8,140,-1,0,-1.5592671101562232,-0.3366344025484157,0.682728113537608,-0.3265429618657271
8,141,-1,0,-0.4606933920342761,1.9863156854539032,1.1855303625918512,0.23117822316265624
8,142,-1,0,-0.26567315008189,-1.8777878456041244,0.0999583762894941,-1.1932660229691954
8,143,-1,0,-0.2630685796522298,-1.3344224013673376,1.5637878335712534,-0.9937934784016065
8,144,-1,0,-0.7766218750985725,1.1099050599768792,1.227958673342368,2.1495086609856675
8,145,-1,0,-0.951413287358334,0.016301736247213313,-0.6768977824954322,-0.056445129232800734
8,146,-1,0,-0.0783937349308828,-0.16320658135946603,0.5922994782669272,-0.3074775807636657
8,147,-1,0,-2.218433031961264,0.2905220941101938,-0.9279064032517587,0.12260411706438312
8,148,-1,0,-1.0039390165557125,0.634789002103244,0.22379356069598322,-1.4654280099924086
8,149,-1,0,0.050197069316317046,-0.0823744008185649,0.8212173164852189,0.4950625655462471
8,150,-1,0,-0.3697084314161063,-1.206231522938498,-0.6960763313002885,2.3096347023115125
8,151,-1,0,-1.2389823315151158,0.3259189631658518,-0.7092579472257798,0.27628411380943
8,152,-1,0,0.129180515040766,0.9978223154600103,-0.5748995032559121,0.7664891098919209
8,153,-1,0,0.41548571690726205,-0.9690503891411731,0.10886722749031541,-1.0961530834032767
8,154,-1,0,0.21165354229755404,1.6891197094762607,1.072011289346668,-0.9027962116973288
8,155,-1,0,0.6415713001316234,-0.6147706760981682,0.5355186832390795,-0.8860138579930964
8,156,-1,0,-1.8433580041465796,-0.6928161624975941,0.4067919367309371,0.41300210801141424
8,157,-1,0,-1.1046464678763823,0.010716790312955917,1.0228028735158696,0.4028267170710096
8,158,-1,0,1.6989399275872972,-2.1816682277207713,-0.28888987567074226,-0.43090751583961434
8,159,-1,0,0.22975178821560446,-0.2832458536854508,-0.08807798082108098,0.2588231374464132
8,160,-1,0,-0.2193839514240508,-0.27123812226887917,-1.5588360174264835,-1.177459806730538
8,161,-1,0,1.7307208127746037,0.7899747061820023,-0.9070222416952796,0.321993333045196
8,162,-1,0,-0.17302752671376878,-0.9451421886955849,-0.5561668596036211,-2.144173323985308
8,163,-1,0,-0.7469782625029873,0.3195745107407722,0.6512885921091912,-1.138776833518885
8,164,-1,0,-0.2834212652964659,-1.9584798942208186,1.7807723428221525,-1.0775317188322182
8,165,10,11,-0.6199659573170747,-0.2586225386380583,-1.2220624915439475,-0.8453433112991849
8,166,-1,0,0.847924393725064,1.6323466972071417,-0.44324897486266485,-0.70658559342418
8,167,-1,0,0.04176557893541133,-0.24543796061451614,-1.0368319048641519,-0.36766960472575855
8,168,-1,0,-1.2125780636688839,-0.8741742671966583,1.4097113864913509,0.8166295725189562
8,169,-1,0,0.0682465324854472,-0.3221972332429323,-1.07022180931991,-0.006755811695484665
8,170,-1,0,-0.5105568907177384,-2.619385326090139,-0.09275561212596582,0.4180825699917328
8,171,-1,0,-0.1761827948491771,2.3286171314192567,-0.8457965316926667,0.5411527155037978
8,172,-1,0,-0.657147614958233,2.2428130048238786,0.7857976284890991,-1.1664826132563026
8,173,-1,0,-1.0048267063929341,0.49259421972892764,0.42414303527428543,-0.18671667262512193
8,174,45,10,0.188907142848026,-1.279851898643186,-0.07457405478697021,-1.2358359339452647
8,175,-1,0,2.0796727199873946,-1.4372360824539545,1.874562128112227,0.6295039720089906
8,176,-1,0,-1.0927478017434025,-2.3088988454215924,-0.44012237398885845,-0.016174078048292847
8,177,-1,0,2.0082854046965597,-1.1689128727607778,0.48318513606004604,1.9609374820033825
8,178,-1,0,0.13632399757522268,-1.3208798723253001,-0.9391086934257766,1.1988871236625676
8,179,-1,0,1.3135465693639823,-0.8880611125910132,0.2886967984803369,0.2100296197660537
8,180,-1,0,0.4540214332834405,-0.6184723162077748,0.36080756426015037,0.6370047632042802
8,181,-1,0,0.2021093017654162,-0.4191809977131893,-0.9972810776386785,-1.1257639312626275
8,182,-1,0,-0.2683838838394358,-0.011956273238634928,-0.49710096446723373,-1.9437825170551903
8,183,-1,0,0.6618255257349567,-1.9978945947313553,0.15985990912489162,-0.5472359177684614
8,184,-1,0,0.775995805171332,-0.5876467273064393,1.3192692687108285,0.6856406837761161
8,185,-1,0,-0.9784288529991632,0.5556376943855157,-0.1461063749706052,0.5325447791784571
8,186,-1,0,-1.4172770407972524,1.1503812049327513,0.4757963505812952,-0.8958584727260328
8,187,-1,0,-1.0311606051828173,-0.29211244226096805,-0.357695045381123,0.7292689707782177
8,188,-1,0,-0.6621704962612726,-1.1880993206670265,1.3406410508070894,-0.17697227948116317
8,189,-1,0,2.3804541537624653,1.305367981823224,-0.6752459176710601,-0.5861085776716732
8,190,-1,0,1.18781395013971,0.7191603474621591,2.6380196783473795,0.6593531222634396
8,191,-1,0,-0.02070330506530287,-2.288070779536741,0.08855403053510454,-0.006959868713669131
8,192,-1,0,0.6925635582449989,-0.052787303070304305,-0.7993611644300699,-0.8359981194683515
8,193,-1,0,-1.0981271886077053,0.7632887711075537,-0.6673982961369088,-0.7163336430831347
8,194,-1,0,-0.7972911093381941,-0.09511342978445426,-0.26898519442422625,1.4789947400990215
8,195,-1,0,-2.526770691377467,-0.5944354213425348,0.6109370373956302,-0.7842555316862967
8,196,-1,0,1.4906502716896288,0.257576245099191,-0.25968462393653674,-0.018076139778341684
8,197,-1,0,-0.8434627307384368,-0.2937025860498968,-0.4807809483904016,-0.059440643356762864
8,198,-1,0,1.4198455076500578,0.429715721827858,-1.5314150046751047,0.36342773812080525
8,199,-1,0,-1.5689845913549674,-0.5426732540472071,0.278560515374447,-1.4421698788276298
8,200,-1,0,-0.4077714064901275,-0.3339491203865813,1.5578352502465493,1.6286194591344343
8,201,-1,0,0.569335026101932,-1.0829844068860974,1.6456970879440989,-0.03707636670521115
8,202,-1,0,-0.4702451929024885,0.22684373049401288,0.21660053345744942,1.0026791359453344
8,203,-1,0,-0.8065348000017702,-1.525934883100801,1.1169518927515998,-0.54643514122936
8,204,-1,0,0.7357593567901745,0.7227726391702134,0.4229356155033013,0.07565537167623045
8,205,-1,0,0.6953341608007647,-0.534744157737977,0.6491654695914361,-0.5906671029229825
8,206,-1,0,-0.76580447079252,-0.5339488718225529,-0.049646069245806876,-0.23539913516188787
8,207,-1,0,2.8444596756579545,-0.14662350345218847,0.17427940985094012,0.3637413729684063
8,208,-1,0,-0.4191524476333727,1.3594126574283958,0.5050389308044116,1.616572881366036
8,209,-1,0,-0.04599756315150698,0.4060020982807624,0.5376257110335106,-2.465009104782074
8,210,-1,0,0.1052191159077992,0.35825109550052964,-0.43865316343740923,-0.6582105106543771
8,211,-1,0,-0.20186043414842272,-1.0011169618755704,0.4151738632732187,0.9162578468682907
8,212,-1,0,0.7687014633453476,1.0805631165385625,-1.731071963456341,0.8346988291041714
8,213,-1,0,0.5762422648127303,1.3571147452963728,-2.20206296132089,0.562132604148316
8,214,-1,0,0.7810997811108569,-0.8107512501503384,-0.3718049970075463,-0.14092305583401785
8,215,-1,0,0.4657441112002997,1.1040431663268728,0.7086450256092474,-0.16621119026709716
8,216,-1,0,0.5476192098010223,1.328097178338669,1.898480397620434,-0.4024910117460741
8,217,-1,0,-0.32658734059200806,2.143088403732726,-1.6211144563227824,0.3806407133587399
8,218,-1,0,1.260589885903211,-0.7756026861809687,0.5900719396653801,-1.9372884608488088
8,219,-1,0,-0.05182076018991895,0.3909039515376696,-1.0757078046149209,1.3596622695611267
8,220,-1,0,1.1116885874723754,-0.05856434144073414,0.33263966702126635,-1.2053389689260319
8,221,-1,0,0.13047432883613105,-1.4570408547464742,0.6010036815254279,0.08231816329445975
8,222,-1,0,-0.9791168340842139,-0.2414193058152419,-0.9707461072785799,-0.6454589928888242
8,223,-1,0,-1.4386879951244842,-0.17293897117520654,-1.494534863373308,0.3139314031259589
8,224,-1,0,0.6319771835816822,0.707024961221432,-0.33944414074752866,-2.1341052620895558
8,225,-1,0,-0.6604307736138529,-1.7452566703656291,0.3178470543337372,0.8208960491143317
8,226,-1,0,-1.2425402872762077,-0.17897397570755705,0.12859982074466278,-0.5985151861682443
8,227,-1,0,1.0234408244856987,0.4790751597246922,0.1362865528660678,0.6544791640632198
8,228,-1,0,-0.7048394142310757,-0.21630114388493182,1.1836689206979454,-0.6319944320022616
8,229,-1,0,1.3716721704998647,-0.2817691368672266,-0.03932097614983104,1.347598469911603
8,230,-1,0,1.099948651122819,-0.2611141739849882,-1.290109874839443,-0.9216118902107316
8,231,-1,0,0.09247354581930277,-2.899943043372779,-1.1106267289397966,-0.7002889316979786
8,232,-1,0,-1.0174794620475622,-0.49241040866879554,0.5079866374113146,1.4489078539334264
8,233,-1,0,1.8341082446515524,-0.0971798485418702,-0.027643624946090243,-1.1253643543462268
8,234,-1,0,0.9868253012003513,-0.24565620165463953,0.6147674638074648,-0.8700484936305868
8,235,2,17,-0.5201964875559327,-0.30235234063688227,-0.2707667562299957,0.29204735287629086
8,236,-1,0,2.051985800333937,0.2762693148628726,-0.37970495046764824,-0.93293218227238
8,237,-1,0,0.08736234447625324,-1.4375641914159156,0.848044771393011,0.7504811429280193
8,238,-1,0,-0.8705955518469842,1.1639145301963334,-0.14634772350514985,0.1279800215346769
8,239,-1,0,1.3479747391233279,-1.690768149971117,-2.5388986022345197,0.788380147711473
8,240,-1,0,-0.11948441102957108,0.817935106249885,-2.1890122079824907,-0.39199718591827215
8,241,-1,0,0.5752061568388961,-0.7842064557366007,-1.249482064336019,-0.8732388926581784
8,242,-1,0,1.0528383494676887,0.06265214982265571,-0.9403111793139164,-0.8207684059485654
8,243,-1,0,0.8365464947409565,-0.08971307919781871,0.7943569139975782,-1.060035852844103
8,244,-1,0,-0.4781008690774929,1.0863489306468563,-1.0042869900334603,0.28108554155606863
8,245,-1,0,1.8724384065526212,-0.7916082281911027,-0.1660905313793392,1.1455145288917847
8,246,-1,0,0.7948373888217163,-0.5477592987564653,-1.2246863511672388,1.6608116384597729
8,247,-1,0,1.1018507301315523,0.41803193251743637,0.4222756348852693,0.779622616056298
8,248,-1,0,0.6465298808975339,-0.47081142078178756,0.7697765861051162,3.340378370677313
8,249,-1,0,1.522145758872632,0.3500075199478681,0.6230764675712473,-1.529916803859016
8,250,-1,0,0.11367927727116607,0.04912967220862425,-0.9595463146836195,-0.47546918650546616
8,251,-1,0,-2.230347495510086,1.0922852690087947,-0.5564175252425816,0.3793638408938086
8,252,-1,0,1.0850818065482206,1.4695308690385096,-2.9618357843750354,0.364674648155427
8,253,-1,0,-0.10864782153043574,1.1918117481850043,0.7567856089512743,-0.26572931328880856
8,254,-1,0,0.33044508092997105,-0.048997056168060604,-0.33749633839097376,-0.27130464001509735
8,255,-1,0,0.00027934662945247894,0.8548399550892771,-0.6791592688918666,-1.654228812117224
8,256,-1,0,0.9578973757138779,0.6857595586484903,-0.33407646570617455,-0.5727423123983536
8,257,-1,0,0.9858123089286109,-0.6164971637571305,-0.48152169202374423,0.01035178184097783
8,258,-1,0,-0.16415496687997555,-0.20151694572597934,-0.3530304217470242,0.4861642948461398
8,259,-1,0,1.7296661188603657,-2.027589255206554,1.6780547419629435,-0.6338456171540519
8,260,-1,0,-0.267939825157186,0.9413309933576361,0.8251638845399969,0.03963242673585565
8,261,-1,0,0.44530077813621993,-1.084904484998485,0.5084831835413174,-1.4963633129338278
8,262,-1,0,-0.9789192724161866,-0.30614844991323914,0.35404837042761383,2.1139118678296116
8,263,-1,0,2.6930549574054323,-0.978397419042028,-1.3944058063895661,-0.7800615976094751
8,264,-1,0,-1.4323235130559318,-1.0141218658856648,1.2836005496355372,-0.3559773736817479
8,265,-1,0,2.1681520810829658,2.6562288556299634,-0.9885850002068346,-0.956944200870712
8,266,-1,0,0.012188459250441744,-0.3710623580990383,-0.2182752198407669,-0.3066684492513404
8,267,-1,0,-0.4775923875940788,1.5176715226232973,1.637851182875183,1.4925681849093373
8,268,-1,0,1.1177514160133704,-0.5502831236587248,0.8341759591454547,-0.5956195121994506
8,269,-1,0,-2.1731795028470873,0.8212657862741304,0.5822768354514567,0.2880732777076429
8,270,-1,0,0.35224102858858497,1.152199327165209,-1.9530970664746288,-1.7836378498962178
8,271,-1,0,-3.57364846275664,-0.557095779070726,2.466493361999886,-1.2242336679695007
8,272,-1,0,0.3618007622280431,0.9986696183392175,1.1987056657911566,0.061575024344848434
8,273,-1,0,-0.8307012822097897,3.141665580125748,0.27535493152598006,0.12420820615907058
8,274,-1,0,-0.9231935305973743,-1.5801184094960956,0.8354605722472848,-0.48729461196505064
8,275,-1,0,0.2701471122761582,1.2572443493716197,0.14921896413887972,0.2851095397697248
8,276,-1,0,0.4527180862728042,-1.416956629563913,0.9549731659464066,-0.7847520003953962
8,277,-1,0,-0.07882226431468642,-0.03217867368506933,0.9988001318989644,0.5633861477716816
8,278,-1,0,0.6631058423835863,-0.7876129915818681,0.2058232965880128,-1.2619101850494177
8,279,-1,0,-0.5984997381648199,0.9278348091072103,-1.5679653428679161,-1.1287345610143553
8,280,-1,0,-1.4369459946007987,-0.333820855835745,-0.15584240999544205,0.3235334493830199
8,281,-1,0,-1.0704457781814152,0.06014610864985274,0.2586139051118776,0.5356854090795323
8,282,-1,0,0.9350773894607447,-1.3335556773686383,1.4454200299173081,-0.9827487279164662
8,283,-1,0,1.5167816554726343,-0.6439425114677234,-0.1158021069998688,0.5537299408172213
8,284,-1,0,-1.779030662138873,0.02510073447497803,-0.6140048183460232,-0.2540425265534294
8,285,-1,0,1.242929552622176,-1.7592750031248385,1.1806977190966743,1.0265452832216115
8,286,-1,0,0.27141525543313555,0.053451415149629845,0.09901954414060213,0.030402914652583136
8,287,-1,0,1.3842179905828964,-2.174413161556037,0.7082831863675452,2.121394467914501
8,288,-1,0,-0.22845277181549414,1.7828460920365943,-0.04265972179931717,1.2332052350573124
8,289,-1,0,-0.07387720705680462,0.028648946820428952,0.06319002354429239,1.8616731029313205
8,290,-1,0,0.3445558115664917,-1.5789787433770317,-0.3600382186378238,0.5823919298693806
8,291,-1,0,0.7930956855435043,-0.7749273299297448,-0.751825999823238,0.9272040450406062
8,292,-1,0,0.5622318894494531,-0.267217881793549,0.41436870527276864,-0.6426202982441176
8,293,-1,0,1.0873168226990666,1.0557706843065175,-1.6328705856034822,-1.3698096930229482
8,294,-1,0,-0.6954749184241212,-0.634700071058113,1.49225083345035,-0.22828910454630452
8,295,-1,0,0.9191999997157975,-1.1032030884733188,0.013826428806573003,0.7222626397964671
8,296,-1,0,-0.294113965474846,0.6678502620400427,-0.6409849434451201,-1.3188350700791396
8,297,-1,0,0.5520993155931535,-1.9454114367248252,-0.02608838674691911,0.47174359358880397
8,298,-1,0,1.890138470762804,-0.571920884373945,-1.6044221230365365,0.3204487649787227
8,299,-1,0,1.6798334254467335,2.240086846699293,-1.0454388619805937,1.7695755452701498
9,0,-1,0,-0.13312229978063395,-1.7284588995330388,0.06919553915540887,-0.0612911049434067
9,1,-1,0,1.7241285506039326,0.0495502858880465,-1.3604411732943396,1.3099011430352971
9,2,-1,0,0.8510146936246048,0.5329259653418754,-0.03983704125157166,1.4597337476622037
9,3,-1,0,0.44177940521997344,0.630448480860861,-0.4561702602106776,-0.7926590135949001
9,4,-1,0,-1.9201200035698012,0.15945813161431985,0.6358408559601887,0.06350605293607105
9,5,-1,0,1.2787502877314734,-0.3020423816009723,-0.7679100838405977,-1.5186903717804416
9,6,-1,0,-0.6377968928520446,-0.28812263682965533,-0.49826796640291815,0.5052500291937718
9,7,-1,0,1.0724236825890148,-1.150807413520008,-0.25065669021557974,-1.169773531550959
9,8,-1,0,-1.425232192537683,0.7130394579911545,0.9136771756253416,0.7265952921714339
9,9,-1,0,-0.6932627444853277,0.08011516182889289,-0.7017129385334562,0.17617592382789407
9,10,-1,0,-0.6077808544659816,-0.1370714654859766,-0.07653614746701899,0.7372552264331881
9,11,-1,0,0.14406762653007493,0.6818823565900746,-0.24131221534742078,1.149522584252549
9,12,-1,0,0.4873068943605094,1.015332849141474,0.33647406875207336,-0.61120839389777
9,13,1,17,-0.47274852084701935,-1.1428557195960523,1.585159692983125,1.911372131416578
9,14,-1,0,-0.5248398147630862,-0.29089468957770326,-1.1914493558237151,-0.7171539077368717
9,15,-1,0,1.1618846336807924,1.075271993930063,0.6948515224962191,-0.5332304028670547
9,16,-1,0,1.710996849895703,1.6963737763601265,1.7453884124054806,0.4700154588084897
9,17,-1,0,2.0202723676733423,-1.0909343853337463,1.9337527284518867,-1.0881143309470926
9,18,-1,0,1.0574826582985328,-0.4328637250367721,0.1098432094772176,1.0119269885049793
9,19,-1,0,-0.1763929462272748,-1.0994147711254278,2.0399066498850633,1.8744328863616933
9,20,-1,0,1.2919439225612799,-0.003976217433639525,-0.687016342396191,-0.19342779384103526
9,21,-1,0,-0.31786360217969867,0.1707712580179357,-1.037213153882114,-1.0782442401512873
9,22,-1,0,-0.7852626898519015,-0.8526105771367474,-0.11468002934275395,-0.21986005866136718
9,23,30,15,-1.637656658613391,0.7320116409291896,0.8092753662073114,0.6033485566039374
9,24,-1,0,0.7450361776542138,1.3230324275162941,-0.058992781476613396,1.9335438642893668
9,25,-1,0,1.1378697763711794,-2.078220564996161,0.7729198708252921,0.907743164112943
9,26,-1,0,0.5145643358851384,0.07191847373715239,1.3159490327732262,-1.020838401282597
9,27,-1,0,-1.7021564982721842,0.2702378765325378,-0.4492632744743299,1.1714964007077047
9,28,-1,0,-0.1734820209732908,0.46928119014621145,-1.6387898553213598,-0.801694356219464
9,29,-1,0,-0.02954749686090456,1.2525954058553348,-0.08913226362933538,1.079018144130594
9,30,-1,0,-0.7547868787684232,1.202518172726251,-0.29935510675827537,0.8004719015143859
9,31,-1,0,-0.7964040080924382,0.9195968888084977,-0.8842581766027661,-0.4494604915648227
9,32,33,12,-0.5996746949637781,-0.9797617895124708,-0.12215885950514765,2.0384730608560107
9,33,-1,0,0.1113011787336862,0.26408126555692835,-1.936478203917279,0.7675167108226295
9,34,-1,0,-0.6906174064885834,-1.265180717678821,-0.3772954104987582,0.21123904311812297
9,35,-1,0,-0.24250497851931307,0.8264581140367074,0.9336531742916786,1.8342046502468963
9,36,-1,0,-0.7116718304984144,1.0140707411979262,-0.08516915050373458,1.2483310511270012
9,37,-1,0,0.07934651000101178,-0.06786571405793718,-1.6947685012151832,0.670234212961651
9,38,-1,0,1.3277293569198256,-0.7551705479868874,1.1518579218456377,0.19417695947493177
9,39,-1,0,0.34834797803092316,-1.249371959537015,1.8937806481715058,-1.152537003901658
9,40,-1,0,1.6947297051523318,0.19093677813859924,-0.7329447809446287,-0.9983206416487529
9,41,-1,0,0.6111314907321392,0.3377619783909311,-0.8495093575983501,0.6053513146024901
9,42,-1,0,-0.5348970586860013,-0.6838720346750256,-0.47042154381132884,0.271969175793417
9,43,-1,0,1.0050220400525873,1.1792634367147337,1.9325471390619982,-1.0904816066470748
9,44,-1,0,-0.5983497412124749,-0.5888632777667624,-0.014113605647856957,-1.2767879565073168
9,45,-1,0,-0.7285918085279033,0.00599545783375733,0.29392645110071586,0.37316250465023404
9,46,-1,0,-0.5978190287816989,-0.06713126197271956,-0.13699443673717204,-0.5363043718334621
9,47,-1,0,-1.3055364761661319,1.0369344553153828,0.4013730639539888,1.5311433200277407
9,48,-1,0,-0.9516715001716797,0.0027866834508550498,0.1721465109767617,-0.3871742554755366
9,49,-1,0,-0.006916784226920502,-0.2504643443139413,0.3794627145046683,1.9507945899796357
9,50,-1,0,0.2657371983903324,1.04989982176068,0.2037766545687229,-0.8492059662758153
9,51,-1,0,-1.0504837791093904,-1.3342991285683454,-0.23872681433910112,0.7072162534677069
9,52,-1,0,-1.0874057004540219,1.234420668339603,-0.20979555572486347,0.902618737545318
9,53,-1,0,0.1351123987605107,-0.5151804250411731,1.7427511432039142,-0.2162887938936978
9,54,-1,0,0.7585545815859922,0.5813165124455004,0.8390469724011335,-0.18879521882297534
9,55,-1,0,-0.2949397894301387,1.8173094139999995,-0.8247388621439302,-1.0424772421060655
9,56,-1,0,0.34083351494377007,-0.20536389198509813,-0.06534112829520468,-0.03489071212805108
9,57,-1,0,-0.9542891891121134,0.4046001959991843,1.2796028448427301,-0.18814696872431053
9,58,-1,0,0.7711583717191821,-1.1184345385359054,0.1729370694290535,1.1427271268598664
9,59,-1,0,-0.31103429110591446,0.5057234694940448,3.050315985710645,1.9407039313475438
9,60,-1,0,0.6164137787529496,-1.3198433231053308,-1.2985264154511675,1.7301267161820237
9,61,-1,0,0.052260132583506744,0.16832125647943202,2.3139337958716135,-2.1092948203735093
9,62,-1,0,-0.3652102553614068,-0.3148805479476716,-0.9082566131334657,-0.5161080592745175
9,63,-1,0,0.13422811770877977,-1.0177592807570723,-0.39187804752622274,-1.8962386317919075
9,64,-1,0,1.496432856268104,-2.502056409869777,2.0776918723859645,1.1836365130116313
9,65,-1,0,0.640131998131788,-0.39478914738673165,0.16138776985066744,-0.3325641206513545
9,66,-1,0,-2.0271997081262274,1.7856785880903887,-0.41678196679408597,1.5547778900282483
9,67,-1,0,-0.24118089124408856,0.8982001011415116,1.1923372253123137,-0.17814631646604834
9,68,-1,0,0.5281746919635768,-0.34843264296119864,1.003107935524569,-0.7132661602968828
9,69,-1,0,-1.5681491207873572,-0.8501776239974979,0.17190270204202918,-0.3924927474267214
9,70,-1,0,-0.6757014109033379,0.3757924890921628,-1.5024259014323138,0.06571560035183503
9,71,-1,0,-0.30259447107299214,-1.540203201008952,-0.41218814143445665,0.25091806550237017
9,72,-1,0,0.5682735597076823,-0.9973010473763704,-0.3061598110372357,1.065769195818969
9,73,-1,0,-0.391307656221698,0.3656363657580886,-1.232349411223021,-0.4933342725539136
9,74,-1,0,-1.3055025631417978,-0.6935292927391424,0.5561713028164741,-0.8593698015841992
9,75,-1,0,-2.752798176105289,0.002720148008972373,0.11715925366066919,0.6005564349631608
9,76,-1,0,-1.2809518026666133,-0.9945718656796354,0.8876884363258918,-0.060493969236968606
9,77,-1,0,0.5133301627826982,-0.20023896610034053,0.5782702606167842,0.36402497505486314
9,78,-1,0,-0.6650069287339768,-2.2336089435998723,-0.046296183276352355,0.5101162586745015
9,79,-1,0,0.3781000296015571,-0.404776175879917,1.3587975632290648,0.4149782357111938
9,80,-1,0,-0.6183843993172227,1.1228799688073108,-0.009492641595186264,-1.3472478016450378
9,81,14,10,-0.6485595531996382,-0.1814714631441333,-0.4594767516302138,-0.3307276849323119
9,82,-1,0,-0.6119997975747055,-0.11189115125302729,0.6460937420764412,2.1771868484291566
9,83,-1,0,1.1688653697317195,0.10924514883475205,1.1589116139375255,0.03294003509730676
9,84,-1,0,-0.9446786542025574,-1.0921653614562812,0.10536588451239531,-2.3929061662421747
9,85,-1,0,-0.1818494120702939,-0.31178756552169457,0.5094643697788048,-1.098748423562409
9,86,-1,0,0.10543749391688652,-0.6067958521252778,0.058030092048571014,0.5131319342808223
9,87,-1,0,1.1461418127655851,-0.34825463455942995,0.24181859321231017,-1.4622026843918288
9,88,-1,0,1.3432066261563613,-0.029756594689567258,-0.8773454104467352,-0.2763457415096988
9,89,-1,0,-0.18051090805313028,0.5732893582843395,-0.2534181525113173,-0.17308248199963788
9,90,8,13,1.460754739239071,2.398959510920212,-0.2528306588238773,1.1018316210491388
9,91,-1,0,0.38711465241866,0.9184894959650699,0.7296797544211299,0.724205435426469
9,92,-1,0,1.1727038839425463,-1.3251165155820923,0.7482591689288957,-1.3518272674323561
9,93,-1,0,-1.180092957286835,1.5227433334638134,0.6569319255296908,2.325730601524631
9,94,-1,0,0.7625841712633905,-0.9426726635632405,1.9907672509201626,1.9651625368449153
9,95,-1,0,-1.6949050116666158,-0.20813188382392955,-0.043775401685712596,1.1883845425001918
9,96,-1,0,-1.247818578520133,-0.17528761453475705,-0.2381992966573242,1.1106144341361384
9,97,-1,0,-0.4368578752769017,1.5663649649931843,1.5272324262290808,1.0653287477120188
9,98,-1,0,0.9290305800239103,-1.403272961316178,-0.7793311826527433,-1.1928562374607516
9,99,-1,0,-0.6297086614191894,0.05653528806632089,1.364524320824089,3.422232157559935
9,100,-1,0,-0.8466878766611241,-1.0024496288736116,0.8454636849028828,-0.4784327825276375
9,101,-1,0,0.03409687448158432,1.5804638846316466,0.21354256605744654,1.3919240180500205
9,102,-1,0,0.6205268683039719,0.8846382305771283,-0.732714956473165,-0.2774704686290094
9,103,-1,0,1.398406468081802,2.349093133629484,-0.7211652996678007,-0.583448651158248
9,104,-1,0,-1.579459005361396,-0.039050869513708564,-0.43333391218729367,-0.48854949912224227
9,105,-1,0,-1.1404572013946621,-1.3705534686687304,0.5917295652461747,0.05006762254819922
9,106,-1,0,-0.5937905968628845,-0.8761661664643403,1.1105399014433834,-0.35142076618907464
9,107,-1,0,-0.03128847547006538,0.5593595601683512,0.40165419575215244,-1.8408093095830187
9,108,-1,0,-0.735099965938933,-0.9506384399922612,0.7913706758248001,-0.13852484698590767
9,109,-1,0,-1.2822893247365477,0.6675636742466584,0.6653891076958873,0.553932751807724
9,110,-1,0,-2.4721632186397393,-0.27357134682415657,0.8936897549967393,-0.7424452588437639
9,111,-1,0,-1.2005688271893002,-0.38447508349132714,0.4673800645307914,1.3434114031289837
9,112,-1,0,-0.42369034778474973,-0.6266459548567852,-1.6303825106404466,-0.6302498954184647
9,113,-1,0,-1.6360726009812798,-0.21662895941873933,-1.349942939997044,0.06771970928763862
9,114,-1,0,-0.5082217490867338,-1.144924770219787,-1.6098564804980822,-1.5573392165944637
9,115,-1,0,-1.2851692061645146,1.498516630604239,0.3967258429199095,2.5993619013023483
9,116,-1,0,-0.09314237193050247,1.1338498187059844,-0.8211114152284107,1.643047431262187
9,117,-1,0,0.6804634908803047,-1.3523647389898403,-1.2312743817721576,2.1003747232502827
9,118,-1,0,-0.8842970814732422,-0.36096195789445096,-0.33238446021552037,-1.531296007987072
9,119,-1,0,-0.7455648043363529,0.019926063713741626,0.2559397161944557,-1.2459960811802817
9,120,-1,0,0.8811434593156636,1.090939692554691,-0.8825036174863202,-0.4771739334431108
9,121,-1,0,0.5871011483718398,0.45284472755039584,0.42074372528194015,0.8566681362443328
9,122,-1,0,0.6422138056786797,-0.7709239214775997,2.723633608621311,-0.3551952115275313
9,123,-1,0,-0.02616865821224848,-0.5439293079683661,-0.7429392647024934,0.7895140065374069
9,124,-1,0,-1.0952240723639368,-0.329916151301078,-0.12486074127594984,-0.5064672815973367
9,125,-1,0,0.3911918987778386,0.7018842165772304,0.12822580622404317,-0.8062621773486954
9,126,-1,0,-0.37328654303674447,-1.5226131773312979,0.13163583702478301,1.4246466909511473
9,127,-1,0,1.4046798410942216,1.9680587260829678,0.4683231421743407,0.6267732145222406
9,128,-1,0,0.30291210735147805,-0.16547467198810462,-1.0186777586065827,0.003590605587958829
9,129,-1,0,-0.13660919985645398,0.10458891307147211,2.0903916180609046,1.248824813399861
9,130,-1,0,-1.2636793749084465,-0.053449103031838294,-0.01936435443602351,1.0517977578026845
9,131,-1,0,-0.3930186794317015,0.24716967983941968,0.48718547423430864,0.5893498080948816
9,132,-1,0,-0.23558368501222302,0.5829303885251694,-0.0397507280835261,0.9224646986817625
9,133,-1,0,-0.16113646944797572,0.8009677089243586,-0.46304661634673716,0.21478635588622147
9,134,-1,0,0.812572574101685,-1.7175339496446447,1.838833408524942,-0.21645037533984823
9,135,-1,0,0.6540590608185969,0.8204099749417194,0.14533865355274375,-1.3394707801492722
9,136,-1,0,0.5874254411987978,0.8766872949160083,-0.7953581477180254,0.3131493115734195
9,137,-1,0,-1.3844310210331405,-0.8734637421902595,0.7942004685285229,1.25387079333017
9,138,-1,0,1.0511702764633772,-0.8516163088136418,-1.344326535569244,-0.16517519994432306
9,139,-1,0,-1.4683742205305683,0.9679801404506087,-1.165945392590612,0.9216418366436965
9,140,-1,0,-0.26213740104705613,1.3232369838004459,0.9055500955540279,0.6447799839969955
9,141,-1,0,0.47955162188947725,-1.231934948218737,-0.1986589410272127,-0.2411067993680563
9,142,-1,0,-0.2446451036020908,-1.8446942769340986,-0.20055350638354041,-0.8603871523839545
9,143,-1,0,1.188189766418661,0.8007611409647895,0.5027710299327397,0.9321859951811488
9,144,-1,0,1.0739405294661009,-0.11810928864071775,-0.995387199459264,1.0027810138867668
9,145,-1,0,-1.2681078152095362,-0.5630903105598591,1.0520027483578147,-0.8641960586958453
9,146,-1,0,-1.0698167967127956,0.8655799982676651,0.044163904505027336,-0.4559194783229
9,147,-1,0,-0.9179820379346143,-0.3612301478762439,0.12074166218529181,0.9400856744831663
9,148,-1,0,0.5526763457639174,0.9586826405586318,-1.0379948201414664,0.5350027928526297
9,149,-1,0,0.19446961446962022,0.8798157422096572,-0.377945008432337,-0.46291323725711
9,150,-1,0,2.1163636306651257,0.9502042859029534,-0.4537583624510257,-0.267383768345756
9,151,-1,0,0.3496981807553635,0.24638489933253072,-0.8152829373291215,-0.28638066091080044
9,152,-1,0,-0.6659794121846251,3.3752858189807666,1.0773313519950622,-1.0007734641024675
9,153,-1,0,-0.9723893817933498,0.1676183863373791,-0.7460510242004194,-0.905566126159431
9,154,-1,0,1.1338371542668813,0.8114507640193446,-0.5201161872269885,1.4749157097726031
9,155,-1,0,1.7951629248936516,-0.3557852228252151,-0.6463128393920015,-0.4626493047151486
9,156,-1,0,1.0132138552305194,0.21139867867106446,-0.340957787435238,0.7982105306584338
9,157,-1,0,-1.087829199284283,-0.7578476497520991,0.4297965063696569,-0.4062936125624862
9,158,-1,0,0.8899758573900376,-0.08487082269219558,-0.8080185969445056,-0.5790374684210624
9,159,-1,0,-0.36829299999856147,0.5068432319460989,1.6217486740724363,-0.11220403625014018
9,160,-1,0,0.5506208524559116,0.6434075737192707,-0.24167582637671298,1.801680694422159
9,161,28,24,0.1426373450660734,0.07275019018655923,1.0557150422803372,-3.2031484320184482
9,162,-1,0,2.1463084373926273,-0.09908357872909045,-0.39649135540860225,0.8523418515063562
9,163,-1,0,-0.22009112635706288,1.3610480449518412,0.21480940966433404,-0.8623028731006911
9,164,-1,0,0.6889005246009129,0.8990293617381849,0.1040440001840391,0.27725688911636615
9,165,-1,0,-2.022561139759084,-0.24702385658901893,0.6037384376829087,0.3834178286245018
9,166,-1,0,0.5314037647976166,-1.6278803753319921,0.06680895200429345,1.2368825215589991
9,167,-1,0,1.0665235704848621,-1.0589827969824248,0.4455909247877323,-0.342848922617972
9,168,-1,0,-0.8511717128013786,0.29284970693974505,-0.6685343865535823,-0.11422993699832193
9,169,-1,0,1.640547723709587,-0.02186830843039738,-1.266190397572536,0.1245613205814959
9,170,-1,0,-2.331964333185563,0.7037559814049424,0.9639026901868999,-0.13521397033899388
9,171,-1,0,-1.5321429240204545,-1.620668974181876,-1.60107820173856,0.8743243990783208
9,172,-1,0,-0.8659061920934741,0.08316971157361637,-0.010541172019040888,1.1531377916100765
9,173,-1,0,1.4500000780296565,0.7208544227742525,-0.08339192563313044,0.431861122876197
9,174,-1,0,0.9695743338315266,0.7183392958596163,-0.16354438404918417,-0.6373718193929705
9,175,-1,0,0.5664739520470546,0.28565180911465277,-0.4802008404081889,0.4443199889359888
9,176,-1,0,1.607781311065222,0.4954782180265443,-0.7422127713232622,-0.5586792217170786
9,177,-1,0,-1.369598708440093,1.25132757284801,0.965215572646855,0.05727881356829805
9,178,-1,0,0.5833995389599567,-1.0901192923758751,1.5792224153964176,1.4244522628876013
9,179,-1,0,-0.41383200011474436,1.5854487290534427,0.9215224994421968,0.036771056775192955
9,180,-1,0,-0.10078149143514639,-0.15281352898110534,-0.11540102774672839,0.5643284216181725
9,181,-1,0,3.5108657319000405,-0.5480289737491503,1.1752496778953958,0.320771015826355
9,182,-1,0,-0.9355230454729772,-0.9076988893324621,-0.42188837394633877,0.9451548300881472
9,183,-1,0,-0.2881420765012557,1.561779863973066,0.4904357780071857,0.5062323630619097
9,184,-1,0,-0.13932891116414658,0.8458969107550055,-0.09426012339325245,1.6579641274321018
9,185,-1,0,-1.076673835977521,0.20665351433677717,-2.0825131521198053,-0.04026135550120018
9,186,-1,0,0.5246540157210152,0.6537975242651443,-0.4126163865581766,-0.5689452701930444
9,187,-1,0,2.3657500563855263,-1.240008303938298,0.6347590010046013,1.0624936304981922
9,188,-1,0,-1.2157312857063527,0.1957368855447109,0.8341633464139235,1.8511048966747439
9,189,-1,0,0.4000646411696121,1.3582960529506467,0.45225291105216014,-1.0228902875640502
9,190,-1,0,0.5273211521879922,-1.6449586704986066,0.21848792552445756,0.6427271212239849
9,191,-1,0,-0.9408659172712737,-0.013498926409457603,1.7765042156570805,0.4013891287389876
9,192,-1,0,-0.6654315062627065,1.3073938680663442,0.8475870363062915,-1.60728726934418
9,193,-1,0,-3.6414001301568586,-1.262365003775181,-1.971432593796621,0.15020841221909179
9,194,33,20,0.5066086539923218,1.5226578363551921,0.5203032667221827,-2.324457923657881
9,195,-1,0,0.3408526300888796,-1.720122803014362,0.005199478888709274,0.6897845442224573
9,196,-1,0,1.4173422212807447,-0.8206833372953213,-0.986635562507198,-0.6502172887565398
9,197,-1,0,0.6374056681970234,0.4806288986478191,0.6785269503611827,1.2442603102990997
9,198,-1,0,-0.024316770695949116,0.030610706104313285,0.05207452709425738,0.48318913046566314
9,199,-1,0,-1.4583020092297156,-0.4949838586353545,2.678715173446156,-0.4678898275937086
9,200,-1,0,0.07617925468301466,0.1251884842789366,0.06421685112151093,0.20047865646886745
9,201,-1,0,0.7129178791177332,-0.404813689099296,-1.3191732796677424,0.42766900700142607
9,202,-1,0,0.9711541168979168,-0.7715279426480159,-1.3061388989405893,0.05368247548729715
9,203,-1,0,-0.3864111681341253,0.5848199749141523,-1.516034417087704,0.23059890484501191
9,204,-1,0,0.048234068143778945,-1.33225275314155,-0.24942875191218844,0.23204858060618289
9,205,-1,0,-1.699051784918488,1.2915357920317747,-0.984517458955647,0.5108602756364716
9,206,-1,0,1.5805272742668348,0.8035125304110604,0.3280919748457072,-0.0960898511949016
9,207,-1,0,-1.301253745186587,-2.6440607451752647,0.9520672175521366,-0.8993769638850786
9,208,-1,0,0.6115828358091397,1.803486376969217,0.9252867822491481,0.9368851851246521
9,209,-1,0,0.006514909127888304,-0.6755963110301725,0.7138174127847162,-0.7817132238623982
9,210,-1,0,1.0258699503395146,-0.4698485131499553,-0.93826677363949,-0.9140055833258728
9,211,-1,0,-0.33932413427952607,0.023069407244708278,0.22665289006746153,-0.2655289467442559
9,212,-1,0,-0.04194265927835914,1.8874104151182207,-0.3447639911523472,0.9104784309580314
9,213,-1,0,-0.514531722143997,0.13083543096311878,0.05301200804590228,1.2182669069718597
9,214,-1,0,1.8639832846335573,1.7065216713471998,-1.5056301913183086,-1.3099566228627408
9,215,-1,0,-1.2361813955166925,-0.9238850740401248,0.9597547325436434,-0.6639923718529197
9,216,-1,0,-1.3490187774220166,-1.0418599208849415,-1.5131598261668544,0.24376024890268264
9,217,-1,0,-0.47543818476208605,0.2368433403890849,1.8962286695700838,-1.6839205910650559
9,218,-1,0,-0.5639555689341196,-1.9740895959177056,-1.1596824401964017,0.7181286010254
9,219,-1,0,0.5397057928741278,0.33951418851997944,-0.14253397995197656,-0.17079402231503651
9,220,-1,0,-0.2001631252285539,-1.6097614353367398,-0.4349130854556162,-1.4544196970924201
9,221,-1,0,-0.6197602822407858,-0.25374222794837814,-0.2653588663407469,-0.9846104708118092
9,222,-1,0,-0.173122546851262,-0.18920542470425245,1.5673398549203632,-0.5516092476511869
9,223,-1,0,-1.1216489827140157,1.0577817310323374,0.47752302064028435,2.110843391666298
9,224,-1,0,-0.3096656779509055,-0.2651344392172725,0.38980797113296833,-1.4484143915028107
9,225,-1,0,0.34689057036276044,-1.1674471293286963,0.2965173155093077,-0.13296268022433272
9,226,-1,0,-0.29140778795216354,0.6573362839366576,0.4879483580421237,1.5872293787616802
9,227,-1,0,-0.8453917343381692,-0.06530040243326532,2.6713550779535487,2.1376007340123295
9,228,-1,0,0.7817179237011604,0.19813844084596247,0.604534799874156,-0.6050879398550798
9,229,-1,0,0.47283802341318093,0.43999069676710173,0.10151587884101398,-1.486705814735135
9,230,-1,0,0.9863206164869806,-0.2637207937334543,0.11857844907786859,0.6575493713182291
9,231,-1,0,-1.2524642693778234,1.0396694149342725,0.8418834077653871,-1.2116769131014617
9,232,-1,0,0.1038933480410331,0.5606071079255965,0.713798415419922,-0.7207891230528226
9,233,57,14,-0.20022041413457523,-0.987719433608369,1.324255781681952,2.32729711806493
9,234,-1,0,-1.8105570310458567,0.18311887881462724,0.5807925114889064,0.08352926158084509
9,235,-1,0,-0.49219984968870883,1.3944034959606066,-0.7245270534484503,0.6005596980676811
9,236,-1,0,1.9630188323602191,0.46416022102336935,0.2918918076637396,-0.9732236772889417
9,237,-1,0,0.1177071852599881,0.24497087821566685,-0.008223989697389062,-0.9264844017191561
9,238,-1,0,-0.3782228735986354,-0.7228579777799383,-0.018846091211443997,0.1670852656548966
9,239,-1,0,-0.6686936997492493,-0.24447439369513652,0.3299126657892846,-0.7434625948796025
9,240,-1,0,-1.636737724427645,-1.8806903875279968,-0.14184987185758247,0.6332237575039463
9,241,-1,0,0.3783609001455864,-1.3124561448060448,-0.43700258206917864,0.08725971545420513
9,242,-1,0,-0.6763399419963491,1.8017415887970298,0.10577990335983263,-1.2143981682090788
9,243,-1,0,0.7644833048705111,1.679884872502771,-1.096922782093855,-0.2241795548974798
9,244,-1,0,1.232167456195848,-1.3918384468712417,-1.979823681148205,0.10164622726443319
9,245,-1,0,-0.9587699013161254,1.1671397194137747,0.7342550314154119,1.3071345651247683
9,246,-1,0,-0.8451072540831823,0.2218903302411675,1.890322518294454,-2.9711501438508092
9,247,-1,0,2.7643843884917545,0.6727777127378239,0.4237017624977514,1.5088097803521365
9,248,-1,0,-1.8199344521695946,0.4957984317053805,-0.10871493473642346,2.5080486048199915
9,249,-1,0,0.15184343917820534,-1.270155774473663,-0.6600319609396185,-0.24634979374944568
9,250,-1,0,-2.335430297860705,-0.4742261642448213,0.91622324704553,0.6589383567112486
9,251,-1,0,0.4302237347237486,-0.08343183819212655,-0.19070960855931393,1.0340651692742353
9,252,-1,0,-0.25456536708146354,-1.1789484155349375,-0.24435388562078852,0.2900289336365132
9,253,-1,0,0.2999511155554951,0.6217515437132146,-0.7562574448271063,-0.4905856601069303
9,254,-1,0,0.07794023577085721,0.5661175709097331,0.30550115738940475,-0.37392905099221874
9,255,-1,0,0.3540860599951587,-0.879143807078747,0.20799252430672302,-0.8840264387873286
9,256,-1,0,-0.12062310033368434,1.451024944763484,-1.1432097569840696,1.6603840090737731
9,257,-1,0,0.6654703992346478,0.5993947368826382,0.03255907826959376,-0.11321437320546449
9,258,-1,0,1.70025865987449,-0.25760162616351745,0.952850777160937,1.5292877916548329
9,259,-1,0,1.4649789842386802,-0.5285843676249398,-1.4366666419620753,-1.1822382770509774
9,260,-1,0,-0.4094107346240158,1.219729960872421,-0.6489149166226669,0.8828564673094044
9,261,-1,0,-0.5053971256695631,-0.19271211494794838,-0.6966655789924923,1.165038037983019
9,262,-1,0,0.49331498362113474,-0.366180014016847,0.7307904403777045,0.9774597276749201
9,263,-1,0,-0.03509639710508902,-0.04487755939768229,-0.6387576485624026,1.2244937109440908
9,264,-1,0,0.1879591291199176,1.2850580882529528,1.5778832970530747,-1.4278482834317963
9,265,-1,0,-1.9865698616951668,-0.6114004029015777,-0.16192444460447863,-1.2948391657451863
9,266,-1,0,-3.0995273505861896,0.6156405004843224,1.6458091486251478,0.8243889102822646
9,267,-1,0,0.0378805095416333,-0.4574263769604467,-2.146817786512959,-0.6809028085511022
9,268,-1,0,-0.1633949300655467,-1.2281052639185182,0.7236405933782284,1.2730256323025793
9,269,-1,0,-1.400444551299388,-0.6584327549394793,0.4343436164353469,0.32449886303986003
9,270,-1,0,0.5029872813082099,1.139295769063106,0.6124805232242986,-0.18829661088775232
9,271,-1,0,0.2900002366026496,0.6843189631571238,-0.3054957027531591,0.6274421114635482
9,272,-1,0,-0.675657166723476,-0.370857948744825,0.24091303707469675,0.6058685587507286
9,273,-1,0,0.8132884124781198,-1.1978399172170846,0.4157091113061503,-0.2714837022962485
9,274,-1,0,1.0115344391849135,-0.647993377234644,-1.0031120788093402,0.01956754492123853
9,275,-1,0,-0.16853383330005045,0.7983102860475302,-0.2549690107841999,0.5470530609850495
9,276,-1,0,-2.368563946263172,0.8603412964014278,0.8370721503274854,1.1137689167114906
9,277,-1,0,-1.2236842272171333,-0.07190563355551842,0.260726205276863,0.2291526752387402
9,278,-1,0,-0.1184926472136514,-0.4229667558224105,0.24187275536174171,-0.03639230568809894
9,279,-1,0,1.0112135411238339,-0.7146836500332563,0.6334392759658316,-1.7571866144167392
9,280,-1,0,-0.5725813819510076,-0.7094929559130674,-0.1833950400280986,-0.9430851535140253
9,281,-1,0,1.1834054887728414,-0.8880927615648385,1.5739573283886883,-0.20828085381984088
9,282,-1,0,1.5121018644513033,0.07558361864355483,0.12570662480815567,0.09066454325490755
9,283,-1,0,0.49097319886816054,-0.302630182000221,-0.05860003991489,0.16864309735890362
9,284,-1,0,0.47625626762864237,-0.4190138628822842,-1.154893205695523,-0.7658137023340263
9,285,-1,0,0.24888822615797657,0.30925246041490057,0.9445914924519129,0.031099969715368485
9,286,-1,0,-0.7343786929921661,-1.5445342559295199,-0.48831018056581094,-0.5133184271524396
9,287,-1,0,-0.2898380849358189,-0.6097170368725362,1.8959804240608469,-2.070955036782722
9,288,-1,0,0.3093890529892613,0.9040010189809116,-0.25373103109909473,0.48295353950634506
9,289,-1,0,-0.05713483342402792,-1.4358433319983792,-1.068171806165611,0.8153591310234095
9,290,-1,0,0.0013761865788784007,-0.015146444357890376,-1.1633586024156184,-1.1201277708949013
9,291,-1,0,-0.5499479085553451,-0.31802091828951085,0.5409832029629505,-0.7173392573855897
9,292,-1,0,-0.9923448103869644,-0.9315118238820238,0.1861204524251516,0.38775497611135157
9,293,-1,0,-1.2151254422035735,-0.057391895390786936,0.18690928198194576,0.8331929374694012
9,294,-1,0,0.7995485636012439,-1.2785450432333862,-0.07289479229076848,0.08762550648317032
9,295,-1,0,1.3140865373695072,-0.9094604063587894,-0.3719905700243438,-0.09150878556474888
9,296,28,23,-0.36561043095476115,0.6672518003989159,-0.8391526336933565,-0.9383285789707578
9,297,-1,0,-0.4417956183618609,0.5112974997641578,0.22699034495859616,0.346744432609015
9,298,-1,0,0.3564190509945735,0.06694701543214825,-0.8158064211865059,2.6817889373591255
9,299,-1,0,-0.5671794825875256,-0.6789568502942197,-0.2513591051691913,-1.1030853643470768
10,0,-1,0,1.3203609870818391,0.6333526228249152,-2.2035098806466507,0.05202897425988651
10,1,-1,0,1.0039615758421696,-0.6179070447076008,1.8220113633283233,-1.3204309700132935
10,2,-1,0,0.9350499881140221,0.049054613825311656,2.002392583645255,0.18851919251246557
10,3,-1,0,-0.37756350523280824,-1.0911461176191954,-1.277680166386608,0.6304114907682319
10,4,-1,0,1.294558819441117,-0.7546057912599311,1.689107452443673,-0.2873877078086663
10,5,-1,0,-0.4327858471825968,-0.735483292342275,0.24978537155866684,1.0314530848694723
10,6,-1,0,-0.5855288241233366,-1.341219714076669,-1.401520214917428,0.5026828498748657
10,7,-1,0,-0.1642945926252907,-1.0743648582284346,0.8730421526217066,-1.2803939447145731
10,8,-1,0,0.6210178535400985,-2.2501411735745918,0.38636959756630584,-0.5816408364095031
10,9,5,20,0.20211439504395987,0.6941719367070082,-0.7583697508984092,1.4209820223119163
10,10,-1,0,0.843732662303268,1.1648639811110282,0.7875882217058694,0.844078680578592
10,11,-1,0,-1.4267738509897323,-0.13504510003701392,-0.7695146401767057,-1.4227417685154136
10,12,-1,0,-0.5685494541476426,-1.0298044380114637,-1.0430010800715654,0.26841707970891465
10,13,-1,0,1.3224574697668332,-0.013914668524093734,1.0418397592128221,1.4022648267725224
10,14,-1,0,-2.3653039062769743,1.228683719203421,0.33962000824864264,0.42377135285334727
10,15,-1,0,0.3827571602707609,0.3194142202523809,-0.35891330853862047,-1.9016352983759945
10,16,6,14,1.0801634125378852,-0.2887665059953775,0.08347535610700986,-0.8496059556101431
10,17,-1,0,-0.011533061686586776,-1.4853751842635452,0.3006851142946058,-0.10607225344775092
10,18,-1,0,-2.3982328653977714,0.513052133880305,-0.29758403894333035,-0.5300084132181584
10,19,-1,0,1.816475940881144,-0.049800969059643194,0.08661926298854213,-1.487072869675398
10,20,-1,0,0.9174879834442943,1.066934867005179,0.0476727312116796,0.9166547888245957
10,21,-1,0,0.6131890778590062,-0.1521929584082903,-1.473887948041959,1.028854347803183
10,22,-1,0,-0.23993667125803605,-0.20452248839966083,-1.0428601409845046,0.6131231363365798
10,23,-1,0,-0.4368683255972816,0.5198417309776412,-0.47657904055841377,1.3889799748383085
10,24,-1,0,-0.47433298683443925,-1.9442649759855442,-1.3077531969011476,1.0868307847683634
10,25,33,21,1.643251614242697,-1.2826492440738984,-0.5856577998413593,-0.47258767675848407
10,26,-1,0,-0.663535198304047,-0.6134178486140281,-1.6051493968851136,0.7293494040178566
10,27,-1,0,-0.476376747401162,0.16333994554129863,-1.2926461227593415,-0.4718131547409021
10,28,-1,0,0.13573073406713437,2.310363486795888,-0.7871927421571577,0.5802844167243075
10,29,-1,0,0.5658178468280931,-0.0072113596587564995,-0.5611981104091591,-0.8676167643217026
10,30,-1,0,-0.07734505972421603,-2.016660690233245,-0.6486006079033346,0.6780397271239971
10,31,-1,0,1.3604462024852575,1.0023982728439578,-0.1523386358242358,-0.47221594277604334
10,32,-1,0,-0.6999665423133247,-1.473143074665625,1.2043962915330844,1.5907007871260619
10,33,-1,0,-1.1816829756864633,-1.768511857086917,-0.963854230732174,-3.1063368012832915
10,34,-1,0,1.2969153998005238,-0.345672529464465,0.8545842348534083,-0.4889690638420449
10,35,-1,0,0.19921798301385701,-0.3820022921434805,2.552424025371081,-0.3244718562854392
10,36,-1,0,0.2019100019601099,-0.03883503855807973,1.066324553166257,-0.9216339244978112
10,37,-1,0,0.8527484705742913,-0.6676872919350705,0.16324400572267767,-0.8307519568543374
10,38,-1,0,-0.7041395622801669,-0.4530744436687142,-1.0658380219633747,-0.3461212751731734
10,39,26,20,-0.6104866460656994,-0.1857739586715857,-1.416489366414042,-0.8274022267661552
10,40,-1,0,1.0412431916947957,-0.7814240416773149,-1.3373972415282913,-0.9755828305996581
10,41,-1,0,0.034727788359190326,-0.7443606009308561,-1.2865744667376442,1.4223785052484463
10,42,-1,0,-0.3745680195679353,-0.22066120781608659,-0.5295304591256691,-2.9360454460171126
10,43,-1,0,-1.070544409695766,-1.0026842990328195,-0.6402624053903738,0.7323017147112972
10,44,-1,0,-1.434281459674122,0.6398520751723783,0.7543689046395509,-0.958933707794222
10,45,-1,0,-0.2916324304147521,0.3012921765535601,-1.2609602800655342,0.8328944493608352
10,46,-1,0,0.6370732356261833,0.5583399616951433,-3.772275156122734,0.2606297490669398
10,47,-1,0,-0.1470455068463331,-0.63057798997102,0.0553649749135539,0.41211740512833367
10,48,-1,0,-0.46332413970987085,1.2297538109392712,-1.1053671072691253,1.0301551978238768
10,49,-1,0,-0.8043056452824273,-0.28998189606931385,-0.9199936028121969,0.6750645184094394
10,50,-1,0,-0.5567961751531812,-1.102218299054223,0.30171609350107054,0.9573856068419316
10,51,-1,0,0.41835250088922316,-0.37602715054974273,0.06756920600942723,-0.2912829113936885
10,52,-1,0,-1.509772513035727,0.6441905231896892,-0.2299324816033148,0.3586080676493852
10,53,-1,0,0.3203611893741035,-1.0725628041289215,1.189154412488462,-1.7035445876372979
10,54,-1,0,0.23566606953963426,1.462842285184577,0.2781263018080308,-0.24790845527908614
10,55,-1,0,-0.19127666443013225,-0.019877011042093756,1.690568645339397,0.6221252216057821
10,56,-1,0,2.0267790952431928,-0.39500987549879313,-0.8794597147043167,1.4748226520869099
10,57,-1,0,-0.3674025993780988,0.2187859889352313,0.8448887803757161,0.9933362044496503
10,58,-1,0,1.9984814702717295,0.9468615879956256,-0.37920106201315124,-0.8186598515214158
10,59,-1,0,0.12337843757618257,-0.6480162941896269,-0.7648739652865205,0.8112544049416356
10,60,-1,0,-0.3945712584237112,0.7342475961853729,1.3673786263056709,-1.0944963126296459
10,61,-1,0,0.9426218402198768,0.7189405658150543,0.22669885643799229,1.1624211875584574
10,62,-1,0,-1.479137833771104,-0.8665073572768981,0.12254409553604008,-0.7960867750951038
10,63,-1,0,-0.9750001191003014,-0.6204291445949027,-1.0047872189929943,0.36746620574561295
10,64,-1,0,-0.48044593951821124,-0.2072657954706782,-0.5810325725119153,0.5312512156361892
10,65,57,13,-1.0954720366375337,0.36250249919104766,0.4439913996466691,-0.3604401709908981
10,66,-1,0,-1.4385226489904384,2.118803030729321,-1.3420444532864415,0.9198072605649881
10,67,-1,0,1.1508830312317526,-0.3847740266090023,0.15842290716221127,0.05334375570673462
10,68,-1,0,-0.32154745014292635,-2.9671837099839435,-0.7600587900644338,0.18371232308894828
10,69,-1,0,0.7698208513207979,1.0153269959744686,-0.14777180989980965,-1.4896453943825119
10,70,-1,0,-0.41786272464637714,1.3841651100058967,1.0830535001068178,-0.29919113426702376
10,71,-1,0,-0.3488754600926644,-1.1371197204183754,-0.1558734337510055,1.0778337155057705
10,72,-1,0,1.9512250777434486,-0.8965262145720566,0.9544222763812404,0.544462374203177
10,73,-1,0,1.080532978717757,-1.4997987888681947,1.3575717869331891,-0.0636840289702414
10,74,-1,0,0.7491740480400813,1.0598990135992437,0.7697954306236166,1.9995038210449867
10,75,-1,0,1.2835066324204059,-0.5398639371765148,0.10652377706202956,0.5629825823255228
10,76,-1,0,0.3016352331732358,0.42610476613456866,0.8442439176815353,-0.10160889077002393
10,77,-1,0,-0.8283156502165506,-0.8917323261422714,1.172451227346323,-0.08452148800245243
10,78,-1,0,-1.297363846342752,-1.9381681078391828,-1.0490912309999634,1.146626967509505
10,79,-1,0,0.3320386078520851,-0.8021701501599596,-0.1308026415658544,-0.29776047979893233
10,80,-1,0,-2.506069837315632,-0.857926385962197,-0.19010887568223522,1.5164277898120941
10,81,-1,0,1.4008882862628078,-0.39370690875944603,-0.2526885812478079,-3.899421730054339
10,82,-1,0,0.5470956613393337,1.763759069559374,-0.48676121079282914,0.09415415619704649
10,83,-1,0,-1.1762570649202813,-0.7131079667369583,-0.3449985240857874,1.3554380286698136
10,84,-1,0,-0.7905448096678757,0.14187782824173303,0.21757135556003437,-0.6762320559749608
10,85,-1,0,-1.88834889097665,-0.21354462808298652,0.6650660656292455,-1.3384325194768547
10,86,-1,0,1.2928930501938052,0.45367126425696813,-1.6901599429769263,-0.7281950274352488
10,87,-1,0,0.2983352450652942,-0.009858938489975367,0.4412005947154901,0.7210489500058761
10,88,-1,0,-0.29040008007295537,0.14291364966681958,-0.5439577217873256,-0.13345155853725454
10,89,-1,0,-0.9678198646920557,1.9266627091351407,1.879344377381986,-1.7134394379643105
10,90,-1,0,0.3426915696456793,-0.7608710875064288,-0.7410805036847287,-0.2374156967345463
10,91,-1,0,-0.5113338389470944,1.8266938116201166,0.28997400233853204,-0.10257528408332377
10,92,-1,0,0.6262811950603524,0.3692867756875739,-0.331140382769525,1.8139856138927497
10,93,-1,0,-0.20341133594471233,-1.5771991506827037,0.3729515417619218,-1.1437400921015901
10,94,-1,0,-0.2791515054677641,0.2814711025906223,1.2824812336831644,0.28245182528524887
10,95,-1,0,-1.2258827052231547,-0.022532177467557167,0.12421131930450507,0.8622461846199109
10,96,-1,0,0.804078958119873,-0.504199247777134,0.35795490621315673,0.4148664012544231
10,97,-1,0,0.17553862856764266,-0.32036252695140677,-1.9040879486160345,0.9584066801413982
10,98,-1,0,-0.8523900581258608,-0.37731674369381457,0.13820030314832132,1.50790948434714
10,99,-1,0,0.4724074969585104,1.373579376897762,0.5335505312737927,1.0685641574187916
10,100,-1,0,0.7710493264739775,-0.057976000069692585,1.0744112374891797,-1.0035595719921404
10,101,-1,0,1.2687315727053823,-0.19608397256936924,-0.35896064670446953,0.0775724193502392
10,102,-1,0,1.3319413685305603,-1.249162651675905,-0.15059799836040494,0.3469527857023623
10,103,22,20,-0.8683891967525209,0.4253944258208237,-1.030480450166701,0.6462427057150405
10,104,-1,0,-0.5549830967166842,0.03630602236974604,-1.2521519434446158,0.6520108635265922
10,105,-1,0,-1.0360736815895426,-1.5188882297503954,-1.5655893713726405,0.05103394513032868
10,106,-1,0,-1.364879600732452,-0.23122593549221063,2.277500524853034,0.2775403612334572
10,107,-1,0,0.21271834626863834,0.7829821661085862,-1.343088650464953,-0.43051197019258486
10,108,-1,0,-0.017916816054972758,-0.19199322011209138,-0.6658760797429369,-0.2583831027042033
10,109,-1,0,-2.421833014859781,-1.1945084417055867,0.47565293887443977,1.5570779556716277
10,110,-1,0,0.09675174368870822,0.8933836234441344,0.9079779107107238,-0.6922591838680748
10,111,-1,0,0.030887319354812974,-1.7622009972405384,-0.3199296129548269,0.6081170867893684
10,112,-1,0,0.03229538393163682,1.2400181153090652,0.36151247402096365,0.5223217007496789
10,113,-1,0,1.73296307213118,0.1514230817231868,1.2295008614331246,-0.06416921633742403
10,114,-1,0,0.3148209696175649,-0.605812847991671,-0.5731292157665655,-0.6077406304422468
10,115,-1,0,0.10549947766059664,-1.263835358595468,-0.1072691206682774,1.4499687804848278
10,116,-1,0,-0.5420091584474772,1.3639093845017958,0.5463057654642988,0.9765270973526429
10,117,-1,0,0.7480832128709275,-0.6861685891568023,-0.676001725621899,0.5962442782050664
10,118,-1,0,0.7671185432439538,2.3916845354292984,-1.6861525369472856,-0.7522043761212451
10,119,-1,0,-0.14507816949322366,1.1610898497925723,-1.0100642731329075,0.3313441778079705
10,120,-1,0,0.14037072287334246,0.33111601905536314,-1.2200063626559563,-1.0741374853592944
10,121,-1,0,0.29321371158095555,0.10634633295262737,-0.044074722613553316,0.3565424987061171
10,122,-1,0,-0.9990273318953995,1.304508247206433,0.15127522184716322,0.8503008736540341
10,123,-1,0,1.3767253803593051,0.345278405319519,0.48124581925008575,0.5487293377157805
10,124,-1,0,-1.8657208634000604,-1.0748026670851023,1.6305228573863613,1.3006839703204864
10,125,-1,0,-0.30167632703614505,1.0366058772358528,-0.1684098727535861,-1.2992598701307787
10,126,-1,0,0.4771785779139319,-2.516339715003551,-0.3131901055298775,0.14367020328433938
10,127,-1,0,0.15215118931163515,-0.6357417972436246,-0.11575904402998716,0.29480031794360034
10,128,-1,0,-0.37190071970620736,1.2520839386648168,-0.9466076852692522,-0.3494634711099121
10,129,-1,0,0.5409699634514118,0.8282644598468853,0.5484868325965845,0.9176724874612288
10,130,-1,0,0.34251539095341227,0.4739470669880134,-0.26730843195327686,1.188327862596402
10,131,-1,0,-1.4623519251551929,0.8497836136184508,1.8507027799514817,-0.9601511192906311
10,132,-1,0,-0.6854420107180271,-0.3805832501275168,0.04609297177965803,-1.2418084527811688
10,133,-1,0,-1.4659673863823872,-0.568227637941478,-1.1860696539864874,-1.0590606994601444
10,134,-1,0,1.2193545887326338,0.5090590847395515,-1.9174640434564942,-0.5968275940478756
10,135,-1,0,-0.6909441281685968,-1.4468835125564838,0.7543857213684552,-0.395863785507999
10,136,-1,0,0.5267557651664272,1.375445311670887,-1.8148722777431434,1.7386021114249555
10,137,-1,0,0.5730659923355066,2.3835922292341163,0.20497859792723128,0.8214789160702182
10,138,-1,0,1.1343574079518282,0.16782596972241448,-0.4512001448560466,2.116939198315876
10,139,-1,0,0.008861327608517627,-0.19727995732612844,-0.7556709132364813,0.5312724005304282
10,140,-1,0,0.3543725277387253,-2.3605782614449353,1.0079970034230852,-0.3502383498230938
10,141,-1,0,0.6032809590509747,0.5628494203738629,-1.0430737022813366,2.472435678832565
10,142,-1,0,-1.7330027043844558,-1.1541714262983167,1.4207998428900637,-0.17585672570351582
10,143,-1,0,-0.06215772113332739,-0.5966139079163051,-0.6902634133270706,-0.6412154938054386
10,144,-1,0,1.0204558856716575,-1.0550925619827771,0.23922797173839117,0.7882072412490861
10,145,-1,0,-0.5025665920171958,-1.0380641623107913,-1.2910285430172368,0.10186286879000153
10,146,-1,0,0.631129089144547,-0.029421922615303468,0.41262735520499433,-0.29228291261987144
10,147,-1,0,-0.09067313510678131,-0.004996130276595701,-0.7058554945166199,0.42659545511016506
10,148,-1,0,0.15808270533092642,1.7134908885015603,-0.6323390096507158,0.5205964182011031
10,149,-1,0,0.23462950367525942,-0.8299493395820846,1.1151233773647666,0.17602090575725726
10,150,-1,0,-1.2660955768237576,-0.4935152092007745,-0.8925658002780713,-0.531941865291501
10,151,-1,0,-0.1205409342872928,-0.017247143727842716,-0.04098486469656254,-0.5555238735118273
10,152,-1,0,0.8756154955309015,-0.9022755659889229,0.000888625001921776,-0.07407088917588163
10,153,-1,0,-0.06385858477376474,-0.015664803595005782,-0.9910957822281317,0.021703839059641333
10,154,-1,0,0.5157042481640784,-0.10321893428652158,0.03985841761466474,-0.8911903670902938
10,155,-1,0,0.6923139089321741,0.8615239290498078,2.2273860809131754,-0.05251938229307366
10,156,-1,0,-0.12382780642392177,0.3940872958402979,0.36533742761293553,0.2645917633584743
10,157,-1,0,-0.3039363803392461,0.04093228158147673,0.5353096473418112,1.7478539000384907
10,158,-1,0,-1.8061326203829131,-0.4840854911476985,0.08992843298078625,0.17497709320369015
10,159,-1,0,1.182790122678783,0.9760497927838799,-0.04926790495129596,-0.46954712275218685
10,160,-1,0,-0.35630415298259815,-0.22559947382813822,-1.5726505615429949,-0.4610407436426228
10,161,-1,0,-0.18888038569796042,-0.2543000124201234,0.6720071416275368,-0.5319433559629919
10,162,-1,0,0.5419387546680404,-0.23531484674423206,0.2164547268456756,0.6693356983561061
10,163,-1,0,0.25016244798431597,-0.19644155767581964,0.6818941030932071,0.17554994126500043
10,164,-1,0,-0.1508091869990102,-1.218129377322531,-0.9615559741469126,-1.8829080367785338
10,165,-1,0,1.3355454216308837,-0.5564888399932533,0.7875408171027013,-0.0034498542228016903
10,166,-1,0,1.3382795151279085,0.5822058485731421,-1.7518005652801107,1.0414021981866897
10,167,-1,0,-0.1779139465826313,0.668113421683895,-0.29985316059917977,1.1189440556172074
10,168,-1,0,-1.5768756104869754,-0.4724341564337806,0.2820737332213647,-0.574998681265042
10,169,-1,0,0.7997849113889519,0.31678130668345533,-0.9206190351548597,0.17460636935363696
10,170,-1,0,-1.2151923592287868,-1.1300558500020657,0.2869555371009184,-0.02811370599356217
10,171,-1,0,-1.146209047872416,-0.18392954998757557,-1.0371676077490912,-0.9263938335666286
10,172,-1,0,-1.3833904513204967,0.6692672663671115,2.486882851272909,0.45882324909073774
10,173,-1,0,-0.27118551415148473,-1.5554379435822379,-0.37761638129222136,0.5073139355693843
10,174,-1,0,-1.0317427538584325,0.29914565348662464,1.156408025005446,1.755091585099097
10,175,-1,0,-0.8642000120792834,0.054415869120395775,-2.9280901725683814,-0.5310340011508854
10,176,-1,0,-0.4593419875378874,-1.5838732281625223,-0.24555110772965252,-0.7766086200556818
10,177,-1,0,-0.9184748174227628,-0.28234512976124115,-0.23294792511840304,0.5675714213245197
10,178,-1,0,-0.34062493579600056,0.7596151492736765,-0.3616882372265676,-1.5269369663879415
10,179,-1,0,0.33668690624350883,-0.2704893919573284,-1.1597957072917302,-0.7406751455270828
10,180,10,17,-1.9201783483529482,-0.7692867989311631,-0.06174393447177569,-0.5070600672915547
10,181,-1,0,0.08365797896292382,0.8965755003643204,2.203824123451556,0.7317788401264059
10,182,-1,0,-2.656944947302302,-0.09446216866931324,0.07138843525796344,-1.161873305834576
10,183,-1,0,-0.7669395878687968,0.40266973278163704,-0.32551817297182867,0.39746259072463846
10,184,-1,0,-0.43846687509929955,-0.1485960064725456,-1.4248747250999314,1.8823382582267307
10,185,-1,0,1.389971729008376,-0.6643420911200446,-0.22997115548100328,1.1839019117100198
10,186,-1,0,0.19205435028986062,0.2659434481762174,-1.3661578762408668,-0.3895534736381311
10,187,-1,0,0.19741365231431526,-0.5439981304035021,-0.04405912149974852,-0.07729256326094218
10,188,-1,0,-0.0347471219115299,-0.6523781063835983,-1.0540027955565343,-0.6643563093536256
10,189,-1,0,0.3741618064648528,0.5869553605920156,1.3799679163043477,-1.1794309331731632
10,190,-1,0,-1.0750741052027453,-0.3343325988668879,0.4842398427706556,1.614345267136424
10,191,-1,0,-0.0947962535938427,1.1562368039549173,-1.4898081193653723,0.36211291470656115
10,192,-1,0,-0.881694971470056,0.14663082307360867,0.594925861846824,-0.91209976232621
10,193,-1,0,0.1733699896200973,-1.2418133060027143,1.5534128669401228,1.0899026698201453
10,194,-1,0,-0.586630882730846,0.7707802337475681,-0.49544904738287204,-1.8397186052226187
10,195,-1,0,0.008781422965773035,1.9070261909649173,0.35746712316898616,0.19099248938301286
10,196,-1,0,-0.17186734595143172,-0.9518157648768794,0.22919797956924792,1.135754903021066
10,197,-1,0,-0.9082651093054563,0.4497770983764295,-3.197345391683628,-1.0926786579823062
10,198,-1,0,-0.5867399161530961,-1.6264831326910547,1.9255666584293065,-1.4105351572732683
10,199,-1,0,-0.3727314992906954,0.08314439397770138,-0.3695052019039484,-0.08096507856710995
10,200,8,10,0.09327384069324166,-2.3789256878163596,0.4410646977675636,-1.4044566979810365
10,201,-1,0,1.3813479064912069,-1.2855152791991058,0.17986910595420905,-0.7725614870648787
10,202,-1,0,0.4836547685821585,-1.0482249591915083,0.3726742754149822,0.3806924762430092
10,203,-1,0,-0.33621322049705094,1.0465822533642106,1.7206947067420648,1.5866822794204654
10,204,-1,0,0.44916607192900415,2.8494549607259407,2.2321759587975563,-0.7666172841087739
10,205,-1,0,0.601959232063568,0.07226746149832086,0.15331229812215103,0.4877851124623137
10,206,-1,0,0.2187698616516345,0.339793714559767,1.392140314142641,0.31772024342736876
10,207,-1,0,0.9902300965794345,1.6332624160584217,1.2270409292003972,0.37721495282689266
10,208,2,18,0.29206254410355154,-1.0371697599458227,-1.0240394415157577,0.6505089274690512
10,209,-1,0,0.4722094960293684,-0.6269631173779989,1.201204007476163,0.14377218005623457
10,210,-1,0,0.6734404901818256,0.16524903859866213,-0.47852741111072156,0.03150757764886403
10,211,-1,0,0.6976577341539597,-1.1955846525037421,1.0256820527459456,-0.2139079414751082
10,212,-1,0,-0.6974882614105615,0.6378552876565751,-0.7965918828262021,0.12935683165923514
10,213,-1,0,-0.2855725668594085,-0.5665872435909065,-0.15357909625050895,-1.7406346901674916
10,214,-1,0,0.9616865870883877,-0.4427738728469823,-1.3797546259079334,-0.6467092698202764
10,215,-1,0,0.6255207733817739,-0.30035356091877463,0.8972747801405839,-1.0414807563325195
10,216,-1,0,0.47460724668348964,-0.09591332970445857,-0.5892256991552035,-2.5121277305114025
10,217,-1,0,0.3237218133973122,-1.7429223285514202,0.6003256861085275,-0.014363758758586748
10,218,-1,0,0.9451932065760001,-0.7398868049493273,0.7135642142391335,0.6838541519834499
10,219,-1,0,1.635955778306173,0.6587348427546967,-0.5615577103391871,1.798384420138548
10,220,-1,0,-0.4627235943580139,-0.964469711004393,-0.1027607995418483,1.0822192832103554
10,221,-1,0,-0.3379021368509224,1.297785956840585,0.46351741580390327,-0.6093910635812475
10,222,-1,0,-0.6031961366575651,0.9528406823236886,-0.9065393256103157,0.8645262754121827
10,223,-1,0,0.1720510724519307,1.5117183839006723,-0.4753340140573231,1.661728596147394
10,224,-1,0,-0.824763693936503,-1.5783914031016368,-0.7467818840498868,0.5828820972117233
10,225,-1,0,0.3067753034739905,0.26709196166534926,-1.1733269767074714,-1.3268318329262696
10,226,-1,0,1.3478069773059966,-0.3641347603647214,-1.268559616590313,-1.533280477749828
10,227,-1,0,1.5795438221690692,-0.20773953753241156,-1.037943374056448,-0.6094708441644298
10,228,-1,0,0.2656134152217038,-0.6600164535755245,-0.88993957467117,-0.18801698454297686
10,229,-1,0,0.71704376792885,0.550532016267197,-0.4574969296706332,-1.6950770180267947
10,230,-1,0,0.2840813932760513,-1.3336352855099138,0.2526192229828111,-0.5899759491773432
10,231,-1,0,1.119507008022189,0.21873262987857625,1.3702561728264784,-0.9392529879627134
10,232,-1,0,0.9090804102421112,-2.9950027798647287,-0.0882707117695446,1.5422244089235955
10,233,-1,0,-0.44132115656795384,-0.2327903906718245,-1.3030487812371978,0.20629249006022807
10,234,-1,0,-1.0153067439861525,1.1191643604654822,-0.02056504387532332,-0.3634260488797557
10,235,15,18,1.0351879907581838,-0.7756413745956193,1.6667497504903537,-0.08879493790855504
10,236,-1,0,-0.5866304527666428,-0.9378559883180094,0.8019126612557663,-0.7688867493664763
10,237,-1,0,0.8978342991592051,-1.162069029694606,-1.4192520017477464,0.5450543963499954
10,238,-1,0,-0.7517256566679622,-0.3656461120005291,-1.3453069899370451,-1.1173905214054018
10,239,-1,0,0.2924530661220612,-0.9457114683003488,0.5294855660350913,1.519278441010666
10,240,-1,0,0.061255794842068084,1.97665134753273,0.611159889048419,0.8133851241006896
10,241,-1,0,-0.7979637561376178,1.1433716948773616,0.6537249441620315,-0.05152318523520336
10,242,-1,0,-1.7477252284191138,0.15590622911900587,-0.6917127645637496,-0.13185426838104947
10,243,-1,0,0.8200027057036074,0.7190009690459168,2.255064332205275,1.1651185291801494
10,244,-1,0,-0.8183019235473779,2.328150724588983,-0.6633261582929174,-0.04413534253316379
10,245,-1,0,1.7153158744955939,-0.0546320291626752,0.2419430815388782,-1.6351093020806682
10,246,-1,0,-0.3652591301096782,-0.005660169488668078,-0.3233204760570791,0.15229398157573193
10,247,-1,0,0.46434086089902904,0.30870718775477546,0.001826355891416653,-0.17190760499977303
10,248,-1,0,-0.9912614307154949,-0.12557952506605788,-1.0957772310844156,0.08712970192339368
10,249,-1,0,0.9205065081130677,1.197661620816487,0.6630643333001591,1.6222592870903558
10,250,-1,0,0.3153586880551328,0.3733468626253329,-1.9362816917018002,0.3202432047275546
10,251,-1,0,-1.6884952118834913,-0.43138603184179836,0.9574239667720826,-1.2387743263168363
10,252,-1,0,0.47479931873797876,-0.22838809024354395,-0.14232728717871945,0.8299271042495487
10,253,-1,0,2.040761939896942,-0.8134195295344778,-0.7652832419470891,1.2207681971892839
10,254,-1,0,1.3253916956498109,1.0459810738644797,0.37639592879811495,-1.276384146623089
10,255,-1,0,0.19843936462172615,-0.017182570460341117,-2.052782820682623,1.0444053593549885
10,256,-1,0,1.4640951986919595,-1.0178596264768776,0.43596677973854364,-2.126498084584922
10,257,-1,0,-1.9398769097788113,0.41050876324720337,1.1625796886231055,1.2913217309307357
10,258,-1,0,-1.4256500491067416,-0.10117579304428566,-0.26831847418494864,0.36835915904694766
10,259,-1,0,0.6620408823082948,2.121616557669537,0.6610508551222171,-0.3888175083058831
10,260,-1,0,-0.31452806494466234,0.2818635109543874,0.1807779263636032,-2.2932313583102384
10,261,-1,0,0.28943995350059304,-0.20970505497238165,-0.14128697525919692,-1.2844034935218471
10,262,-1,0,1.5029254864018617,-0.17726956801098367,-0.5221257514855702,-0.6077288948101016
10,263,-1,0,-1.3552434888770633,0.8449497673368574,0.11141180514668009,1.9208964234569852
10,264,-1,0,-0.08831802596201337,-1.5414686375761777,1.429639843271909,1.4580436676443578
10,265,-1,0,0.7452334972051312,-0.8007665488593981,-0.7761903063646081,-1.6093134194360432
10,266,-1,0,0.2711284260993098,0.4944997307083231,1.4524749367267566,0.6686246365934847
10,267,-1,0,0.7492738790666627,-1.0645718442053753,-0.03446513461569266,-1.2062615546462505
10,268,-1,0,-0.09181650149401265,1.0618876181746875,2.0582140138989584,-1.0851931628925275
10,269,-1,0,-0.07091043620613886,0.5272356224228922,0.5824098823089675,0.3624211642959292
10,270,-1,0,0.39467542295282765,0.8923267130777718,-0.5133908324465025,1.9781649235905385
10,271,-1,0,-0.6338601977945909,0.29637903840793156,-0.257589484139596,-1.367172814105484
10,272,24,19,1.5957024408984055,2.002532317439836,-0.5670414604907228,0.9052746036418157
10,273,-1,0,0.2838866296523059,1.2673712132137398,0.8520715282890425,0.15432041576149166
10,274,-1,0,-1.1239808415658519,-0.06401811044731388,0.3236133274668825,0.5031718922590753
10,275,-1,0,0.9795851287980926,-2.4030766967545714,0.9034403330296308,-1.0474477765805246
10,276,-1,0,0.3366443279422986,0.6305598177870343,-0.5409257482040764,0.28265132136603827
10,277,-1,0,1.0952466167045747,-0.33083873864081675,-2.5890802948302896,1.0614835536592246
10,278,-1,0,-0.8761295164040104,1.2127098857927494,-0.7497554511123924,-2.2665206299327094
10,279,-1,0,0.32613645199293473,0.13355112937780175,0.10359794949464109,0.29642285776231825
10,280,-1,0,-0.21603830345786162,-0.6013813731533054,-0.2658008475467199,-0.3516725661580284
10,281,-1,0,-1.1029534312854563,-0.5425943845171727,0.08222618878511484,0.30941891043639275
10,282,-1,0,-0.18365991423533276,0.5344498735721634,0.8144686606150432,0.6800798787004845
10,283,-1,0,-0.4554050912543668,0.7056545870353251,0.515397323677071,0.6798106013047429
10,284,-1,0,-0.8535368023114268,1.2225645323408076,-1.3595888742132702,0.9857577924237387
10,285,30,9,-0.39615880055363,1.203751746517066,-0.5884016698305081,-1.2106023968143265
10,286,-1,0,-0.8180749585415559,-1.2505999792285922,0.43753775222697083,0.7981723075978052
10,287,-1,0,0.5236229236448857,-0.3870270149195225,-0.09971412915682,0.1234024109925685
10,288,-1,0,0.507558865172029,-0.9991131085398876,0.5158292357499967,-0.22118827023673274
10,289,-1,0,-0.8397613575199904,-0.02626026255642295,-0.06013243528668315,-0.40218236454447936
10,290,-1,0,-1.7071722930695223,0.1279844920146543,0.178204753456251,2.18312868735204
10,291,-1,0,1.021424079171613,1.1952037223192256,-0.06106675539124377,0.07680100343757663
10,292,59,11,-1.5084321712555864,-0.03964614863770247,1.3841229941036504,-0.1076800633335738
10,293,-1,0,0.23288263694520128,0.5269880126825652,0.5674430736864792,0.2816433149354566
10,294,-1,0,0.9457010559986685,-1.1068829123791546,-0.37889182524765047,0.8696913262453613
10,295,-1,0,0.23460010834834738,0.6724788921182383,0.9521537347008596,-0.8580470590667832
10,296,-1,0,-1.1536814606847743,1.858674129136191,-1.0544325732479414,-0.23458712254500633
10,297,-1,0,1.0310601652090412,-1.7383210989009736,-0.03926821095340596,1.2143883468486907
10,298,-1,0,0.4093119944364986,-0.2609390873799359,1.7576834466350173,-1.6719471765190104
10,299,-1,0,0.5081778886458632,0.5910366844076768,0.26580883024114654,0.2051801474470013
