time/iterations,time/fps,time/time_elapsed,time/total_timesteps,train/loss,train/policy_gradient_loss,train/entropy_loss,train/approx_kl,train/explained_variance,rollout/ep_rew_mean,train/clip_fraction,train/n_updates,rollout/ep_len_mean,train/learning_rate,train/value_loss,train/clip_range,train/std
1,5690,0,2048,,,,,,,,,,,,,
2,1912,2,4096,0.2468489706516266,-0.003072422556579113,-25.988318634033202,0.0042245165,0.03620809316635132,238.016455375,0.03046875,5,300.0,0.0002,1.3524235308170318,0.2,0.36806759238243103
3,1582,3,6144,-0.23751232028007507,-0.0028450424550101163,-26.023783683776855,0.0037942384,-0.442950963973999,240.473854625,0.02861328125,10,300.0,0.0002,0.08143799379467964,0.2,0.36830082535743713
4,1452,5,8192,-0.26025018095970154,-0.0022181453299708665,-26.06425905227661,0.0031497094,-1.8685541152954102,234.7071707916667,0.01767578125,15,300.0,0.0002,0.03639783267863095,0.2,0.36854565143585205
5,1381,7,10240,-0.25973737239837646,-0.0022305331309325992,-26.108628463745116,0.0017872509,-0.37684154510498047,232.92655678125,0.0283203125,20,300.0,0.0002,0.027626926079392433,0.2,0.3688226640224457
6,1328,9,12288,-0.262435644865036,-0.0013018163619562984,-26.151751041412354,0.0043320404,0.25309115648269653,231.93257212499998,0.01884765625,25,300.0,0.0002,0.018742819037288427,0.2,0.36906078457832336
7,1289,11,14336,-0.26283153891563416,-0.00196616230532527,-26.19024314880371,0.0015432193,0.24343383312225342,231.93257212499998,0.03154296875,30,300.0,0.0002,0.01785466317087412,0.2,0.3692856729030609
8,1260,13,16384,-0.25733333826065063,-0.002265273930970579,-26.22780704498291,0.0038769043,0.438942551612854,230.18229077083333,0.01259765625,35,300.0,0.0002,0.016134249279275537,0.2,0.3694940507411957
9,1246,14,18432,-0.26699256896972656,-0.0025790565181523562,-26.261105155944826,0.002366391,0.006783008575439453,229.3801925357143,0.012109375,40,300.0,0.0002,0.012464305595494806,0.2,0.3697018027305603
10,1235,16,20480,-0.2688083052635193,-0.0026913841255009176,-26.306369876861574,0.005060359,0.4610884189605713,226.90339695312502,0.0150390625,45,300.0,0.0002,0.010126485978253186,0.2,0.3700566589832306
11,1227,18,22528,-0.2629755139350891,-0.0017848392715677619,-26.36185827255249,0.0029753167,0.3747086524963379,226.66934298611108,0.008203125,50,300.0,0.0002,0.009517602692358195,0.2,0.37032178044319153
12,1221,20,24576,-0.26203036308288574,-0.00202308208681643,-26.392600345611573,0.002202091,0.2725576162338257,224.8965860875,0.01279296875,55,300.0,0.0002,0.009147137869149446,0.2,0.37039893865585327
13,1217,21,26624,-0.26508915424346924,-0.0030075915856286883,-26.406814575195312,0.0020056637,0.4124642014503479,224.48095169318182,0.02080078125,60,300.0,0.0002,0.009609432914294303,0.2,0.37057384848594666
14,1208,23,28672,-0.26530590653419495,-0.002076847548596561,-26.44154872894287,0.0061108004,0.4406384825706482,224.48095169318182,0.0216796875,65,300.0,0.0002,0.00889545464888215,0.2,0.37075966596603394
15,1203,25,30720,-0.27151110768318176,-0.0031483738915994764,-26.46645278930664,0.0035182938,0.47505199909210205,225.72519461458333,0.03154296875,70,300.0,0.0002,0.010486885602585972,0.2,0.37089213728904724
16,1201,27,32768,-0.26200050115585327,-0.002083928172942251,-26.488827228546143,0.004471796,0.11302804946899414,225.74754700000003,0.019921875,75,300.0,0.0002,0.0077716375701129435,0.2,0.3710266053676605
17,1199,29,34816,-0.26911041140556335,-0.0028242842759937047,-26.52583065032959,0.0020873973,0.5139584541320801,224.91276829999998,0.028515625,80,300.0,0.0002,0.009174960083328187,0.2,0.37137967348098755
18,1197,30,36864,-0.269696980714798,-0.00361557052237913,-26.581597232818602,0.003534012,0.5989981889724731,223.23804748999996,0.0349609375,85,300.0,0.0002,0.008163119619712233,0.2,0.37160590291023254
19,1196,32,38912,-0.273161917924881,-0.003061207779683173,-26.608648014068603,0.0048330906,0.4908254146575928,223.26891032999995,0.0283203125,90,300.0,0.0002,0.007387908874079585,0.2,0.37175291776657104
20,1195,34,40960,-0.27355092763900757,-0.003492607385851443,-26.637956428527833,0.0055857915,0.49273765087127686,222.80558124000004,0.03544921875,95,300.0,0.0002,0.006781851314008236,0.2,0.3719613552093506
21,1194,35,43008,-0.2593173086643219,-0.0029562402050942183,-26.676018714904785,0.007889335,0.31580638885498047,222.80558124000004,0.05498046875,100,300.0,0.0002,0.006462749396450818,0.2,0.372215211391449
22,1193,37,45056,-0.25541916489601135,-0.0029541531810536982,-26.715783500671385,0.007245207,0.35648906230926514,223.72886537000002,0.044140625,105,300.0,0.0002,0.0058957893634215,0.2,0.37242794036865234
23,1190,39,47104,-0.2698221802711487,-0.0026074163615703583,-26.74864044189453,0.0026158325,0.33048534393310547,222.59654001999996,0.03154296875,110,300.0,0.0002,0.00719265197403729,0.2,0.3726080060005188
24,1186,41,49152,-0.2704434394836426,-0.0022427017567679284,-26.782372570037843,0.0025699837,0.43516695499420166,223.04625880000003,0.00771484375,115,300.0,0.0002,0.005351176857948304,0.2,0.37286099791526794
25,1183,43,51200,-0.2716098427772522,-0.0033930466044694184,-26.828593158721922,0.00611835,0.4570120573043823,222.60800269999996,0.04873046875,120,300.0,0.0002,0.007019780739210546,0.2,0.3731341063976288
26,1181,45,53248,-0.2683102488517761,-0.002267810679040849,-26.870222949981688,0.007915081,0.38643723726272583,223.26571663000001,0.0783203125,125,300.0,0.0002,0.007362247561104596,0.2,0.37335488200187683
27,1180,46,55296,-0.2798885107040405,-0.002466444857418537,-26.907132816314697,0.00892241,0.4302372336387634,224.95686877,0.05576171875,130,300.0,0.0002,0.006219347100704908,0.2,0.3736053705215454
28,1180,48,57344,-0.27101442217826843,-0.0025582017609849573,-26.94515962600708,0.009283604,0.5154685974121094,224.95686877,0.06201171875,135,300.0,0.0002,0.004956756066530943,0.2,0.37379756569862366
29,1180,50,59392,-0.27476775646209717,-0.0020282672718167304,-26.97755651473999,0.0045690713,0.5405980348587036,224.86610454999993,0.03486328125,140,300.0,0.0002,0.008993599913083017,0.2,0.37403538823127747
30,1179,52,61440,-0.26379814743995667,-0.0023739579133689403,-27.021489906311036,0.008948138,0.41576170921325684,224.07009024,0.09765625,145,300.0,0.0002,0.006894974876195193,0.2,0.3742855489253998
31,1179,53,63488,-0.27511703968048096,-0.0011738331522792578,-27.06212854385376,0.0076360274,0.5071085691452026,223.19811227000002,0.06513671875,150,300.0,0.0002,0.009615505952388049,0.2,0.3745432198047638
32,1179,55,65536,-0.2742687165737152,-0.0036463238531723617,-27.10397415161133,0.008851804,0.5731223225593567,224.39989764,0.06259765625,155,300.0,0.0002,0.008501683082431554,0.2,0.374785840511322
33,1179,57,67584,-0.27384987473487854,-0.0006298784632235765,-27.143584632873534,0.010526708,0.6015329957008362,225.86136979000003,0.09833984375,160,300.0,0.0002,0.006552185420878232,0.2,0.375016987323761
34,1179,59,69632,-0.2788592278957367,-0.005746736214496196,-27.17924098968506,0.006950106,0.5194529294967651,226.1867634,0.0720703125,165,300.0,0.0002,0.005727869109250605,0.2,0.37522679567337036
35,1180,60,71680,-0.27442029118537903,-0.0034903746796771883,-27.21275053024292,0.0035375857,0.47696608304977417,226.1867634,0.03525390625,170,300.0,0.0002,0.005045510130003095,0.2,0.3754231333732605
36,1180,62,73728,-0.27426677942276,-0.0032184360083192588,-27.24930534362793,0.0050906967,0.5049011707305908,226.34862221999995,0.0431640625,175,300.0,0.0002,0.006502515147440135,0.2,0.375695139169693
37,1181,64,75776,-0.2761263847351074,-0.0031866456381976606,-27.296789741516115,0.011571011,0.49878382682800293,225.63836902999995,0.081640625,180,300.0,0.0002,0.007696773391216993,0.2,0.3759611248970032
38,1180,65,77824,-0.2765975594520569,-0.0020637111039832233,-27.323893356323243,0.0024889158,0.5632338523864746,225.57323897999999,0.02705078125,185,300.0,0.0002,0.008752298448234797,0.2,0.37599900364875793
39,1179,67,79872,-0.269586980342865,-0.0021177937975153326,-27.328662586212157,0.0041972953,0.6292349696159363,225.95200078999997,0.0291015625,190,300.0,0.0002,0.012045837147161365,0.2,0.37609392404556274
40,1177,69,81920,-0.27618488669395447,-0.0021363100968301296,-27.352723598480225,0.004327099,0.5999003648757935,225.64162903,0.053125,195,300.0,0.0002,0.012027829699218274,0.2,0.37625399231910706
41,1176,71,83968,-0.28287002444267273,-0.00395824332954362,-27.37475128173828,0.0068451776,0.42179208993911743,225.64162903,0.06611328125,200,300.0,0.0002,0.006019918899983168,0.2,0.37636300921440125
42,1175,73,86016,-0.2771252691745758,-0.0028727313736453654,-27.396361827850342,0.0063944454,0.5575731992721558,225.56817497,0.03740234375,205,300.0,0.0002,0.007921371515840292,0.2,0.37653836607933044
43,1175,74,88064,-0.2786107659339905,-0.0029309468111023305,-27.432008457183837,0.004662132,0.5166728496551514,225.50937959000004,0.03828125,210,300.0,0.0002,0.009293517423793673,0.2,0.37679702043533325
44,1175,76,90112,-0.27321693301200867,-0.0033920985413715245,-27.47318391799927,0.0052384683,0.574153482913971,224.46782312,0.03955078125,215,300.0,0.0002,0.009905837941914797,0.2,0.3770194351673126
45,1174,78,92160,-0.2736915647983551,-0.0037434118101373317,-27.50874547958374,0.008761767,0.4599493741989136,223.73226933,0.07734375,220,300.0,0.0002,0.008320499444380403,0.2,0.3772523105144501
46,1173,80,94208,-0.2822924256324768,-0.003527397336438298,-27.54961061477661,0.008146897,0.5695534348487854,222.92058599,0.0498046875,225,300.0,0.0002,0.005989007814787328,0.2,0.3775314688682556
47,1172,82,96256,-0.2829614281654358,-0.0007835161988623441,-27.595785522460936,0.006411183,0.5750753879547119,222.22557992999998,0.04150390625,230,300.0,0.0002,0.006078475946560502,0.2,0.3777857720851898
48,1171,83,98304,-0.2788262963294983,-0.003289759764447808,-27.636647701263428,0.004065656,0.5169117450714111,222.22557992999998,0.028515625,235,300.0,0.0002,0.005387075780890882,0.2,0.37804463505744934
49,1168,85,100352,-0.2787613868713379,-0.0026019208831712603,-27.679665756225585,0.004067731,0.5169570446014404,221.52184247999998,0.01826171875,240,300.0,0.0002,0.008519908087328077,0.2,0.3782961964607239
50,1165,87,102400,-0.2853589653968811,-0.0024092801613733172,-27.716252040863036,0.0056462875,0.5078182816505432,221.35673672000001,0.08037109375,245,300.0,0.0002,0.006893198541365564,0.2,0.37847211956977844
51,1153,90,104448,-0.2774347960948944,-0.002750211860984564,-27.74261016845703,0.003519433,0.5698630809783936,222.17500355999996,0.0439453125,250,300.0,0.0002,0.009497515740804374,0.2,0.378635048866272
52,1149,92,106496,-0.28216856718063354,-0.0037994989193975925,-27.772861862182616,0.0040764017,0.6138737201690674,221.44145829,0.0759765625,255,300.0,0.0002,0.009452782571315765,0.2,0.3788585960865021
53,1148,94,108544,-0.28045016527175903,-0.0002765633165836334,-27.80899772644043,0.015346812,0.6097994446754456,223.67041565,0.11259765625,260,300.0,0.0002,0.008305844431743026,0.2,0.37904825806617737
54,1141,96,110592,-0.26479607820510864,-0.00020783720538020134,-27.836292552948,0.014103183,0.5942549109458923,223.62662641000009,0.09375,265,300.0,0.0002,0.008245768467895686,0.2,0.3792060911655426
55,1138,98,112640,-0.2808969020843506,-0.00545381560223177,-27.86752767562866,0.008304179,0.5515599846839905,223.62662641000009,0.07236328125,270,300.0,0.0002,0.0076262077782303095,0.2,0.3794483542442322
56,1133,101,114688,-0.2849605977535248,-0.005143384961411357,-27.903086948394776,0.0059322463,0.5730782747268677,224.02390771000006,0.049609375,275,300.0,0.0002,0.00907861152663827,0.2,0.37961119413375854
57,1132,103,116736,-0.28541162610054016,-0.00446439424995333,-27.934776020050048,0.0052949097,0.5951143503189087,223.71731463,0.03828125,280,300.0,0.0002,0.00926272114738822,0.2,0.37988734245300293
58,1132,104,118784,-0.2797508239746094,-0.0014645450748503209,-27.983746910095213,0.0046488177,0.5448532700538635,223.49693987000003,0.043359375,285,300.0,0.0002,0.007743462175130844,0.2,0.3801652789115906
59,1131,106,120832,-0.28172606229782104,-0.003098719217814505,-28.023861122131347,0.0032157633,0.5215755701065063,223.95789773,0.03974609375,290,300.0,0.0002,0.007466608239337802,0.2,0.3803948163986206
60,1129,108,122880,-0.27917757630348206,-0.0018457408994436264,-28.06742286682129,0.0062884497,0.6419467926025391,223.61686261000006,0.02685546875,295,300.0,0.0002,0.007676439615897835,0.2,0.38072240352630615
61,1127,110,124928,-0.28352415561676025,-0.0025555821717716753,-28.1168155670166,0.0039177495,0.6410934925079346,223.61315061000002,0.01533203125,300,300.0,0.0002,0.00769524306524545,0.2,0.38097164034843445
62,1126,112,126976,-0.28917941451072693,-0.002556368114892393,-28.14884443283081,0.006971893,0.5768705606460571,223.61315061000002,0.03447265625,305,300.0,0.0002,0.006148342299275101,0.2,0.38111916184425354
63,1125,114,129024,-0.28541508316993713,-0.003599994722753763,-28.17280168533325,0.0093162265,0.550874650478363,223.88033183,0.0873046875,310,300.0,0.0002,0.009776254277676344,0.2,0.3813096880912781
64,1124,116,131072,-0.293708860874176,-0.005151610448956489,-28.211786460876464,0.0054493872,0.492465615272522,224.75579319000005,0.03388671875,315,300.0,0.0002,0.006901391292922198,0.2,0.3815605342388153
65,1123,118,133120,-0.2846589684486389,-0.00332280540606007,-28.250588989257814,0.003251138,0.47804927825927734,224.12968257,0.04892578125,320,300.0,0.0002,0.007150436541996897,0.2,0.38178765773773193
66,1120,120,135168,-0.2877793312072754,-0.003066574316471815,-28.29209260940552,0.006415774,0.5456770658493042,224.18717914,0.0458984375,325,300.0,0.0002,0.008522563357837498,0.2,0.38209453225135803
67,1119,122,137216,-0.2794375717639923,-0.003110100096091628,-28.333409595489503,0.004583562,0.5956112146377563,223.96281877,0.02080078125,330,300.0,0.0002,0.006918573775328696,0.2,0.3822457194328308
68,1117,124,139264,-0.28921347856521606,-0.004220073169562966,-28.35071430206299,0.00445227,0.5420209169387817,225.34347697,0.02314453125,335,300.0,0.0002,0.005377013189718127,0.2,0.3823651373386383
69,1115,126,141312,-0.29274773597717285,-0.0033100265776738525,-28.374028491973878,0.0047550276,0.300945520401001,225.34347697,0.058984375,340,300.0,0.0002,0.004054017912130803,0.2,0.38251563906669617
70,1114,128,143360,-0.28184714913368225,-0.0023095997632481156,-28.403023529052735,0.0046907654,0.43879151344299316,224.79074577999995,0.0326171875,345,300.0,0.0002,0.004043139866553247,0.2,0.38273656368255615
71,1112,130,145408,-0.28858014941215515,-0.0042351423762738705,-28.44260702133179,0.004561119,0.6098729372024536,224.86956057999998,0.03193359375,350,300.0,0.0002,0.005993081047199667,0.2,0.38301485776901245
72,1110,132,147456,-0.2875540852546692,-0.0035319992806762458,-28.490847396850587,0.006394105,0.5954843759536743,225.60175495000004,0.03291015625,355,300.0,0.0002,0.0065307408105582,0.2,0.3833222985267639
73,1108,134,149504,-0.2872377038002014,-0.00400770609267056,-28.54309368133545,0.0047489526,0.5207496881484985,225.55300462000002,0.0236328125,360,300.0,0.0002,0.008103111293166876,0.2,0.38368186354637146
74,1105,137,151552,-0.2881612777709961,-0.0017351924441754818,-28.595895862579347,0.00940139,0.49722492694854736,226.16331611,0.05625,365,300.0,0.0002,0.005179538251832127,0.2,0.3839479982852936
75,1101,139,153600,-0.2909746766090393,-0.0018866376485675573,-28.639129829406738,0.0042648837,0.6062493324279785,225.84016466,0.04951171875,370,300.0,0.0002,0.004883944313041866,0.2,0.3842586874961853
76,1101,141,155648,-0.2939986288547516,-0.003928493498824537,-28.690741539001465,0.0040033255,0.5238298177719116,225.84016466,0.02958984375,375,300.0,0.0002,0.00788130860310048,0.2,0.3845522999763489
77,1101,143,157696,-0.2865617573261261,-0.0021464720834046603,-28.72736825942993,0.0040353737,0.5181940793991089,226.93986199999995,0.0263671875,380,300.0,0.0002,0.009856309369206428,0.2,0.38470375537872314
78,1100,145,159744,-0.2979772090911865,-0.005010356684215367,-28.75399866104126,0.006385507,0.6419708728790283,227.11429410999995,0.04541015625,385,300.0,0.0002,0.0056440809043124315,0.2,0.3849223554134369
79,1101,146,161792,-0.28836917877197266,-0.002544943284010515,-28.793580722808837,0.0033728536,0.6672834753990173,226.25160911999998,0.058984375,390,300.0,0.0002,0.006331226299516856,0.2,0.3851810097694397
80,1101,148,163840,-0.2951710820198059,-0.0017850450589321555,-28.83975839614868,0.0038708535,0.5987920761108398,226.40315855999998,0.04365234375,395,300.0,0.0002,0.007107504550367594,0.2,0.38550835847854614
81,1100,150,165888,-0.29591500759124756,-0.003054510895162821,-28.885391998291016,0.008024688,0.5268949270248413,225.43196334999996,0.09248046875,400,300.0,0.0002,0.00690620350651443,0.2,0.3857138752937317
82,1099,152,167936,-0.290881484746933,-0.0030151512706652283,-28.91007719039917,0.0057243593,0.6351020932197571,225.43196334999996,0.06298828125,405,300.0,0.0002,0.005545498454011977,0.2,0.3858320713043213
83,1099,154,169984,-0.29504454135894775,-0.004258831753395498,-28.93439950942993,0.0042749983,0.598434567451477,225.0891971,0.040234375,410,300.0,0.0002,0.004638293595053256,0.2,0.3860444724559784
84,1100,156,172032,-0.28899070620536804,-0.001988096651621163,-28.969805908203124,0.005120093,0.6184836626052856,223.4536027,0.03515625,415,300.0,0.0002,0.005883959261700511,0.2,0.38623905181884766
85,1101,158,174080,-0.28333401679992676,-0.0031673410092480482,-29.00167121887207,0.004262317,0.5996782779693604,223.68738158,0.016015625,420,300.0,0.0002,0.007954412093386053,0.2,0.3864727020263672
86,1102,159,176128,-0.2951282858848572,-0.00312054599635303,-29.043511867523193,0.0045531797,0.6711691617965698,221.97710781,0.0390625,425,300.0,0.0002,0.005364347319118679,0.2,0.38676589727401733
87,1102,161,178176,-0.2912781834602356,-0.0025158781674690543,-29.085622310638428,0.006608912,0.5845487713813782,222.80000869,0.07529296875,430,300.0,0.0002,0.006398960296064615,0.2,0.3869638741016388
88,1103,163,180224,-0.28730708360671997,-0.003859641368035227,-29.120499992370604,0.0061173327,0.542404055595398,222.39579631000004,0.04208984375,435,300.0,0.0002,0.0059700151672586795,0.2,0.38727250695228577
89,1103,165,182272,-0.3031286895275116,-0.0030107043450698255,-29.170401859283448,0.0058512837,0.42292970418930054,222.39579631000004,0.04794921875,440,300.0,0.0002,0.004549889895133674,0.2,0.3875294327735901
90,1103,167,184320,-0.29707983136177063,-0.003404567134566605,-29.199463272094725,0.0071168374,0.47361016273498535,222.22572231000007,0.0564453125,445,300.0,0.0002,0.005797706567682326,0.2,0.3876276910305023
91,1103,168,186368,-0.2968556582927704,-0.00176446121186018,-29.219226169586182,0.009179315,0.5855835676193237,221.80539460000003,0.05966796875,450,300.0,0.0002,0.006667683529667556,0.2,0.38783276081085205
92,1102,170,188416,-0.2966143786907196,-1.679235137999058e-05,-29.253420448303224,0.012449238,0.5653661489486694,222.45477590000002,0.08330078125,455,300.0,0.0002,0.005191092216409743,0.2,0.38800492882728577
93,1102,172,190464,-0.2944315969944,-0.0026267459616065025,-29.2795521736145,0.0032004598,0.4385591149330139,223.09647484,0.03720703125,460,300.0,0.0002,0.007320722937583924,0.2,0.38819462060928345
94,1102,174,192512,-0.2972671091556549,-0.005074397689895704,-29.30855264663696,0.0046297703,0.5729475021362305,222.34392287999995,0.03515625,465,300.0,0.0002,0.007183177606202662,0.2,0.3883528411388397
95,1103,176,194560,-0.30448898673057556,-0.0036739895935170353,-29.33825922012329,0.009651485,0.5799050331115723,224.30831487999995,0.06201171875,470,300.0,0.0002,0.006749699963256717,0.2,0.3885760009288788
96,1100,178,196608,-0.29516762495040894,-0.003032047161832452,-29.370782947540285,0.0042892527,0.6428146362304688,224.30831487999995,0.050390625,475,300.0,0.0002,0.006487209326587617,0.2,0.38874056935310364
97,1100,180,198656,-0.30226022005081177,-0.003138268366456032,-29.40121259689331,0.0024779607,0.5821354389190674,223.13096088999998,0.03037109375,480,300.0,0.0002,0.010175625467672944,0.2,0.388980895280838
98,1100,182,200704,-0.3018171191215515,-0.0036213389365002515,-29.440746593475343,0.0063161454,0.6491929292678833,224.69328391,0.05849609375,485,300.0,0.0002,0.0040199464070610706,0.2,0.389202743768692
99,1097,184,202752,-0.30728763341903687,-0.005159831955097616,-29.47055606842041,0.009364747,0.5688230991363525,224.98391897000002,0.08349609375,490,300.0,0.0002,0.005484073725529015,0.2,0.38937216997146606
100,1098,186,204800,-0.2948920726776123,-0.003834045655094087,-29.49378185272217,0.0036395849,0.5818709135055542,225.54402438,0.02783203125,495,300.0,0.0002,0.008733230782672763,0.2,0.3894931375980377
101,1098,188,206848,-0.29544270038604736,-0.0029823831631802023,-29.51802005767822,0.0055746827,0.6420924663543701,225.76714574999997,0.03173828125,500,300.0,0.0002,0.010824356181547045,0.2,0.38971343636512756
102,1099,190,208896,-0.29611799120903015,-0.00270840332377702,-29.555231761932372,0.0036002332,0.6650755405426025,224.37460369000004,0.02783203125,505,300.0,0.0002,0.010743510164320468,0.2,0.3899175524711609
103,1097,192,210944,-0.2978192865848541,-0.0040623385808430616,-29.582369232177733,0.005752991,0.6283714771270752,224.37460369000004,0.03828125,510,300.0,0.0002,0.009853554703295232,0.2,0.390076220035553
104,1095,194,212992,-0.30129504203796387,-0.0016260540578514338,-29.606846427917482,0.0020540846,0.532586932182312,225.15662439000005,0.0328125,515,300.0,0.0002,0.004949614522047341,0.2,0.39021041989326477
105,1091,197,215040,-0.2972290813922882,-0.0033556130598299204,-29.629634380340576,0.005021683,0.647114634513855,224.22953604999998,0.042578125,520,300.0,0.0002,0.007112948410212994,0.2,0.3903699815273285
106,1089,199,217088,-0.2986263632774353,-0.00555651169270277,-29.65628089904785,0.00925429,0.5750433206558228,224.08261661999998,0.0705078125,525,300.0,0.0002,0.005094059277325869,0.2,0.3905564844608307
107,1090,201,219136,-0.2965911328792572,-0.0037676661740988493,-29.683624458312988,0.005504407,0.4580523371696472,224.67183922999996,0.05966796875,530,300.0,0.0002,0.00622434513643384,0.2,0.3907076120376587
108,1090,202,221184,-0.2914195656776428,-0.0015353479655459523,-29.703061866760255,0.0055958834,0.5900440812110901,224.40944515000004,0.0712890625,535,300.0,0.0002,0.005991522246040404,0.2,0.39078423380851746
109,1090,204,223232,-0.3014240562915802,-0.004300193721428513,-29.721657752990723,0.0072377403,0.5845606327056885,225.16064836999993,0.074609375,540,300.0,0.0002,0.006911683920770883,0.2,0.3909784257411957
110,1090,206,225280,-0.29713916778564453,-0.0024773536249995233,-29.7615686416626,0.0030792048,0.448380708694458,225.16064836999993,0.0328125,545,300.0,0.0002,0.010473647946491837,0.2,0.39127442240715027
111,1090,208,227328,-0.3052084445953369,-0.00401736693456769,-29.79497880935669,0.006861511,0.5847405195236206,224.54102084,0.048828125,550,300.0,0.0002,0.009183012484572827,0.2,0.39135637879371643
112,1090,210,229376,-0.30331090092658997,-0.002990326553117484,-29.804287433624268,0.005053621,0.6626571416854858,225.13653895999997,0.02666015625,555,300.0,0.0002,0.008555830153636635,0.2,0.39143770933151245
113,1090,212,231424,-0.30004194378852844,-0.005902232648804784,-29.823494625091552,0.009321118,0.6135709881782532,225.07569911,0.08408203125,560,300.0,0.0002,0.00730050248093903,0.2,0.3916107714176178
114,1090,214,233472,-0.3052929639816284,-0.004328498430550098,-29.853082752227785,0.0046896776,0.6502467393875122,225.16104449000002,0.05986328125,565,300.0,0.0002,0.007587808184325695,0.2,0.39179709553718567
115,1091,215,235520,-0.30934250354766846,-0.0038896902464330197,-29.879827213287353,0.004094991,0.6202898025512695,224.62197110999998,0.03994140625,570,300.0,0.0002,0.00800558680202812,0.2,0.3919212520122528
116,1091,217,237568,-0.29234904050827026,-0.0016631616512313486,-29.90283622741699,0.014262665,0.6572380065917969,224.62197110999998,0.077734375,575,300.0,0.0002,0.00546904094517231,0.2,0.39213013648986816
117,1090,219,239616,-0.292957603931427,-0.0040961302584037185,-29.941004085540772,0.0063671423,0.5400193929672241,226.31500482999996,0.06015625,580,300.0,0.0002,0.007746722246520221,0.2,0.3923821747303009
118,1089,221,241664,-0.30462464690208435,-0.0024271178408525884,-29.976436424255372,0.0028084063,0.6421347856521606,226.91499599000005,0.0166015625,585,300.0,0.0002,0.006414791406132281,0.2,0.3925781846046448
119,1088,223,243712,-0.30745038390159607,-0.004162630112841725,-30.003448677062988,0.005824318,0.5311869382858276,226.88898150999998,0.05634765625,590,300.0,0.0002,0.005820322944782674,0.2,0.39271780848503113
120,1087,225,245760,-0.3078850507736206,-0.001641011133324355,-30.02735996246338,0.005357679,0.5298563241958618,226.25651999000002,0.03369140625,595,300.0,0.0002,0.006874994118697941,0.2,0.3928932249546051
121,1088,227,247808,-0.3077320158481598,-0.0033619193010963498,-30.058600997924806,0.0067300685,0.548637866973877,225.57711304,0.03759765625,600,300.0,0.0002,0.0057307512033730745,0.2,0.3931322395801544
122,1088,229,249856,-0.31221261620521545,-0.004301522532477975,-30.09376926422119,0.003696076,0.5436714291572571,225.56441027,0.04375,605,300.0,0.0002,0.005922027514316142,0.2,0.39331063628196716
123,1089,231,251904,-0.3096902072429657,-0.004117632331326604,-30.11820468902588,0.008806033,0.5202696919441223,225.56441027,0.11396484375,610,300.0,0.0002,0.004938663612119853,0.2,0.39344272017478943
124,1089,233,253952,-0.30757173895835876,-0.0036800251342356204,-30.144593143463133,0.003994152,0.5891363620758057,225.58878711999998,0.03994140625,615,300.0,0.0002,0.005128750624135136,0.2,0.39367902278900146
125,1089,234,256000,-0.3028126060962677,-0.005113561428152025,-30.18139762878418,0.008734748,0.5278089046478271,225.75319591,0.05859375,620,300.0,0.0002,0.006793693359941244,0.2,0.39388805627822876
126,1088,236,258048,-0.30794230103492737,-0.005105716083198786,-30.21536989212036,0.0065265656,0.5556739568710327,225.69545151,0.09638671875,625,300.0,0.0002,0.005946525628678501,0.2,0.394121915102005
127,1086,239,260096,-0.30974385142326355,-0.002287505706772208,-30.25394344329834,0.0050111376,0.5901808738708496,224.34822296,0.0552734375,630,300.0,0.0002,0.007871416467241942,0.2,0.3943984806537628
128,1084,241,262144,-0.31377995014190674,-0.0017190173966810107,-30.294946002960206,0.010616043,0.5924961566925049,223.43988936000002,0.1201171875,635,300.0,0.0002,0.010857460647821426,0.2,0.3946196734905243
129,1083,243,264192,-0.3118279278278351,-0.005701495660468936,-30.326467514038086,0.0066943797,0.5487598180770874,223.41483178000001,0.1140625,640,300.0,0.0002,0.008939407207071782,0.2,0.3947915732860565
130,1082,245,266240,-0.31202977895736694,-0.006122341193258762,-30.35705738067627,0.010828537,0.5699986219406128,223.41483178000001,0.06796875,645,300.0,0.0002,0.005802935105748475,0.2,0.39505189657211304
131,1081,248,268288,-0.3047356903553009,-0.004271588940173388,-30.39700412750244,0.0058168243,0.5351762771606445,222.81767566,0.08349609375,650,300.0,0.0002,0.006663660402409732,0.2,0.3952617049217224
132,1079,250,270336,-0.31226783990859985,-0.0053934969939291475,-30.42749481201172,0.0052413982,0.5760583877563477,223.95837433,0.05751953125,655,300.0,0.0002,0.006256680469959974,0.2,0.39544495940208435
133,1078,252,272384,-0.311585396528244,-0.004493219731375575,-30.453987026214598,0.008511926,0.6123123168945312,223.49695401,0.07490234375,660,300.0,0.0002,0.009863031515851616,0.2,0.3955870270729065
134,1078,254,274432,-0.30025047063827515,-0.0002222895622253418,-30.47736530303955,0.0058574285,0.626074492931366,223.51742378000003,0.08740234375,665,300.0,0.0002,0.009980476927012205,0.2,0.3957696557044983
135,1078,256,276480,-0.316072016954422,-0.0052982634981162844,-30.510128879547118,0.009037275,0.5960206985473633,224.80600812999998,0.06923828125,670,300.0,0.0002,0.009263410232961178,0.2,0.39600619673728943
136,1079,258,278528,-0.31125959753990173,-0.004974065837450326,-30.54783010482788,0.008151062,0.5425940155982971,225.64813572,0.064453125,675,300.0,0.0002,0.0068909358233213425,0.2,0.39625072479248047
137,1079,259,280576,-0.3137646019458771,-0.0028866387554444374,-30.583435440063475,0.009236796,0.5783723592758179,225.64813572,0.1001953125,680,300.0,0.0002,0.004283743468113244,0.2,0.39643773436546326
138,1079,261,282624,-0.3128175139427185,0.00019112653099000453,-30.605975818634032,0.007119599,0.5368283987045288,224.52141678,0.11279296875,685,300.0,0.0002,0.005780482362024486,0.2,0.3965614140033722
139,1077,264,284672,-0.3120380640029907,-0.005641103209927678,-30.622578716278078,0.00731318,0.6275489330291748,223.85700005,0.0814453125,690,300.0,0.0002,0.005795641546137631,0.2,0.39664798974990845
140,1078,265,286720,-0.2722844183444977,0.0015102447321017583,-30.633923212687176,0.015929904,0.593034565448761,224.30655018000002,0.12109375,694,300.0,0.0002,0.005555219110101461,0.2,0.3967212736606598
141,1079,267,288768,-0.27837449312210083,0.004239563261055284,-30.64364178975423,0.031859394,0.6122598052024841,225.11815245000003,0.154296875,697,300.0,0.0002,0.006660551919291417,0.2,0.39676398038864136
142,1077,269,290816,-0.30652445554733276,-0.004176553315483033,-30.656398677825926,0.0068975314,0.6554102897644043,226.35120907,0.06220703125,702,300.0,0.0002,0.00706685334444046,0.2,0.3968881666660309
143,1078,271,292864,-0.31066015362739563,-0.0031326859490945934,-30.681504344940187,0.0095674405,0.6106693744659424,227.95011001,0.11015625,707,300.0,0.0002,0.005592560116201639,0.2,0.3970920145511627
144,1078,273,294912,-0.3162205219268799,-0.0048900113441050054,-30.710605716705324,0.005844064,0.6005055904388428,227.95011001,0.0908203125,712,300.0,0.0002,0.00630374071188271,0.2,0.3972491919994354
145,1079,275,296960,-0.3192831873893738,-0.00806210598675534,-30.735733699798583,0.00631166,0.26439064741134644,228.28818554,0.075390625,717,300.0,0.0002,0.005760106770321727,0.2,0.39744848012924194
146,1080,276,299008,-0.31138139963150024,-0.0030591670889407395,-30.770939350128174,0.014173348,0.6026424765586853,227.73671693999998,0.1318359375,722,300.0,0.0002,0.007359798182733357,0.2,0.3976612389087677
147,1081,278,301056,-0.3127288520336151,-0.0029255228582769632,-30.796616744995116,0.0077359583,0.5383923053741455,228.26460129,0.0765625,727,300.0,0.0002,0.007542214170098305,0.2,0.3977910578250885
148,1081,280,303104,-0.32054486870765686,-0.003561843035276979,-30.818378734588624,0.008108215,0.6090413331985474,228.19379726,0.07998046875,732,300.0,0.0002,0.005741698481142521,0.2,0.39798009395599365
149,1082,281,305152,-0.3061063289642334,0.0017161816009320318,-30.848861408233642,0.005503109,0.6299200654029846,227.79986774,0.1181640625,737,300.0,0.0002,0.00571464269887656,0.2,0.39812222123146057
150,1082,283,307200,-0.30052995681762695,-0.004799270071089268,-30.869266510009766,0.010376395,0.624388575553894,227.45420610999994,0.06708984375,742,300.0,0.0002,0.008227187395095825,0.2,0.39828360080718994
151,1083,285,309248,-0.31280115246772766,-0.0040385804139077665,-30.894966316223144,0.0054850536,0.43559515476226807,227.45420610999994,0.09697265625,747,300.0,0.0002,0.0060301489196717736,0.2,0.3984229266643524
152,1083,287,311296,-0.3100293278694153,-0.0038987510371953247,-30.914229106903075,0.0057637505,0.5091581344604492,228.16575109000001,0.0462890625,752,300.0,0.0002,0.004980151960626245,0.2,0.39855626225471497
153,1084,288,313344,-0.30783241987228394,-0.0035037160036154092,-30.93712854385376,0.0060012625,0.5643100142478943,228.44763884000002,0.0744140625,757,300.0,0.0002,0.006319675361737609,0.2,0.39870205521583557
154,1084,290,315392,-0.3206806480884552,-0.005735390179324895,-30.953256702423097,0.0104677,0.6130192279815674,229.25510365,0.092578125,762,300.0,0.0002,0.006570629985071718,0.2,0.3987606465816498
155,1085,292,317440,-0.3234371840953827,-0.006050499656703323,-30.97048225402832,0.009314395,0.6079314351081848,228.36902646,0.101171875,767,300.0,0.0002,0.006463152403011918,0.2,0.3989822268486023
156,1085,294,319488,-0.3129648268222809,-0.0023606825852766633,-31.010062885284423,0.0121030575,0.5911064147949219,228.77285310000002,0.10146484375,772,300.0,0.0002,0.005519275343976915,0.2,0.39920657873153687
157,1085,296,321536,-0.30329635739326477,0.0015037358505651354,-31.040627670288085,0.011766491,0.483623206615448,228.77285310000002,0.11474609375,777,300.0,0.0002,0.0061186367180198434,0.2,0.3993978798389435
158,1087,297,323584,-0.296650230884552,-0.00475519256045421,-31.06522890726725,0.025806425,0.6057058572769165,228.8200544,0.13190104166666666,781,300.0,0.0002,0.006122599573185047,0.2,0.39951321482658386
159,1087,299,325632,-0.32724449038505554,-0.0031673893798142673,-31.086765193939208,0.008692537,0.5702861547470093,228.27657788,0.099609375,786,300.0,0.0002,0.008564964099787176,0.2,0.3996855914592743
160,1088,301,327680,-0.3134944438934326,-0.002391545893624425,-31.11815423965454,0.0063235466,0.5077016353607178,228.14655249000003,0.089453125,791,300.0,0.0002,0.00810830290429294,0.2,0.3999485373497009
161,1088,302,329728,-0.323856383562088,-0.0049517033621668816,-31.158628368377684,0.008444354,0.5838273763656616,226.60484639999999,0.0701171875,796,300.0,0.0002,0.007023134734481573,0.2,0.4001624882221222
162,1089,304,331776,-0.3128804862499237,-0.004207814298570156,-31.182487773895264,0.0065794466,0.6008214950561523,227.84172567999994,0.11376953125,801,300.0,0.0002,0.007138418406248093,0.2,0.40027129650115967
163,1089,306,333824,-0.3140394985675812,-0.0034872411750257017,-31.20075387954712,0.005721759,0.562832236289978,228.7642598,0.08203125,806,300.0,0.0002,0.005882562417536974,0.2,0.40040311217308044
164,1089,308,335872,-0.32958680391311646,-0.005097512062638998,-31.227687549591064,0.0069837575,0.6116803884506226,228.7642598,0.047265625,811,300.0,0.0002,0.004768384457565844,0.2,0.4006483554840088
165,1090,310,337920,-0.3224422335624695,-0.00034904233179986475,-31.262951374053955,0.0064451983,0.4549003839492798,228.63593519000003,0.1087890625,816,300.0,0.0002,0.005306023778393865,0.2,0.40080955624580383
166,1090,311,339968,-0.3243401050567627,-0.005524283740669489,-31.284309577941894,0.009560635,0.5620000958442688,228.33837675000004,0.0845703125,821,300.0,0.0002,0.008305597514845432,0.2,0.40093794465065
167,1089,313,342016,-0.3237229585647583,-0.0072876530233770605,-31.307459545135497,0.005959162,0.5995554327964783,228.60097728999997,0.0796875,826,300.0,0.0002,0.008481708378531039,0.2,0.40113717317581177
168,1089,315,344064,-0.3028148114681244,-0.0038993110414594413,-31.343817138671874,0.014623214,0.5824723243713379,228.19742646999998,0.11845703125,831,300.0,0.0002,0.006805295287631452,0.2,0.4014090895652771
169,1089,317,346112,-0.3286677896976471,-0.006992307445034385,-31.384534645080567,0.0061837663,0.6153683662414551,229.05200434,0.077734375,836,300.0,0.0002,0.006647437764331699,0.2,0.4016698896884918
170,1089,319,348160,-0.3195635974407196,-0.005854169209487736,-31.424351692199707,0.005571397,0.5945897698402405,228.30593858,0.0654296875,841,300.0,0.0002,0.007330933329649269,0.2,0.4019147455692291
171,1089,321,350208,-0.3288727402687073,-0.004751426493749022,-31.461400699615478,0.006631019,0.48749494552612305,228.30593858,0.10185546875,846,300.0,0.0002,0.0074435357702896,0.2,0.4021529257297516
172,1089,323,352256,-0.3248651623725891,-0.006484551471658051,-31.4930588722229,0.015254205,0.6070177555084229,227.65800974,0.13330078125,851,300.0,0.0002,0.007033807784318924,0.2,0.4023192226886749
173,1086,326,354304,-0.32453539967536926,-0.004862716817297041,-31.515321063995362,0.0084473025,0.6315101385116577,228.71413181000003,0.0826171875,856,300.0,0.0002,0.004598089191131294,0.2,0.4024723172187805
174,1085,328,356352,-0.32443588972091675,-0.007943619694560766,-31.543737602233886,0.013733378,0.5996879935264587,229.39059481000004,0.0982421875,861,300.0,0.0002,0.0043894074740819635,0.2,0.40268635749816895
175,1085,330,358400,-0.31329047679901123,0.00036694682203233244,-31.577365589141845,0.0115572205,0.5933895707130432,229.74599696,0.13681640625,866,300.0,0.0002,0.0060919452458620075,0.2,0.40289247035980225
176,1084,332,360448,-0.3338454067707062,-0.006215445627458393,-31.60869264602661,0.0074301274,0.6221686601638794,231.09805779999996,0.078125,871,300.0,0.0002,0.007811325136572123,0.2,0.4030991792678833
177,1083,334,362496,-0.3277415931224823,-0.005793551332317293,-31.63699064254761,0.005085405,0.5609017610549927,230.25392094,0.07783203125,876,300.0,0.0002,0.00527102432679385,0.2,0.40325596928596497
178,1083,336,364544,-0.3254874646663666,-0.0036210355930961667,-31.662514305114748,0.004685141,0.6656915545463562,230.25392094,0.07900390625,881,300.0,0.0002,0.006554653053171933,0.2,0.4034624993801117
179,1084,338,366592,-0.32413098216056824,-0.006581442337483168,-31.6991135597229,0.009431239,0.5360799431800842,231.01651729999995,0.08564453125,886,300.0,0.0002,0.006264660251326859,0.2,0.40369319915771484
180,1084,339,368640,-0.32717251777648926,-0.0046855846885591745,-31.730253410339355,0.007523612,0.6679583787918091,230.19815637999997,0.0623046875,891,300.0,0.0002,0.007818461186252535,0.2,0.4039227068424225
181,1085,341,370688,-0.3298757076263428,-0.00676298113539815,-31.770731449127197,0.008136983,0.6491345167160034,229.75544242,0.08974609375,896,300.0,0.0002,0.007772141462191939,0.2,0.40418994426727295
182,1085,343,372736,-0.33440375328063965,-0.006024476792663336,-31.814270305633546,0.010064118,0.6490980386734009,228.94749164,0.067578125,901,300.0,0.0002,0.008262365101836621,0.2,0.4045301675796509
183,1085,345,374784,-0.3192756175994873,-0.00636698417365551,-31.86157331466675,0.00781443,0.6579318046569824,228.14864025,0.097265625,906,300.0,0.0002,0.007929860497824848,0.2,0.40472322702407837
184,1085,347,376832,-0.31826671957969666,-0.003932755615096539,-31.88869113922119,0.010525381,0.5267379283905029,226.83200494999997,0.134765625,911,300.0,0.0002,0.006481713126413524,0.2,0.4049355983734131
185,1085,349,378880,-0.32921528816223145,-0.005525197403039783,-31.915077686309814,0.005800273,0.3882504105567932,226.83200494999997,0.06416015625,916,300.0,0.0002,0.004685229121241719,0.2,0.40503624081611633
186,1085,351,380928,-0.3289162814617157,-0.003962142649106682,-31.92591667175293,0.008341974,0.43891245126724243,226.87338221999994,0.09560546875,921,300.0,0.0002,0.005821455619297922,0.2,0.40511131286621094
187,1085,352,382976,-0.3351151645183563,-0.005886368895880878,-31.942774486541747,0.006168462,0.5096815228462219,227.72858548,0.0669921875,926,300.0,0.0002,0.005748678534291685,0.2,0.4052526354789734
188,1085,354,385024,-0.3219563066959381,6.0952710919082163e-05,-31.967080307006835,0.012689324,0.5584962964057922,228.23035332999993,0.1345703125,931,300.0,0.0002,0.006092420895583928,0.2,0.4054320454597473
189,1087,356,387072,-0.31638064980506897,-0.002263135897616545,-31.990879440307616,0.02316244,0.6214234828948975,227.0891468,0.151953125,935,300.0,0.0002,0.006502858301003774,0.2,0.40556058287620544
190,1087,357,389120,-0.33342909812927246,-0.0065453304443508385,-32.013825035095216,0.011070525,0.5286571979522705,227.02772247999997,0.0974609375,940,300.0,0.0002,0.005725336633622647,0.2,0.4057186543941498
191,1088,359,391168,-0.3320818543434143,-0.00717311140615493,-32.038850975036624,0.0099399425,0.4761812090873718,227.02772247999997,0.07490234375,945,300.0,0.0002,0.006236145528964699,0.2,0.40590453147888184
192,1088,361,393216,-0.33541908860206604,-0.006250095216091722,-32.065572357177736,0.006500578,0.5564067363739014,226.04673133000003,0.0541015625,950,300.0,0.0002,0.004612844111397863,0.2,0.4060670733451843
193,1089,362,395264,-0.33419713377952576,-0.0048855550587177275,-32.09180755615235,0.0107174115,0.56357741355896,225.67269842999997,0.1181640625,955,300.0,0.0002,0.005241936910897494,0.2,0.40625786781311035
194,1089,364,397312,-0.32705622911453247,-0.0030077370582148434,-32.121969032287595,0.009282938,0.6182360649108887,225.26066376000003,0.04775390625,960,300.0,0.0002,0.005679261847399175,0.2,0.4064891040325165
195,1089,366,399360,-0.3295024633407593,-0.004991620848886669,-32.16162509918213,0.007982497,0.6206773519515991,226.24969183999997,0.08115234375,965,300.0,0.0002,0.006574636045843363,0.2,0.4067668616771698
196,1090,368,401408,-0.3370373845100403,-0.007481060456484556,-32.19988193511963,0.006523751,0.5721192955970764,226.48019756000002,0.0935546875,970,300.0,0.0002,0.006665651593357325,0.2,0.40696123242378235
197,1090,369,403456,-0.3277566134929657,-0.007599725271575153,-32.22538795471191,0.007716631,0.6522523760795593,227.38020176999999,0.09130859375,975,300.0,0.0002,0.004776321095414459,0.2,0.40713050961494446
198,1091,371,405504,-0.33797767758369446,-0.00549542517401278,-32.25407447814941,0.008531481,0.6074151992797852,227.38020176999999,0.076171875,980,300.0,0.0002,0.00501903195399791,0.2,0.40732842683792114
199,1091,373,407552,-0.33925920724868774,-0.005835474003106356,-32.27570343017578,0.007973344,0.3580494523048401,228.56817645999996,0.10634765625,985,300.0,0.0002,0.0040026831207796935,0.2,0.40739279985427856
200,1091,375,409600,-0.3272635042667389,-0.005847743852064014,-32.284444618225095,0.009178484,0.5520966053009033,227.83059043,0.0970703125,990,300.0,0.0002,0.004352555854711682,0.2,0.40747717022895813
201,1092,376,411648,-0.3266391456127167,-0.004946746095083654,-32.30351943969727,0.00918902,0.5572381019592285,227.28520748999995,0.10478515625,995,300.0,0.0002,0.00563837515655905,0.2,0.4076537489891052
202,1092,378,413696,-0.34240809082984924,-0.005784136452712118,-32.33128185272217,0.0076378495,0.5764559507369995,227.08808039000004,0.07412109375,1000,300.0,0.0002,0.007303947629407048,0.2,0.4078335464000702
203,1092,380,415744,-0.33410945534706116,-0.004340813885210082,-32.359467315673825,0.006289144,0.5228667259216309,226.01637415000002,0.108203125,1005,300.0,0.0002,0.007347690942697227,0.2,0.40805354714393616
204,1093,382,417792,-0.3368047773838043,-0.0047747839475050565,-32.3985034942627,0.006180231,0.5769878625869751,226.03832703999996,0.0615234375,1010,300.0,0.0002,0.008708253526128829,0.2,0.40833669900894165
205,1094,383,419840,-0.3350885808467865,-0.006198887387290597,-32.43506259918213,0.009910426,0.5590227246284485,226.03832703999996,0.10830078125,1015,300.0,0.0002,0.006797626963816583,0.2,0.4084971845149994
206,1094,385,421888,-0.3296024203300476,-0.003088670875877142,-32.453989791870114,0.006675181,0.498776376247406,225.90614675000003,0.12041015625,1020,300.0,0.0002,0.005219249962829053,0.2,0.40861356258392334
207,1095,387,423936,-0.3334762454032898,-0.007862892560660839,-32.47126216888428,0.010051159,0.5816936492919922,225.07013724999996,0.09404296875,1025,300.0,0.0002,0.006831653974950313,0.2,0.4087120294570923
208,1095,388,425984,-0.3361454904079437,-0.009000692702829837,-32.49490756988526,0.009043692,0.647652268409729,224.24567790999998,0.096875,1030,300.0,0.0002,0.0049498293083161116,0.2,0.4089781939983368
209,1096,390,428032,-0.33686506748199463,-0.007555388612672687,-32.53967056274414,0.006971294,0.6534875631332397,224.17397121000002,0.10400390625,1035,300.0,0.0002,0.00784849519841373,0.2,0.4092499315738678
210,1096,392,430080,-0.3366573452949524,-0.005626541445963085,-32.57848434448242,0.006933314,0.5806027054786682,223.29038524,0.05908203125,1040,300.0,0.0002,0.007021979661658406,0.2,0.40950554609298706
211,1097,393,432128,-0.33549442887306213,-0.00946305189281702,-32.61037101745605,0.011765352,0.6125031113624573,222.79266639999997,0.0873046875,1045,300.0,0.0002,0.007630846090614795,0.2,0.40965917706489563
212,1097,395,434176,-0.33006995916366577,-0.006732550449669361,-32.6336145401001,0.0077435425,0.5933851003646851,222.79266639999997,0.08603515625,1050,300.0,0.0002,0.01212202375754714,0.2,0.4098365902900696
213,1097,397,436224,-0.3293057382106781,-0.005630940198898315,-32.662075996398926,0.01125732,0.5949369668960571,222.03624533,0.12158203125,1055,300.0,0.0002,0.007566720014438033,0.2,0.4100334048271179
214,1098,398,438272,-0.3415936827659607,-0.006745242676697671,-32.683701515197754,0.011275291,0.6285096406936646,222.81654965,0.12255859375,1060,300.0,0.0002,0.005236535123549402,0.2,0.4101032316684723
215,1099,400,440320,-0.33086997270584106,-0.0026013942318968476,-32.69579639434814,0.0064848643,0.5624582767486572,223.58324107,0.1203125,1065,300.0,0.0002,0.005055340728722513,0.2,0.4102592468261719
216,1098,402,442368,-0.34014514088630676,-0.0073595156893134115,-32.725721168518064,0.008750347,0.6083583831787109,224.79996993,0.1013671875,1070,300.0,0.0002,0.005605169688351452,0.2,0.41046708822250366
217,1098,404,444416,-0.3299015760421753,-0.00027080655563622714,-32.75770778656006,0.0073256562,0.6154888868331909,224.77689671999997,0.1330078125,1075,300.0,0.0002,0.005745835206471384,0.2,0.41071927547454834
218,1098,406,446464,-0.34587156772613525,-0.007186933199409396,-32.79435920715332,0.007905018,0.4650920033454895,224.95664230999995,0.08408203125,1080,300.0,0.0002,0.00501420833170414,0.2,0.41091492772102356
219,1099,408,448512,-0.3380626440048218,-0.0067100680200383065,-32.82759685516358,0.0061690737,0.39255738258361816,224.95664230999995,0.0673828125,1085,300.0,0.0002,0.004111004911828786,0.2,0.4111999273300171
220,1099,409,450560,-0.3223889470100403,-0.004750649444758892,-32.86384525299072,0.011395654,0.525997519493103,225.52593993000002,0.10283203125,1090,300.0,0.0002,0.006931764842011035,0.2,0.4113355875015259
221,1100,411,452608,-0.3232249319553375,-0.0013129361206665636,-32.88033485412598,0.010482024,0.5791375041007996,226.33234280000005,0.14033203125,1095,300.0,0.0002,0.007120721181854606,0.2,0.4114909768104553
222,1099,413,454656,-0.33272498846054077,-0.004599292739294469,-32.90818920135498,0.0063362783,0.5729619264602661,227.73565247000002,0.090234375,1100,300.0,0.0002,0.00595673369243741,0.2,0.41167551279067993
223,1097,416,456704,-0.3343746066093445,-0.005361773795448244,-32.93835525512695,0.0076094978,0.4501801133155823,228.49641906000005,0.060546875,1105,300.0,0.0002,0.006281147222034633,0.2,0.41193830966949463
224,1096,418,458752,-0.33454564213752747,-0.006349155469797552,-32.97426567077637,0.010578448,0.5785421133041382,229.8660412,0.1009765625,1110,300.0,0.0002,0.006037218170240522,0.2,0.41210415959358215
225,1097,419,460800,-0.34156596660614014,-0.004793612682260573,-32.997215843200685,0.008105151,0.540071964263916,230.25267372999994,0.05283203125,1115,300.0,0.0002,0.0050097615225240585,0.2,0.4122721254825592
226,1097,421,462848,-0.33970922231674194,-0.0059103792416863145,-33.02605571746826,0.007972671,0.6254133582115173,230.25267372999994,0.096875,1120,300.0,0.0002,0.00831795867998153,0.2,0.4124946594238281
227,1098,423,464896,-0.33575916290283203,-0.006681919161928817,-33.058257484436034,0.0067073563,0.6503278017044067,232.06526956000002,0.071875,1125,300.0,0.0002,0.007449200982227922,0.2,0.41267961263656616
228,1098,425,466944,-0.3371989130973816,-0.0048001008341088894,-33.08586483001709,0.008492695,0.6568012833595276,231.71718749,0.128125,1130,300.0,0.0002,0.010443005105480551,0.2,0.41288095712661743
229,1098,427,468992,-0.3341473639011383,-0.005177759006619454,-33.10918350219727,0.011914983,0.54254150390625,232.20655301000002,0.10380859375,1135,300.0,0.0002,0.007772908709011972,0.2,0.412954717874527
230,1097,429,471040,-0.34136447310447693,-0.006526615098118782,-33.1166748046875,0.0070241457,0.6669464111328125,231.05003656,0.0576171875,1140,300.0,0.0002,0.0060851586982607845,0.2,0.41302797198295593
231,1097,431,473088,-0.3428703844547272,-0.00698775805067271,-33.132025718688965,0.0117185665,0.6322738528251648,230.94824502000003,0.09892578125,1145,300.0,0.0002,0.008359229867346584,0.2,0.4131508469581604
232,1097,432,475136,-0.3368283212184906,-0.0058461919776164,-33.15174865722656,0.005737642,0.626397430896759,230.94824502000003,0.07578125,1150,300.0,0.0002,0.008513123192824424,0.2,0.4132876992225647
233,1097,434,477184,-0.33353883028030396,-0.007529828161932528,-33.16990795135498,0.0097713815,0.6021603345870972,231.28644934,0.089453125,1155,300.0,0.0002,0.012392451334744693,0.2,0.41339436173439026
234,1097,436,479232,-0.3432505130767822,-0.006765994208399207,-33.18601837158203,0.0091195265,0.6151498556137085,232.98268336,0.10146484375,1160,300.0,0.0002,0.00717544921208173,0.2,0.413494348526001
235,1097,438,481280,-0.3431989848613739,-0.008153415820561349,-33.207241249084475,0.010608629,0.624919056892395,232.10916656999999,0.1041015625,1165,300.0,0.0002,0.007212437759153545,0.2,0.4137364625930786
236,1098,440,483328,-0.34259548783302307,-0.005807126476429403,-33.24947242736816,0.008496871,0.4919350743293762,231.51326722,0.06796875,1170,300.0,0.0002,0.005938310478813946,0.2,0.4139993488788605
237,1098,441,485376,-0.34296682476997375,-0.006680916296318173,-33.28498783111572,0.0059883757,0.5216648578643799,230.12013119,0.084765625,1175,300.0,0.0002,0.007172631705179811,0.2,0.41421765089035034
238,1098,443,487424,-0.34123143553733826,-0.007570860243868082,-33.31901378631592,0.011597484,0.645655632019043,229.86989368,0.11611328125,1180,300.0,0.0002,0.007139718416146934,0.2,0.414470374584198
239,1098,445,489472,-0.33165085315704346,-0.004958704160526395,-33.34812355041504,0.008972797,0.7038620710372925,229.86989368,0.14169921875,1185,300.0,0.0002,0.007600924861617386,0.2,0.414565771818161
240,1098,447,491520,-0.3405129909515381,-0.007326711481437087,-33.359087753295896,0.0051661204,0.598357081413269,226.58560519000002,0.0802734375,1190,300.0,0.0002,0.007626921846531331,0.2,0.4146735966205597
241,1098,449,493568,-0.3308947682380676,-0.004771825158968568,-33.38068542480469,0.012757299,0.6438535451889038,225.17313039,0.07841796875,1195,300.0,0.0002,0.005260888207703829,0.2,0.4148353338241577
242,1098,451,495616,-0.33641451597213745,-0.006383424939122051,-33.40405330657959,0.009356519,0.6030763387680054,224.14733611,0.0884765625,1200,300.0,0.0002,0.007281406549736857,0.2,0.41498884558677673
243,1098,452,497664,-0.3365992307662964,-0.006327512860298157,-33.43030910491943,0.009241454,0.6867488622665405,223.69022673,0.085546875,1205,300.0,0.0002,0.007847608556039632,0.2,0.41521769762039185
244,1098,454,499712,-0.3553333878517151,-0.008134859381243587,-33.46534442901611,0.009295214,0.7115367650985718,224.85173199999997,0.08603515625,1210,300.0,0.0002,0.00754069194663316,0.2,0.41541504859924316
245,1098,456,501760,-0.34814658761024475,-0.003561331355012953,-33.49540214538574,0.012156453,0.6521203517913818,223.81808341000004,0.1533203125,1215,300.0,0.0002,0.006587712885811925,0.2,0.41567263007164
246,1098,458,503808,-0.34250789880752563,-0.005102445685770363,-33.53655185699463,0.0129936775,0.6737244129180908,223.81808341000004,0.0806640625,1220,300.0,0.0002,0.009834561869502068,0.2,0.41593337059020996
247,1098,460,505856,-0.3437560200691223,-0.0030906395986676216,-33.576503944396975,0.006380936,0.49432969093322754,222.72170615,0.09697265625,1225,300.0,0.0002,0.004649128904566169,0.2,0.41623756289482117
248,1098,462,507904,-0.34052416682243347,-0.006697161658667028,-33.62442474365234,0.00901282,0.527519941329956,223.36397113999996,0.05556640625,1230,300.0,0.0002,0.0037454935954883695,0.2,0.4165641963481903
249,1098,464,509952,-0.3500097990036011,-0.007670715008862317,-33.66226367950439,0.006880226,0.6272615194320679,222.33909044,0.062109375,1235,300.0,0.0002,0.005770514789037407,0.2,0.4167204201221466
250,1097,466,512000,-0.3446211814880371,-0.005609221768099815,-33.68161678314209,0.0065390943,0.6211283802986145,222.16265377,0.0712890625,1240,300.0,0.0002,0.006731257447972894,0.2,0.4168801009654999
251,1097,468,514048,-0.3397035300731659,-0.00752742204349488,-33.71538047790527,0.0084063085,0.6014180779457092,223.39521933,0.06943359375,1245,300.0,0.0002,0.007249238877557218,0.2,0.4171641170978546
252,1098,470,516096,-0.34337276220321655,-0.005575216189026832,-33.75373306274414,0.007972375,0.685451090335846,222.26551381,0.06357421875,1250,300.0,0.0002,0.006600862648338079,0.2,0.4173499047756195
253,1098,471,518144,-0.3484729826450348,-0.005098179704509676,-33.77271995544434,0.007404152,0.6120655536651611,222.26551381,0.0623046875,1255,300.0,0.0002,0.007436801423318684,0.2,0.41743192076683044
254,1098,473,520192,-0.3575935959815979,-0.010244292381685227,-33.79106426239014,0.010139071,0.6283068656921387,224.02654072999997,0.10849609375,1260,300.0,0.0002,0.006007418408989907,0.2,0.41763922572135925
255,1098,475,522240,-0.3464643657207489,-0.008072705543600022,-33.82419223785401,0.009434366,0.6375953555107117,225.44317031000003,0.0931640625,1265,300.0,0.0002,0.0057947281515225765,0.2,0.41784805059432983
256,1098,477,524288,-0.35643717646598816,-0.006335782376118005,-33.85153026580811,0.0064006546,0.5547597408294678,225.92519052999995,0.139453125,1270,300.0,0.0002,0.006351208034902811,0.2,0.4180012345314026
257,1098,479,526336,-0.3473025858402252,-0.008230869448743761,-33.876587867736816,0.009009451,0.479544997215271,226.3738592,0.08984375,1275,300.0,0.0002,0.007621674565598369,0.2,0.41824567317962646
258,1098,480,528384,-0.3555915653705597,-0.0030456739710643887,-33.921417236328125,0.007171973,0.5935801863670349,225.94737779,0.1056640625,1280,300.0,0.0002,0.0077728208154439924,0.2,0.4185749292373657
259,1098,482,530432,-0.34421905875205994,-0.00502836131490767,-33.96885185241699,0.010480884,0.5673439502716064,224.95978372000002,0.08974609375,1285,300.0,0.0002,0.007747569726780057,0.2,0.418860524892807
260,1098,484,532480,-0.3492054343223572,-0.0018565076170489192,-34.003679275512695,0.008478082,0.531118631362915,224.95978372000002,0.11474609375,1290,300.0,0.0002,0.007609604834578931,0.2,0.41905108094215393
261,1096,487,534528,-0.34774816036224365,-0.004589485726319254,-34.028289794921875,0.0076970267,0.5761632919311523,225.11872378999996,0.09423828125,1295,300.0,0.0002,0.0061232167528942226,0.2,0.4191919267177582
262,1092,491,536576,-0.34637996554374695,-0.006527291215024889,-34.047798538208006,0.009742309,0.5642322301864624,224.70118715999996,0.0826171875,1300,300.0,0.0002,0.0054951781872659925,0.2,0.41933128237724304
263,1091,493,538624,-0.3560657501220703,-0.005250176740810275,-34.07057228088379,0.006250607,0.5948456525802612,225.56153559999998,0.097265625,1305,300.0,0.0002,0.0042966019827872515,0.2,0.4194880425930023
264,1091,495,540672,-0.36220353841781616,-0.006894167419523001,-34.094186782836914,0.008677876,0.6308509707450867,226.7566935,0.09794921875,1310,300.0,0.0002,0.005631372844800353,0.2,0.41963180899620056
265,1090,497,542720,-0.3497135043144226,-0.0058187278220430015,-34.12279357910156,0.00857374,0.5997055172920227,226.21341313000002,0.08095703125,1315,300.0,0.0002,0.007975414907559753,0.2,0.4199163019657135
266,1090,499,544768,-0.35041138529777527,-0.006131748156622052,-34.16398029327392,0.0071400423,0.6554076671600342,226.21341313000002,0.07080078125,1320,300.0,0.0002,0.0065793874207884075,0.2,0.420132577419281
267,1090,501,546816,-0.3454967141151428,-0.005086822342127562,-34.19241466522217,0.0065678502,0.5808999538421631,225.12576593000003,0.08466796875,1325,300.0,0.0002,0.008876902936026453,0.2,0.42034652829170227
268,1090,503,548864,-0.33959001302719116,-0.006367334281094372,-34.22763614654541,0.008001754,0.5456219911575317,226.4127692,0.116015625,1330,300.0,0.0002,0.0055703043704852465,0.2,0.4205980896949768
269,1090,504,550912,-0.35654255747795105,-0.008049436332657933,-34.25719013214111,0.00924703,0.6657096743583679,227.64934039999997,0.0802734375,1335,300.0,0.0002,0.0067550506675615905,0.2,0.42073503136634827
270,1091,506,552960,-0.3591912090778351,-0.0057357963873073455,-34.27427597045899,0.008060591,0.47688889503479004,228.37921931,0.0447265625,1340,300.0,0.0002,0.006644530454650521,0.2,0.4208856523036957
271,1090,508,555008,-0.354099303483963,-0.004160684742964804,-34.30090198516846,0.008193197,0.5633736848831177,226.97746980999997,0.098828125,1345,300.0,0.0002,0.007131692441180349,0.2,0.42107611894607544
272,1090,510,557056,-0.349047988653183,-0.00658049201592803,-34.329292678833006,0.013734115,0.6321008205413818,228.8489916,0.1197265625,1350,300.0,0.0002,0.0077471178723499175,0.2,0.42124828696250916
273,1089,513,559104,-0.3547239899635315,-0.005780949490144849,-34.34889392852783,0.007907596,0.6117506623268127,228.8489916,0.11318359375,1355,300.0,0.0002,0.006517905415967107,0.2,0.4213530719280243
274,1090,514,561152,-0.3505508303642273,-0.006514392653480172,-34.36938304901123,0.006356484,0.596082866191864,229.71776628,0.08505859375,1360,300.0,0.0002,0.006873808754608035,0.2,0.42154231667518616
275,1090,516,563200,-0.35577502846717834,-0.0080029382603243,-34.39518356323242,0.00940926,0.5966518521308899,230.29698342000003,0.08291015625,1365,300.0,0.0002,0.006348514999262989,0.2,0.421680212020874
276,1090,518,565248,-0.35319969058036804,-0.00637756030773744,-34.416612434387204,0.010926928,0.4963477849960327,231.81707309,0.11943359375,1370,300.0,0.0002,0.005638918629847467,0.2,0.4218609035015106
277,1089,520,567296,-0.3534369170665741,-0.008201868669129909,-34.445067977905275,0.008929694,0.5827881097793579,231.30293352999996,0.10224609375,1375,300.0,0.0002,0.005707798781804741,0.2,0.4220600128173828
278,1089,522,569344,-0.3431108593940735,-0.005106688826344907,-34.47462749481201,0.017328095,0.5668888092041016,231.8063289,0.10537109375,1380,300.0,0.0002,0.005717121623456478,0.2,0.42226484417915344
279,1089,524,571392,-0.35795173048973083,-0.007126574194990099,-34.50333518981934,0.008735326,0.5714475512504578,232.20251550000003,0.10361328125,1385,300.0,0.0002,0.005872434657067061,0.2,0.4224635064601898
280,1089,526,573440,-0.3554723858833313,-0.008173815184272825,-34.537698936462405,0.010501105,0.5281312465667725,232.20251550000003,0.1169921875,1390,300.0,0.0002,0.004466277477331459,0.2,0.4227360486984253
281,1090,527,575488,-0.3577464818954468,-0.008915772940963507,-34.578913879394534,0.009615084,0.603419303894043,232.37589348,0.12734375,1395,300.0,0.0002,0.008943381253629923,0.2,0.4230343699455261
282,1090,529,577536,-0.3468320071697235,-0.003933535516262054,-34.62076530456543,0.007558107,0.6711640357971191,231.47721263,0.09599609375,1400,300.0,0.0002,0.007446128269657492,0.2,0.42326828837394714
283,1090,531,579584,-0.3582632541656494,-0.003526223520748317,-34.64833869934082,0.009066602,0.5825241208076477,229.70166899,0.1267578125,1405,300.0,0.0002,0.006786952028051019,0.2,0.4234261214733124
284,1091,532,581632,-0.3553902804851532,-0.007160218246281147,-34.6703296661377,0.008817671,0.5422267913818359,229.92560962999997,0.12060546875,1410,300.0,0.0002,0.004605265869759023,0.2,0.4235912561416626
285,1091,534,583680,-0.35971394181251526,-0.009058515832293779,-34.69525146484375,0.010017791,0.5724291801452637,230.68463528000004,0.1380859375,1415,300.0,0.0002,0.005400375672616064,0.2,0.4237532317638397
286,1092,536,585728,-0.3530872166156769,-0.003214939427562058,-34.72165241241455,0.016027834,0.5853034257888794,229.56038042000003,0.14423828125,1420,300.0,0.0002,0.006505861878395081,0.2,0.4239633083343506
287,1092,538,587776,-0.3520369827747345,-0.004316326742991805,-34.74896411895752,0.008164897,0.6214576959609985,229.56038042000003,0.10126953125,1425,300.0,0.0002,0.007447949680499733,0.2,0.42411738634109497
288,1092,539,589824,-0.34812021255493164,-0.008466148609295487,-34.77374095916748,0.008074633,0.4579612612724304,229.76344157000003,0.10068359375,1430,300.0,0.0002,0.006657697702758014,0.2,0.4243343770503998
289,1093,541,591872,-0.3568553924560547,-0.004984095599502325,-34.80207004547119,0.0075430432,0.6393628120422363,228.83851427999997,0.062109375,1435,300.0,0.0002,0.006250403472222388,0.2,0.4244515597820282
290,1092,543,593920,-0.36318933963775635,-0.009150046459399163,-34.81913032531738,0.010752205,0.5753271579742432,229.26368104000002,0.073046875,1440,300.0,0.0002,0.006715623382478953,0.2,0.42462825775146484
291,1092,545,595968,-0.36378440260887146,-0.00674987391103059,-34.848050117492676,0.010442326,0.5918663144111633,228.68311599000003,0.09345703125,1445,300.0,0.0002,0.0073661994189023975,0.2,0.4248427152633667
292,1091,547,598016,-0.3491380214691162,-0.004580819490365684,-34.87313022613525,0.008301344,0.6265227794647217,228.23532619999997,0.09208984375,1450,300.0,0.0002,0.006428282498382032,0.2,0.4249494671821594
293,1091,549,600064,-0.3466106355190277,-0.007965891691856086,-34.88701496124268,0.008658351,0.5861892700195312,228.34725328000002,0.08017578125,1455,300.0,0.0002,0.0070260447217151524,0.2,0.42505353689193726
294,1090,552,602112,-0.35153886675834656,-0.0025419044774025678,-34.90216426849365,0.01381039,0.5931761264801025,228.34725328000002,0.12705078125,1460,300.0,0.0002,0.006952859438024461,0.2,0.42513522505760193
295,1090,554,604160,-0.36017072200775146,-0.005539712950121611,-34.91932601928711,0.010812143,0.630486786365509,228.20706461,0.1388671875,1465,300.0,0.0002,0.008060157718136906,0.2,0.4253022074699402
296,1090,556,606208,-0.339518278837204,-0.0033868214348331096,-34.943037605285646,0.00850151,0.6455183029174805,228.96328329,0.122265625,1470,300.0,0.0002,0.013592285756021737,0.2,0.42544063925743103
297,1089,558,608256,-0.35655203461647034,-0.005962154763983563,-34.9611177444458,0.011088939,0.5684051513671875,229.51807632999996,0.1181640625,1475,300.0,0.0002,0.010038222232833505,0.2,0.4255659580230713
298,1088,560,610304,-0.36414191126823425,-0.005983593570999801,-34.982201385498044,0.009325182,0.5358702540397644,228.24527225000003,0.10380859375,1480,300.0,0.0002,0.00792315872386098,0.2,0.4257450997829437
299,1087,562,612352,-0.35810524225234985,-0.00755938955117017,-35.008391761779784,0.005736984,0.6595960855484009,227.50274896,0.07998046875,1485,300.0,0.0002,0.00715742779430002,0.2,0.4259422719478607
300,1087,565,614400,-0.36214473843574524,-0.010816635889932513,-35.04566841125488,0.009129476,0.651141881942749,227.24987740999998,0.11201171875,1490,300.0,0.0002,0.007722946535795927,0.2,0.42627495527267456
301,1086,567,616448,-0.34719353914260864,-0.007024508982431144,-35.09334449768066,0.00870645,0.6793643236160278,227.24987740999998,0.10732421875,1495,300.0,0.0002,0.007665956765413285,0.2,0.4265435039997101
302,1086,569,618496,-0.35957223176956177,-0.006448948080651462,-35.12978630065918,0.009009082,0.6371853947639465,227.13912259999995,0.091015625,1500,300.0,0.0002,0.005902636027894914,0.2,0.42681872844696045
303,1085,571,620544,-0.36140769720077515,-0.008874677191488444,-35.16924858093262,0.006537882,0.6292098760604858,226.73311894,0.08486328125,1505,300.0,0.0002,0.006055084615945816,0.2,0.42705702781677246
304,1085,573,622592,-0.36485645174980164,-0.005838672746904194,-35.20138454437256,0.010517781,0.627765417098999,225.5567307,0.11767578125,1510,300.0,0.0002,0.006919316272251308,0.2,0.427265465259552
305,1085,575,624640,-0.3574957549571991,-0.009290066710673273,-35.227178764343265,0.009404717,0.6519185304641724,226.35375358999997,0.11279296875,1515,300.0,0.0002,0.006830384023487568,0.2,0.42740532755851746
306,1085,577,626688,-0.3654117286205292,-0.007209107535891235,-35.245968627929685,0.0074008377,0.6715748906135559,227.80272208999997,0.0619140625,1520,300.0,0.0002,0.006713443202897906,0.2,0.42753902077674866
307,1085,579,628736,-0.35910823941230774,-0.0068877313518896695,-35.26984195709228,0.012938853,0.6833925247192383,227.80272208999997,0.1173828125,1525,300.0,0.0002,0.008039668877609074,0.2,0.427757203578949
308,1085,581,630784,-0.35938915610313416,-0.007511875778436661,-35.304096412658694,0.008395644,0.6121546030044556,227.75820164999996,0.1208984375,1530,300.0,0.0002,0.009809689316898584,0.2,0.42800238728523254
309,1085,582,632832,-0.36161568760871887,-0.008608506992459297,-35.34332008361817,0.012610004,0.50019371509552,227.34864306999995,0.09404296875,1535,300.0,0.0002,0.006592663028277457,0.2,0.4282906949520111
310,1086,584,634880,-0.36084479093551636,-0.0016456248005852104,-35.3816333770752,0.006093602,0.5440459251403809,227.18810118999997,0.123046875,1540,300.0,0.0002,0.004156956961378455,0.2,0.4285471439361572
311,1086,586,636928,-0.3623417019844055,-0.006137753324583173,-35.42347660064697,0.0106795505,0.6406199932098389,228.51882328,0.0943359375,1545,300.0,0.0002,0.005973067088052631,0.2,0.42886218428611755
312,1086,588,638976,-0.3672366142272949,-0.0069532719207927585,-35.46269226074219,0.013489444,0.6998399496078491,229.10830700999998,0.16298828125,1550,300.0,0.0002,0.007531817303970456,0.2,0.4290797710418701
313,1086,590,641024,-0.3682883381843567,-0.0071882824413478374,-35.494459533691405,0.010110648,0.5453338623046875,228.99027217000003,0.09267578125,1555,300.0,0.0002,0.008878568140789866,0.2,0.42931070923805237
314,1086,591,643072,-0.3707541227340698,-0.006901442026719451,-35.53251705169678,0.011011829,0.6661571264266968,228.99027217000003,0.10439453125,1560,300.0,0.0002,0.007618216308765113,0.2,0.42960935831069946
315,1086,593,645120,-0.36030253767967224,-0.006115223676897585,-35.578415870666504,0.010408549,0.6534911394119263,230.93647486999998,0.07919921875,1565,300.0,0.0002,0.008918704697862267,0.2,0.42995885014533997
316,1086,595,647168,-0.36371490359306335,-0.006832113349810242,-35.62794780731201,0.00804789,0.6372301578521729,231.04835999,0.10068359375,1570,300.0,0.0002,0.0067957151681184765,0.2,0.4302976727485657
317,1087,597,649216,-0.3693562150001526,-0.008302314742468297,-35.667227554321286,0.010579844,0.5324030518531799,231.65855547000004,0.0935546875,1575,300.0,0.0002,0.0059457041788846254,0.2,0.43045634031295776
318,1087,599,651264,-0.354964941740036,-0.0028029457665979863,-35.685675621032715,0.010617152,0.6231234669685364,233.05252704000006,0.1501953125,1580,300.0,0.0002,0.0075590230990201235,0.2,0.4306216537952423
319,1087,600,653312,-0.375505656003952,-0.008290095347911119,-35.71202640533447,0.011963013,0.6500840783119202,232.61362628999998,0.1263671875,1585,300.0,0.0002,0.011381722521036863,0.2,0.4307814836502075
320,1087,602,655360,-0.36528289318084717,-0.007129404158331454,-35.732944107055665,0.0071967114,0.6389995813369751,232.46668092000007,0.0912109375,1590,300.0,0.0002,0.011736067663878202,0.2,0.4309372305870056
321,1087,604,657408,-0.3705810308456421,-0.0079593347851187,-35.75870704650879,0.0065503772,0.5676001906394958,232.46668092000007,0.073828125,1595,300.0,0.0002,0.0061792995315045115,0.2,0.4311254024505615
322,1088,606,659456,-0.37749865651130676,-0.0077785580127965655,-35.78855648040771,0.007232402,0.5331578254699707,231.96655156,0.07001953125,1600,300.0,0.0002,0.005873639765195548,0.2,0.43136030435562134
323,1088,607,661504,-0.35686028003692627,-0.00424666095059365,-35.825452613830564,0.008004056,0.5666322708129883,231.81347484000003,0.09765625,1605,300.0,0.0002,0.007307252660393715,0.2,0.43165257573127747
324,1088,609,663552,-0.3664769232273102,-0.006411874818149954,-35.86837291717529,0.007250546,0.6485550403594971,231.71382288,0.1076171875,1610,300.0,0.0002,0.005297426832839847,0.2,0.4319218397140503
325,1088,611,665600,-0.36975306272506714,-0.0030989631544798613,-35.89967498779297,0.007557298,0.6480699777603149,231.34513547999998,0.08828125,1615,300.0,0.0002,0.004031942260917276,0.2,0.4320719838142395
326,1088,613,667648,-0.3767738938331604,-0.006929797097109258,-35.92102680206299,0.009777762,0.5990150570869446,230.13196747999996,0.103515625,1620,300.0,0.0002,0.0042678785743191835,0.2,0.43224838376045227
327,1088,615,669696,-0.3569301664829254,-0.002760815666988492,-35.951462745666504,0.012501653,0.5837969779968262,230.26578268999998,0.1408203125,1625,300.0,0.0002,0.004478495754301548,0.2,0.4324927031993866
328,1087,617,671744,-0.36350956559181213,-0.003896046616137028,-35.9809232711792,0.0093538165,0.6038428544998169,230.26578268999998,0.0857421875,1630,300.0,0.0002,0.005766544840298593,0.2,0.43264907598495483
329,1086,620,673792,-0.3887181878089905,-0.010149747296236456,-36.005583953857425,0.008722538,0.6060891151428223,230.05125525000003,0.10732421875,1635,300.0,0.0002,0.004450670559890568,0.2,0.4328567087650299
330,1085,622,675840,-0.34817981719970703,-0.005845424183644354,-36.041114234924315,0.011452418,0.6129000186920166,229.18489481000003,0.10654296875,1640,300.0,0.0002,0.006024404824711382,0.2,0.4331161081790924
331,1085,624,677888,-0.37085193395614624,-0.004836367885582149,-36.081583404541014,0.011488691,0.6595777869224548,229.26199941000002,0.14951171875,1645,300.0,0.0002,0.007203544978983701,0.2,0.43340301513671875
332,1085,626,679936,-0.36094439029693604,-0.0062625414924696084,-36.11899280548096,0.011385403,0.6617822647094727,227.58405381999998,0.10283203125,1650,300.0,0.0002,0.006767002609558403,0.2,0.43364518880844116
333,1085,628,681984,-0.36498716473579407,-0.008335749246180057,-36.15295486450195,0.011084991,0.5388321876525879,228.65163535000002,0.10478515625,1655,300.0,0.0002,0.0074564902111887935,0.2,0.4338831603527069
334,1084,630,684032,-0.3720639646053314,-0.009366465383209288,-36.186139297485354,0.007033416,0.6245890259742737,227.22039862000003,0.11689453125,1660,300.0,0.0002,0.0062873643822968,0.2,0.4341288208961487
335,1085,632,686080,-0.372109591960907,-0.006887199846096337,-36.218326568603516,0.00885405,0.5611640214920044,227.22039862000003,0.10556640625,1665,300.0,0.0002,0.008773739845491946,0.2,0.434289813041687
336,1085,633,688128,-0.3674737811088562,-0.004407076933421195,-36.23627490997315,0.012748722,0.5854619741439819,226.76424258999998,0.116015625,1670,300.0,0.0002,0.007300126017071307,0.2,0.4344155192375183
337,1085,635,690176,-0.3668025732040405,-0.005002757022157312,-36.25333671569824,0.010149651,0.45579928159713745,226.67725924000007,0.11640625,1675,300.0,0.0002,0.007375865872018039,0.2,0.43453487753868103
338,1086,637,692224,-0.36045390367507935,-0.005705561250215397,-36.27447948455811,0.011783426,0.47388625144958496,226.74810190999997,0.133203125,1680,300.0,0.0002,0.006894726469181478,0.2,0.4347204566001892
339,1086,639,694272,-0.38470086455345154,-0.009113515820354223,-36.295165824890134,0.01106627,0.47418200969696045,226.65349069,0.09970703125,1685,300.0,0.0002,0.0064879802754148844,0.2,0.43477314710617065
340,1086,640,696320,-0.37024354934692383,-0.007523349043913186,-36.30862579345703,0.011147624,0.5555254220962524,227.89207571,0.08310546875,1690,300.0,0.0002,0.0056036199443042275,0.2,0.4349983036518097
341,1086,642,698368,-0.37661513686180115,-0.007231692271307111,-36.34316158294678,0.008460566,0.6163197755813599,227.89207571,0.09052734375,1695,300.0,0.0002,0.006183709995821118,0.2,0.4352021813392639
342,1088,643,700416,-0.33677130937576294,0.005702674906286929,-36.359676361083984,0.038959064,0.5209784507751465,229.26795550000003,0.18055555555555555,1698,300.0,0.0002,0.011099980730149481,0.2,0.4352325201034546
343,1088,645,702464,-0.3687160611152649,-0.00903916461393237,-36.36802291870117,0.008082053,0.5660535097122192,229.22897169999996,0.11845703125,1703,300.0,0.0002,0.004610644781496376,0.2,0.43534377217292786
344,1088,647,704512,-0.3621077835559845,-0.005729078222066164,-36.3883731842041,0.00824845,0.6217701435089111,229.37862576000003,0.0744140625,1708,300.0,0.0002,0.00959095717407763,0.2,0.4355017840862274
345,1088,649,706560,-0.3733603060245514,-0.009427766920998693,-36.410626602172854,0.012506024,0.6694431304931641,228.74311074999997,0.10595703125,1713,300.0,0.0002,0.008723751665093005,0.2,0.43566933274269104
346,1088,651,708608,-0.3757140040397644,-0.003207091288641095,-36.43190956115723,0.012590373,0.6045581102371216,229.11261143999997,0.1255859375,1718,300.0,0.0002,0.007682488276623189,0.2,0.43578433990478516
347,1087,653,710656,-0.38435113430023193,-0.004004131024703384,-36.45216083526611,0.0071713966,0.568317711353302,229.6377442,0.11083984375,1723,300.0,0.0002,0.006432857178151607,0.2,0.4359716475009918
348,1087,655,712704,-0.3821883499622345,-0.006109365355223417,-36.473563003540036,0.008813659,0.6429823637008667,229.6377442,0.146484375,1728,300.0,0.0002,0.0072142828954383734,0.2,0.4360380470752716
349,1087,657,714752,-0.36310911178588867,-0.00895886637736112,-36.482380104064944,0.009412005,0.5967530608177185,231.69355450999998,0.114453125,1733,300.0,0.0002,0.00916532170958817,0.2,0.4361456036567688
350,1087,658,716800,-0.36941903829574585,-0.009238529205322265,-36.50466403961182,0.012415003,0.5610243082046509,232.55893812000002,0.12060546875,1738,300.0,0.0002,0.007623686036095023,0.2,0.4363155961036682
351,1087,660,718848,-0.3776094913482666,-0.007324923062697053,-36.53119029998779,0.009481251,0.6465439796447754,232.51400047999996,0.0943359375,1743,300.0,0.0002,0.00770967504940927,0.2,0.43655988574028015
352,1088,662,720896,-0.3782898783683777,-0.008088690089061856,-36.55843238830566,0.0141191,0.6124917268753052,232.2087759,0.1171875,1748,300.0,0.0002,0.007060958119109273,0.2,0.4366280138492584
353,1088,664,722944,-0.33870410919189453,0.0005953648069407791,-36.564162492752075,0.017665274,0.5928249359130859,231.51011269,0.1563720703125,1752,300.0,0.0002,0.005077976791653782,0.2,0.43669405579566956
354,1087,666,724992,-0.3761032819747925,-0.004363374202512205,-36.58602657318115,0.010706009,0.46068209409713745,231.70224871,0.11767578125,1757,300.0,0.0002,0.005281982780434191,0.2,0.4369593560695648
355,1087,668,727040,-0.3878195285797119,-0.0060042495839297775,-36.624760437011716,0.0074927034,0.617172360420227,231.70224871,0.0845703125,1762,300.0,0.0002,0.007055087038315833,0.2,0.43720516562461853
356,1086,670,729088,-0.38044583797454834,-0.009595346893183887,-36.65977230072021,0.008477394,0.5220043659210205,230.49452628,0.12607421875,1767,300.0,0.0002,0.005212413822300732,0.2,0.4374924600124359
357,1087,672,731136,-0.3481104373931885,0.005625181417498324,-36.689107259114586,0.03494414,0.5349535942077637,230.41567526,0.16688368055555555,1770,300.0,0.0002,0.00812500710081723,0.2,0.43757864832878113
358,1087,674,733184,-0.3814201056957245,-0.006032268004491925,-36.71304988861084,0.0052773315,0.6469473838806152,230.28179192,0.09990234375,1775,300.0,0.0002,0.006720189563930034,0.2,0.43788281083106995
359,1087,676,735232,-0.3862314224243164,-0.008314580423757434,-36.7625846862793,0.012076155,0.593113899230957,229.18698227999997,0.1216796875,1780,300.0,0.0002,0.007969753746874631,0.2,0.4382619261741638
360,1086,678,737280,-0.37858861684799194,-0.004095317143946886,-36.80748062133789,0.016905801,0.5690662264823914,228.51915089000005,0.16240234375,1785,300.0,0.0002,0.006796349468640983,0.2,0.43848341703414917
361,1086,680,739328,-0.38608187437057495,-0.005215164320543408,-36.8300422668457,0.016126325,0.564844012260437,228.22501390000002,0.1666015625,1790,300.0,0.0002,0.006078909570351243,0.2,0.4386076331138611
362,1086,682,741376,-0.37661102414131165,-0.0014050162397325038,-36.84732303619385,0.0128518045,0.5337206125259399,228.22501390000002,0.1759765625,1795,300.0,0.0002,0.00537475876044482,0.2,0.4387263059616089
363,1086,684,743424,-0.3783216178417206,-0.007024291204288602,-36.866435813903806,0.01187699,0.44603198766708374,227.13015270000002,0.08837890625,1800,300.0,0.0002,0.004929885920137167,0.2,0.4388847351074219
364,1085,686,745472,-0.3816390335559845,-0.005000359239056706,-36.891736602783205,0.011737782,0.5991383194923401,227.1838484,0.15,1805,300.0,0.0002,0.008678476652130484,0.2,0.4390909671783447
365,1085,688,747520,-0.37150222063064575,-0.005584042402915657,-36.92103290557861,0.008046742,0.6469788551330566,226.01263369999998,0.11142578125,1810,300.0,0.0002,0.006858299323357642,0.2,0.4392841160297394
366,1085,690,749568,-0.3859736919403076,-0.006533104972913861,-36.94873886108398,0.010073647,0.5563147068023682,227.01726949000005,0.14287109375,1815,300.0,0.0002,0.00756478679832071,0.2,0.439502090215683
367,1086,692,751616,-0.34618914127349854,0.008052067272365094,-36.97347908020019,0.026408818,0.5468671321868896,226.86088034,0.22578125,1818,300.0,0.0002,0.006309260660782456,0.2,0.4396010637283325
368,1085,694,753664,-0.37583717703819275,-0.001128291222266853,-36.99343719482422,0.014466798,0.5167398452758789,227.16133625999996,0.145703125,1823,300.0,0.0002,0.006436951574869454,0.2,0.43980899453163147
369,1085,696,755712,-0.38965165615081787,-0.007492912118323147,-37.02380809783936,0.009048324,0.5139281749725342,227.16133625999996,0.1056640625,1828,300.0,0.0002,0.006473410059697926,0.2,0.4400361180305481
370,1085,698,757760,-0.37853723764419556,-0.003990982589311898,-37.05644264221191,0.011619905,0.42744725942611694,226.16656133,0.1544921875,1833,300.0,0.0002,0.00880952316801995,0.2,0.4402385950088501
371,1085,700,759808,-0.379457026720047,-0.007960992795415223,-37.0807544708252,0.008999905,0.5851107239723206,226.19585321,0.083984375,1838,300.0,0.0002,0.007306416751816869,0.2,0.4403878450393677
372,1085,702,761856,-0.39205288887023926,-0.0056703432463109495,-37.09811096191406,0.013461351,0.6105596423149109,227.33431827,0.15439453125,1843,300.0,0.0002,0.006559249432757497,0.2,0.4404793381690979
373,1085,703,763904,-0.3754277527332306,-0.007107813120819628,-37.11005859375,0.015122839,0.5903720855712891,228.00001469000003,0.14267578125,1848,300.0,0.0002,0.007439255411736667,0.2,0.4405888617038727
374,1086,704,765952,-0.3279789090156555,0.012972124270163476,-37.12034606933594,0.0139989555,0.6092321872711182,229.35459698999995,0.17822265625,1849,300.0,0.0002,0.006851487094536424,0.2,0.44060972332954407
375,1086,706,768000,-0.3824225068092346,-0.004674529656767845,-37.13456077575684,0.011026545,0.6445157527923584,228.39257304999998,0.12314453125,1854,300.0,0.0002,0.007370999897830188,0.2,0.4408012628555298
376,1086,708,770048,-0.38232216238975525,-0.003420206159353256,-37.16289710998535,0.015623177,0.5222198963165283,228.39257304999998,0.14873046875,1859,300.0,0.0002,0.006763414805755019,0.2,0.4409901797771454
377,1088,709,772096,-0.35930460691452026,0.007647720281966031,-37.177796363830566,0.014711356,0.6205304265022278,229.37294311999997,0.18994140625,1860,300.0,0.0002,0.007033110246993601,0.2,0.44101548194885254
378,1088,711,774144,-0.37537744641304016,-0.005957638821564614,-37.197998237609866,0.009819583,0.5876010656356812,229.10446733000003,0.080859375,1865,300.0,0.0002,0.0038055659155361355,0.2,0.4413188099861145
379,1088,712,776192,-0.37727561593055725,-0.0036382292164489627,-37.23840847015381,0.016030174,0.6702810525894165,229.59473763999998,0.14599609375,1870,300.0,0.0002,0.005341663327999413,0.2,0.4415242671966553
380,1088,714,778240,-0.38504618406295776,-0.006858802400529385,-37.2595121383667,0.013160758,0.6295484304428101,229.96290739,0.1263671875,1875,300.0,0.0002,0.005662845098413527,0.2,0.44166409969329834
381,1088,716,780288,-0.3878351151943207,-0.00956893318798393,-37.28082447052002,0.01102162,0.6479476690292358,231.06364753999998,0.123828125,1880,300.0,0.0002,0.007396883191540837,0.2,0.44182658195495605
382,1088,718,782336,-0.380439817905426,-0.007124346576165408,-37.30674743652344,0.01056081,0.6152268648147583,231.06364753999998,0.14130859375,1885,300.0,0.0002,0.008222723379731178,0.2,0.4420250952243805
383,1088,720,784384,-0.383628785610199,-0.00821545822545886,-37.339321327209475,0.007725449,0.6172120571136475,230.65767641,0.117578125,1890,300.0,0.0002,0.007100105448625982,0.2,0.44227784872055054
384,1089,722,786432,-0.383014440536499,-0.007658684113994241,-37.373654174804685,0.008959261,0.49862349033355713,232.21463554000002,0.10390625,1895,300.0,0.0002,0.006683472683653236,0.2,0.44250550866127014
385,1089,723,788480,-0.39008834958076477,-0.00879813595674932,-37.40683937072754,0.008481419,0.61156165599823,233.79175167000002,0.0974609375,1900,300.0,0.0002,0.005417727888561786,0.2,0.4428039789199829
386,1089,725,790528,-0.3859451413154602,-0.00905528236180544,-37.45665378570557,0.009790292,0.5685230493545532,234.37867854000004,0.1013671875,1905,300.0,0.0002,0.006301093799993396,0.2,0.4431997835636139
387,1089,727,792576,-0.3888847231864929,-0.008653339254669845,-37.51060943603515,0.008928516,0.6032190322875977,233.28266408999997,0.10107421875,1910,300.0,0.0002,0.006849369988776744,0.2,0.4435637593269348
388,1089,729,794624,-0.3899380564689636,-0.010822640522383154,-37.5554895401001,0.013491955,0.6634525656700134,233.72109690000002,0.1103515625,1915,300.0,0.0002,0.007701472076587379,0.2,0.4438280463218689
389,1089,731,796672,-0.3922807276248932,-0.006357568898238242,-37.580661582946775,0.009090625,0.527136504650116,233.72109690000002,0.05673828125,1920,300.0,0.0002,0.007791729643940926,0.2,0.44395262002944946
390,1089,733,798720,-0.3826196789741516,-0.006045727524906397,-37.59901142120361,0.007346621,0.5421943664550781,234.35899247,0.06015625,1925,300.0,0.0002,0.006745655904524028,0.2,0.4441063106060028
391,1089,735,800768,-0.3818317949771881,-0.008241613686550409,-37.61858615875244,0.0086479485,0.5408861637115479,234.69855965,0.0892578125,1930,300.0,0.0002,0.005124893831089139,0.2,0.44421929121017456
392,1089,737,802816,-0.38779640197753906,-0.006507224845699966,-37.6358528137207,0.009201481,0.5798991918563843,234.16747685,0.12265625,1935,300.0,0.0002,0.006599355908110738,0.2,0.44440051913261414
393,1089,738,804864,-0.38551387190818787,9.225851390510797e-05,-37.65943069458008,0.0107283965,0.6068527698516846,233.77247896000006,0.16171875,1940,300.0,0.0002,0.006085701333358884,0.2,0.44453543424606323
394,1089,740,806912,-0.3843296468257904,-0.006332215201109648,-37.679559516906735,0.011356733,0.6279091835021973,234.54463113000006,0.13837890625,1945,300.0,0.0002,0.006503415200859309,0.2,0.4447028934955597
395,1088,743,808960,-0.3950425684452057,-0.0074901429004967214,-37.71054916381836,0.009443343,0.6718577146530151,233.12529255999993,0.1013671875,1950,300.0,0.0002,0.009079866134561599,0.2,0.4449955224990845
396,1087,745,811008,-0.39272040128707886,-0.008974563982337713,-37.756063079833986,0.011682261,0.6100172400474548,233.12529255999993,0.13681640625,1955,300.0,0.0002,0.011182671273127198,0.2,0.44537076354026794
397,1086,748,813056,-0.37876397371292114,-0.0057949850801378485,-37.81246395111084,0.007241655,0.5364432334899902,233.97261757,0.07490234375,1960,300.0,0.0002,0.006899051670916379,0.2,0.44577017426490784
398,1086,750,815104,-0.3852384090423584,-0.004854164540302008,-37.85605049133301,0.008933663,0.5646303296089172,232.13438546,0.07568359375,1965,300.0,0.0002,0.00835940446704626,0.2,0.4459930956363678
399,1085,752,817152,-0.38981470465660095,-0.008049527928233147,-37.883181762695315,0.00925447,0.6244339942932129,230.16217562000003,0.0939453125,1970,300.0,0.0002,0.006480729742906988,0.2,0.44621413946151733
400,1085,754,819200,-0.3860257863998413,-0.0070968584157526495,-37.918039894104005,0.010424493,0.576855480670929,228.37620514999998,0.1181640625,1975,300.0,0.0002,0.006059764185920358,0.2,0.4464702308177948
401,1085,756,821248,-0.39162832498550415,-0.004859716282226145,-37.95208168029785,0.012851675,0.5637349486351013,227.83054307000003,0.1615234375,1980,300.0,0.0002,0.006286635948345065,0.2,0.44669997692108154
402,1085,758,823296,-0.3631403148174286,-0.0037384004681371152,-37.977370738983154,0.020707423,0.5401948690414429,228.74472552,0.1727294921875,1984,300.0,0.0002,0.00932841855683364,0.2,0.4468202292919159
403,1084,760,825344,-0.3981364369392395,-0.009092465892899781,-37.998408508300784,0.011576934,0.5947999954223633,228.74472552,0.10615234375,1989,300.0,0.0002,0.008312193234451115,0.2,0.4470439553260803
404,1084,762,827392,-0.3895922005176544,-0.002859562076628208,-38.03370399475098,0.016507579,0.633364200592041,229.45066565999997,0.1642578125,1994,300.0,0.0002,0.0065591690130531784,0.2,0.4472850561141968
405,1084,765,829440,-0.39731675386428833,-0.007341477437876165,-38.064237403869626,0.012855517,0.5541048049926758,230.37598678999998,0.13134765625,1999,300.0,0.0002,0.006712068687193096,0.2,0.4474949538707733
406,1083,767,831488,-0.393589049577713,-0.008979873335920274,-38.095068740844724,0.010046347,0.653738260269165,229.95344589,0.09501953125,2004,300.0,0.0002,0.007523693633265794,0.2,0.4477323591709137
407,1083,769,833536,-0.3918847143650055,-0.00526634668931365,-38.122976303100586,0.012113903,0.6719462871551514,229.56890172000004,0.114453125,2009,300.0,0.0002,0.007889411924406887,0.2,0.4478762149810791
408,1082,771,835584,-0.37923628091812134,-0.004008023475762457,-38.14520664215088,0.01731881,0.6904641389846802,228.03917168000004,0.17001953125,2014,300.0,0.0002,0.007512108120135963,0.2,0.4480963945388794
409,1082,774,837632,-0.39367711544036865,-0.0055336834164336325,-38.17967357635498,0.0075449557,0.5480870604515076,228.60119603999996,0.0865234375,2019,300.0,0.0002,0.006598852667957544,0.2,0.4483783543109894
410,1081,776,839680,-0.3964911103248596,-0.005132651142776013,-38.21650714874268,0.007985569,0.6070026159286499,228.60119603999996,0.15009765625,2024,300.0,0.0002,0.008325962745584548,0.2,0.4486164152622223
411,1081,778,841728,-0.3964296579360962,-0.008401348511688412,-38.25320301055908,0.009557966,0.6458879709243774,228.03340362,0.08828125,2029,300.0,0.0002,0.007127494271844626,0.2,0.4489636719226837
412,1080,780,843776,-0.39717039465904236,-0.007873006165027618,-38.30034236907959,0.005955288,0.6239649057388306,227.04126304,0.1330078125,2034,300.0,0.0002,0.0059620297979563475,0.2,0.4492575228214264
413,1080,783,845824,-0.40116047859191895,-0.008032383676618338,-38.33090229034424,0.008452225,0.5927586555480957,228.76299634000003,0.08583984375,2039,300.0,0.0002,0.005708308983594179,0.2,0.44939979910850525
414,1079,785,847872,-0.3957503139972687,-0.009936768701300025,-38.351159286499026,0.009154553,0.5974706411361694,230.30609830999998,0.10595703125,2044,300.0,0.0002,0.0049448618432506915,0.2,0.44958412647247314
415,1079,787,849920,-0.40653178095817566,-0.0076066530775278805,-38.379875564575194,0.007746341,0.6829259395599365,230.93717624999994,0.05556640625,2049,300.0,0.0002,0.00546495383605361,0.2,0.4498187005519867
416,1079,789,851968,-0.40376654267311096,-0.009968796558678151,-38.42423725128174,0.008766352,0.6708579063415527,230.93717624999994,0.0861328125,2054,300.0,0.0002,0.009292639093473554,0.2,0.4502323567867279
417,1079,791,854016,-0.39478856325149536,-0.008030459727160632,-38.47122631072998,0.007815653,0.6304190158843994,229.12303483,0.1111328125,2059,300.0,0.0002,0.007974838861264289,0.2,0.45041269063949585
418,1078,793,856064,-0.3967303931713104,-0.00567449900554493,-38.49082984924316,0.008881971,0.5687962770462036,228.50220017999993,0.056640625,2064,300.0,0.0002,0.007334708655253053,0.2,0.4505622088909149
419,1078,795,858112,-0.4030711054801941,-0.008839439367875457,-38.50474967956543,0.01021694,0.5587767362594604,228.38293400999999,0.172265625,2069,300.0,0.0002,0.007368612196296453,0.2,0.45054447650909424
420,1078,797,860160,-0.39499354362487793,-0.006675708806142211,-38.50842571258545,0.006725872,0.598392128944397,228.13398059,0.088671875,2074,300.0,0.0002,0.008349790307693183,0.2,0.45071008801460266
421,1078,799,862208,-0.40091148018836975,-0.007881629397161305,-38.537577629089355,0.015471747,0.5717000961303711,226.71763946,0.14052734375,2079,300.0,0.0002,0.009329090360552073,0.2,0.4508736729621887
422,1078,801,864256,-0.39146414399147034,-0.007142671383917332,-38.55411148071289,0.0096253315,0.5708247423171997,228.15483178000005,0.1005859375,2084,300.0,0.0002,0.007214179635047913,0.2,0.4509962201118469
423,1078,803,866304,-0.3962315320968628,-0.00849879237357527,-38.570381546020506,0.017359586,0.6258981823921204,228.15483178000005,0.14833984375,2089,300.0,0.0002,0.00571400101762265,0.2,0.4510869085788727
424,1078,805,868352,-0.3912982642650604,-0.0028223189525306224,-38.57995548248291,0.009154954,0.5755826830863953,227.69194764,0.15,2094,300.0,0.0002,0.005666392529383302,0.2,0.45115959644317627
425,1078,807,870400,-0.40428853034973145,-0.010439705057069659,-38.59191627502442,0.0085586235,0.4646046757698059,228.57550885999999,0.11044921875,2099,300.0,0.0002,0.0038063712418079376,0.2,0.4512745440006256
426,1077,809,872448,-0.40309399366378784,-0.006792043684981763,-38.61444511413574,0.008589383,0.6007876396179199,228.15376313999997,0.0970703125,2104,300.0,0.0002,0.006795474560931325,0.2,0.45152586698532104
427,1077,811,874496,-0.40513870120048523,-0.005649778805673122,-38.65696830749512,0.013146071,0.6266393661499023,228.12640521,0.12978515625,2109,300.0,0.0002,0.006750981626100838,0.2,0.45185330510139465
428,1077,813,876544,-0.4009598195552826,-0.004532897868193686,-38.6992265701294,0.0069805235,0.682940661907196,227.05251127,0.081640625,2114,300.0,0.0002,0.009277961729094387,0.2,0.45213639736175537
429,1076,816,878592,-0.3981098532676697,-0.008036329410970211,-38.73372688293457,0.009157779,0.633893609046936,226.71856753000003,0.06845703125,2119,300.0,0.0002,0.009474619803950191,0.2,0.4523482024669647
430,1077,817,880640,-0.387352854013443,-0.0024148127064108848,-38.7571782430013,0.025377212,0.4929478168487549,226.71856753000003,0.179296875,2123,300.0,0.0002,0.006716556971271833,0.2,0.4524786174297333
431,1077,819,882688,-0.4030197262763977,-0.00543116859626025,-38.78031883239746,0.005984752,0.6111231446266174,226.53264811999998,0.0560546875,2128,300.0,0.0002,0.005469816690310836,0.2,0.45270052552223206
432,1077,821,884736,-0.40498101711273193,-0.009900518599897623,-38.81384048461914,0.009863393,0.4043996334075928,226.97627496999996,0.1275390625,2133,300.0,0.0002,0.004751375259365887,0.2,0.4529564678668976
433,1077,823,886784,-0.39635786414146423,-0.0025736618787050246,-38.84620399475098,0.0084092915,0.6993190050125122,226.88876369999997,0.10322265625,2138,300.0,0.0002,0.006337928166612983,0.2,0.45315852761268616
434,1077,825,888832,-0.4051213264465332,-0.006881805567536503,-38.87434635162354,0.00898936,0.720352292060852,224.8962408,0.09326171875,2143,300.0,0.0002,0.006188726588152349,0.2,0.4534100890159607
435,1077,826,890880,-0.40601375699043274,-0.010913700563833117,-38.907484436035155,0.008749427,0.5892183184623718,225.34055228999998,0.11865234375,2148,300.0,0.0002,0.005817732657305896,0.2,0.4536207318305969
436,1077,828,892928,-0.40553170442581177,-0.008355197170749307,-38.9381290435791,0.012297078,0.6264603734016418,225.32300462999999,0.10361328125,2153,300.0,0.0002,0.0045411012601107355,0.2,0.4539063274860382
437,1077,830,894976,-0.3869951665401459,-0.00680971397086978,-38.975408744812015,0.012571139,0.5154924392700195,225.32300462999999,0.1205078125,2158,300.0,0.0002,0.005207652668468654,0.2,0.45411762595176697
438,1077,832,897024,-0.39405015110969543,-0.006194254453293979,-39.00637798309326,0.0074331714,0.5843285322189331,226.01040236,0.0765625,2163,300.0,0.0002,0.005106432409957051,0.2,0.4544052481651306
439,1077,834,899072,-0.40785473585128784,-0.005416764342226088,-39.04956321716308,0.010764964,0.5645859837532043,227.59973422000002,0.10576171875,2168,300.0,0.0002,0.006542210886254907,0.2,0.45472660660743713
440,1077,836,901120,-0.4086134731769562,-0.009163097094278783,-39.08870964050293,0.008195988,0.6649850606918335,227.83775089000002,0.09765625,2173,300.0,0.0002,0.006829351047053933,0.2,0.4549718201160431
441,1077,838,903168,-0.4040054976940155,-0.00645680536981672,-39.11592407226563,0.011608813,0.6387149691581726,228.27269932000002,0.0705078125,2178,300.0,0.0002,0.007267022761516273,0.2,0.4551578760147095
442,1077,839,905216,-0.4032679796218872,-0.00461515060160309,-39.13987350463867,0.011263812,0.5752291679382324,227.56388975,0.11806640625,2183,300.0,0.0002,0.007511160615831613,0.2,0.4553239643573761
443,1077,841,907264,-0.4007861614227295,-0.00532113634981215,-39.15948543548584,0.0068290383,0.5295974612236023,229.22472961999995,0.15263671875,2188,300.0,0.0002,0.004331920738331973,0.2,0.4554734528064728
444,1077,843,909312,-0.39578768610954285,-0.00668816571123898,-39.18508377075195,0.00978133,0.6237630844116211,229.22472961999995,0.16337890625,2193,300.0,0.0002,0.006453755707480013,0.2,0.45568448305130005
445,1078,845,911360,-0.4053221642971039,-0.005968215619213879,-39.21302108764648,0.007358966,0.6023821830749512,230.15104657000003,0.09287109375,2198,300.0,0.0002,0.0064374332316219805,0.2,0.45589885115623474
446,1078,847,913408,-0.40744638442993164,-0.002312747365795076,-39.24955177307129,0.013814074,0.5902156829833984,230.05234263,0.1208984375,2203,300.0,0.0002,0.006890785507857799,0.2,0.4562074542045593
447,1078,849,915456,-0.39661598205566406,-0.000913126626983285,-39.28880920410156,0.008843807,0.6472268104553223,229.81355113,0.1541015625,2208,300.0,0.0002,0.00632897736504674,0.2,0.45647209882736206
448,1077,851,917504,-0.40934136509895325,-0.004019426298327744,-39.32287406921387,0.013575608,0.6598130464553833,230.88994420000003,0.1171875,2213,300.0,0.0002,0.005239606252871454,0.2,0.456683486700058
449,1077,853,919552,-0.39347583055496216,-0.0032950503053143622,-39.347885322570804,0.012189697,0.6769345998764038,231.48383092,0.163671875,2218,300.0,0.0002,0.007365918601863086,0.2,0.45685291290283203
450,1078,854,921600,-0.4072172939777374,-0.009265372157096862,-39.375572204589844,0.008594222,0.5678619146347046,232.23645133999995,0.101953125,2223,300.0,0.0002,0.006727043003775179,0.2,0.45712026953697205
451,1078,856,923648,-0.4005541503429413,-0.006892022117972374,-39.41270217895508,0.007939307,0.6315903663635254,232.23645133999995,0.118359375,2228,300.0,0.0002,0.005168489483185113,0.2,0.457366019487381
452,1078,858,925696,-0.4042888283729553,-0.011115092365071178,-39.444678497314456,0.011715895,0.5879812240600586,232.64345706,0.1056640625,2233,300.0,0.0002,0.004511011671274901,0.2,0.4576224982738495
453,1078,859,927744,-0.4094744920730591,-0.006200786284171045,-39.483292770385745,0.0077764224,0.6322242021560669,230.28108377999996,0.08935546875,2238,300.0,0.0002,0.007758381078019738,0.2,0.4579354524612427
454,1079,861,929792,-0.4126666188240051,-0.010642938851378857,-39.51943416595459,0.010861678,0.6656858921051025,228.99580837999997,0.10361328125,2243,300.0,0.0002,0.006157343159429729,0.2,0.4581071138381958
455,1079,863,931840,-0.4116748571395874,-0.008893545903265476,-39.54307899475098,0.0063252896,0.6140755414962769,229.03247976000003,0.08662109375,2248,300.0,0.0002,0.006261812639422715,0.2,0.45836302638053894
456,1079,865,933888,-0.40569496154785156,-0.007781751500442624,-39.58223934173584,0.008886769,0.6537939310073853,228.39289501000002,0.09267578125,2253,300.0,0.0002,0.006072875251993537,0.2,0.4586723744869232
457,1079,867,935936,-0.4105282723903656,-0.0038569618482142687,-39.620908164978026,0.0093172565,0.5894441604614258,228.39289501000002,0.149609375,2258,300.0,0.0002,0.005030296370387077,0.2,0.4589257836341858
458,1079,868,937984,-0.4065251052379608,-0.003394731879234314,-39.655933952331544,0.007525812,0.44867032766342163,227.58298723000004,0.11689453125,2263,300.0,0.0002,0.005873142019845545,0.2,0.4592067301273346
459,1079,870,940032,-0.40848508477211,-0.0077180358115583655,-39.692244148254396,0.011607393,0.5964245200157166,228.41638933000002,0.10048828125,2268,300.0,0.0002,0.007009103870950639,0.2,0.45946577191352844
460,1079,872,942080,-0.40782344341278076,-0.006848708959296346,-39.719221115112305,0.007225712,0.5656419992446899,228.23961348,0.12724609375,2273,300.0,0.0002,0.008956160489469766,0.2,0.45959824323654175
461,1079,874,944128,-0.4092286229133606,-0.007545650121755898,-39.73428859710693,0.011109063,0.5928031206130981,228.87013442999995,0.1376953125,2278,300.0,0.0002,0.005459184688515961,0.2,0.45971599221229553
462,1079,876,946176,-0.3963804244995117,-0.010179949225857854,-39.755988121032715,0.0141937435,0.5604710578918457,228.14901129,0.1470703125,2283,300.0,0.0002,0.004627113789319992,0.2,0.459915429353714
463,1079,878,948224,-0.41184860467910767,-0.0049499226035550235,-39.779377937316895,0.010478163,0.5347615480422974,227.97857488000002,0.092578125,2288,300.0,0.0002,0.0054715572157874705,0.2,0.4600462019443512
464,1080,879,950272,-0.41101083159446716,-0.006459233839996159,-39.801102828979495,0.007820287,0.6538498997688293,227.97857488000002,0.12470703125,2293,300.0,0.0002,0.0063585661817342045,0.2,0.46027621626853943
465,1080,881,952320,-0.4061458706855774,-0.005280316201969981,-39.83337593078613,0.0075552454,0.6225326657295227,228.17370133999992,0.10439453125,2298,300.0,0.0002,0.006053759530186653,0.2,0.46050575375556946
466,1080,883,954368,-0.4189273715019226,-0.00860260466579348,-39.86549339294434,0.011198403,0.578773021697998,228.17689988,0.1103515625,2303,300.0,0.0002,0.0073101243004202844,0.2,0.4607475697994232
467,1080,884,956416,-0.41705968976020813,-0.007006948022171855,-39.90075244903564,0.01061506,0.6141350865364075,229.32006599999994,0.0951171875,2308,300.0,0.0002,0.006597378710284829,0.2,0.4610527455806732
468,1080,886,958464,-0.4075881838798523,-0.006485297239851207,-39.93770141601563,0.011394109,0.5769101977348328,232.13172373,0.14892578125,2313,300.0,0.0002,0.006627439684234559,0.2,0.4613005220890045
469,1081,888,960512,-0.414278119802475,-0.0052164468681439756,-39.97014122009277,0.008230124,0.6143509149551392,232.53636092,0.1189453125,2318,300.0,0.0002,0.006750906002707779,0.2,0.4615507423877716
470,1081,890,962560,-0.4134789705276489,-0.008195734699256718,-40.00619010925293,0.008909453,0.6760110855102539,232.28426505999997,0.1017578125,2323,300.0,0.0002,0.008067947905510664,0.2,0.4617931544780731
471,1081,891,964608,-0.4062518775463104,-0.006537712644785643,-40.03618488311768,0.009640116,0.611579418182373,232.28426505999997,0.098828125,2328,300.0,0.0002,0.00919952979311347,0.2,0.4619859457015991
472,1081,893,966656,-0.41736164689064026,-0.008797610981855542,-40.06250267028808,0.010865465,0.5254632234573364,232.17829615000002,0.1068359375,2333,300.0,0.0002,0.007384964590892195,0.2,0.4622100293636322
473,1082,895,968704,-0.4114842712879181,-0.008537728805094957,-40.092786598205564,0.009798012,0.6461923718452454,232.23445069,0.11806640625,2338,300.0,0.0002,0.006981631368398666,0.2,0.46240708231925964
474,1082,897,970752,-0.4228968918323517,-0.011261022463440896,-40.11566524505615,0.011503389,0.6283797025680542,231.61017693999997,0.1357421875,2343,300.0,0.0002,0.007393138017505407,0.2,0.46257856488227844
475,1082,898,972800,-0.41452643275260925,-0.00650577952619642,-40.143972396850586,0.0086496435,0.6020654439926147,231.88682332,0.10498046875,2348,300.0,0.0002,0.007174285314977169,0.2,0.4628145098686218
476,1082,900,974848,-0.4220309853553772,-0.006764786527492106,-40.17732048034668,0.0074414527,0.6267338991165161,231.64412925,0.11513671875,2353,300.0,0.0002,0.0066317284014076,0.2,0.4630977511405945
477,1082,902,976896,-0.41031917929649353,-0.008942777838092298,-40.217051887512206,0.014411993,0.6875852346420288,233.03874059999998,0.136328125,2358,300.0,0.0002,0.007053241948597133,0.2,0.46338966488838196
478,1083,903,978944,-0.4184197187423706,-0.00821551529224962,-40.256151580810545,0.011934452,0.6184778213500977,233.03874059999998,0.16005859375,2363,300.0,0.0002,0.00771373575553298,0.2,0.4636576771736145
479,1083,905,980992,-0.4147922992706299,-0.001971149630844593,-40.28536262512207,0.010086035,0.6179065704345703,234.13016722000003,0.18388671875,2368,300.0,0.0002,0.007033872278407216,0.2,0.4638277590274811
480,1083,907,983040,-0.40999338030815125,-0.009099419275298715,-40.31300716400146,0.012352981,0.7080047130584717,233.68857505999992,0.10830078125,2373,300.0,0.0002,0.005044607887975871,0.2,0.4641370177268982
481,1083,908,985088,-0.41562169790267944,-0.008796225138939916,-40.354936599731445,0.0078842975,0.6681182384490967,230.07740679999998,0.1021484375,2378,300.0,0.0002,0.00833985540084541,0.2,0.4644083082675934
482,1084,910,987136,-0.42273905873298645,-0.010216094716452063,-40.38367614746094,0.0117029715,0.6531206369400024,230.35135895999997,0.097265625,2383,300.0,0.0002,0.007284877612255514,0.2,0.4645638167858124
483,1084,912,989184,-0.4120234549045563,-0.0034085461404174565,-40.40593299865723,0.007767739,0.6647719144821167,230.14757681999998,0.11044921875,2388,300.0,0.0002,0.00586029295809567,0.2,0.4648043215274811
484,1083,914,991232,-0.4166409969329834,-0.007423692918382585,-40.44017906188965,0.009910032,0.653767466545105,228.87345393999996,0.13046875,2393,300.0,0.0002,0.006414980604313314,0.2,0.46504563093185425
485,1083,916,993280,-0.4199894666671753,-0.006881168903782963,-40.47162418365478,0.010993287,0.6652860641479492,228.87345393999996,0.11455078125,2398,300.0,0.0002,0.0061720984522253275,0.2,0.4652891457080841
486,1084,917,995328,-0.4034145772457123,-0.003573422646149993,-40.50792045593262,0.015156403,0.6868116855621338,229.57120694000002,0.13310546875,2403,300.0,0.0002,0.007924586650915444,0.2,0.4656014144420624
487,1084,919,997376,-0.40494030714035034,-0.005188934947364032,-40.54491271972656,0.0119931195,0.6789374351501465,228.58650841000002,0.11796875,2408,300.0,0.0002,0.007229136698879301,0.2,0.4658313989639282
488,1084,921,999424,-0.4236413538455963,-0.007671454478986562,-40.574174118041995,0.007908063,0.6396471858024597,228.31534838,0.11396484375,2413,300.0,0.0002,0.004531317017972469,0.2,0.4660593569278717
489,1085,923,1001472,-0.41718462109565735,-0.00754401353187859,-40.611615371704104,0.00804411,0.5931199789047241,228.27244709000001,0.1193359375,2418,300.0,0.0002,0.0047472572652623056,0.2,0.46638384461402893
490,1085,924,1003520,-0.4242474138736725,-0.005346002290025353,-40.64831142425537,0.011146425,0.5856022834777832,228.66650837999998,0.11943359375,2423,300.0,0.0002,0.006049850513227284,0.2,0.4665626287460327
491,1085,926,1005568,-0.4187512695789337,-0.010393492854200303,-40.66325664520264,0.01032086,0.6118207573890686,228.66650837999998,0.15234375,2428,300.0,0.0002,0.0064876841381192206,0.2,0.466654509305954
492,1085,928,1007616,-0.42184218764305115,-0.009041514387354255,-40.68310279846192,0.004970121,0.6041099429130554,228.23365063999998,0.12001953125,2433,300.0,0.0002,0.009899017820134758,0.2,0.46687063574790955
493,1084,931,1009664,-0.4250829815864563,-0.007002558978274465,-40.71532649993897,0.013605593,0.6523427963256836,227.65999354000004,0.14599609375,2438,300.0,0.0002,0.0072868192102760075,0.2,0.4671565294265747
494,1083,933,1011712,-0.4261734187602997,-0.009332226729020477,-40.75702896118164,0.015873866,0.5776357054710388,228.22719756000004,0.127734375,2443,300.0,0.0002,0.0073246029671281574,0.2,0.46748608350753784
495,1083,935,1013760,-0.4151656925678253,-0.006070377235300839,-40.79723491668701,0.009327801,0.6213567852973938,228.10654699999998,0.15625,2448,300.0,0.0002,0.005527063179761172,0.2,0.4677627980709076
496,1083,937,1015808,-0.4130626618862152,-0.006161791016347706,-40.833662605285646,0.014080035,0.6511012315750122,227.95698255000002,0.14248046875,2453,300.0,0.0002,0.007263949257321656,0.2,0.46803727746009827
497,1083,939,1017856,-0.41624167561531067,-0.0066998610505834225,-40.86571445465088,0.013075752,0.5742876529693604,227.77470052999996,0.10791015625,2458,300.0,0.0002,0.007919421861879527,0.2,0.4682350158691406
498,1083,941,1019904,-0.4274134933948517,-0.010620698239654303,-40.89276351928711,0.009920789,0.6570921540260315,227.77470052999996,0.1056640625,2463,300.0,0.0002,0.005148983793333173,0.2,0.4684879779815674
499,1083,942,1021952,-0.4149216413497925,-0.006878922111354768,-40.92498302459717,0.012389283,0.5882177948951721,228.04740605000003,0.11435546875,2468,300.0,0.0002,0.008663891488686204,0.2,0.46865972876548767
500,1083,944,1024000,-0.4253512918949127,-0.007978301239199936,-40.94910373687744,0.00768917,0.5782017707824707,228.56980693000003,0.083203125,2473,300.0,0.0002,0.0073515652446076276,0.2,0.46891820430755615
501,1084,946,1026048,-0.4203568994998932,-0.010834060795605182,-40.99157371520996,0.0089688795,0.6139178276062012,228.89549619,0.12080078125,2478,300.0,0.0002,0.010410790471360088,0.2,0.46928733587265015
502,1084,948,1028096,-0.4144430458545685,-0.008459049463272094,-41.032762145996095,0.0072517144,0.6582670211791992,229.57958270999998,0.0775390625,2483,300.0,0.0002,0.008485910715535283,0.2,0.46950438618659973
503,1084,949,1030144,-0.3944448232650757,-0.003213580573598544,-41.052903238932295,0.020381384,0.6428945064544678,230.89879637999994,0.141796875,2487,300.0,0.0002,0.007661143348862727,0.2,0.4696204364299774
504,1084,951,1032192,-0.42593804001808167,-0.008054564171470702,-41.07261276245117,0.011857962,0.5208456516265869,230.39783848000002,0.123828125,2492,300.0,0.0002,0.006189090549014509,0.2,0.4698341488838196
505,1084,953,1034240,-0.41476327180862427,-0.006483556423336268,-41.112573051452635,0.008798215,0.6864643096923828,230.39783848000002,0.08701171875,2497,300.0,0.0002,0.005983862210996449,0.2,0.4702029824256897
506,1084,955,1036288,-0.4234669506549835,-0.005176878056954592,-41.15391445159912,0.0057739993,0.4893091320991516,229.12541158,0.1083984375,2502,300.0,0.0002,0.010429724724963308,0.2,0.47042518854141235
507,1084,957,1038336,-0.42167913913726807,-0.00993316383101046,-41.17798080444336,0.009400795,0.6062939167022705,228.51340123000003,0.11171875,2507,300.0,0.0002,0.007499931007623672,0.2,0.47060075402259827
508,1084,959,1040384,-0.4223363697528839,-0.00894175167195499,-41.209747314453125,0.0070838667,0.6634712219238281,227.53865451,0.08662109375,2512,300.0,0.0002,0.007461459701880812,0.2,0.4709590673446655
509,1084,961,1042432,-0.41498568654060364,-0.00916729758027941,-41.25510959625244,0.0105400905,0.6811223030090332,228.75317468,0.10869140625,2517,300.0,0.0002,0.00815614655148238,0.2,0.47120168805122375
510,1084,963,1044480,-0.41239050030708313,-0.007418363075703383,-41.27884025573731,0.01016553,0.5921379327774048,229.44342415,0.10009765625,2522,300.0,0.0002,0.007455648900941014,0.2,0.47137629985809326
511,1084,964,1046528,-0.4227270781993866,-0.006767025962471962,-41.310726165771484,0.01164013,0.42623698711395264,230.53419694000002,0.140625,2527,300.0,0.0002,0.006289157853461802,0.2,0.47168511152267456
512,1084,966,1048576,-0.3980461359024048,-0.0004320660441675607,-41.34443888944738,0.031118853,0.6083315014839172,230.53419694000002,0.17359834558823528,2532,300.0,0.0002,0.006726384382037555,0.2,0.47186410427093506
513,1085,967,1050624,-0.41013333201408386,-0.004434114570418994,-41.36564966837565,0.023367235,0.6061267256736755,228.81261731000004,0.143359375,2536,300.0,0.0002,0.0078474930798014,0.2,0.4720127582550049
514,1085,969,1052672,-0.42179936170578003,-0.008035460067912937,-41.39427661895752,0.007924545,0.6848344206809998,229.91624532000003,0.1064453125,2541,300.0,0.0002,0.007297358964569867,0.2,0.47235339879989624
515,1085,971,1054720,-0.42754143476486206,-0.007838984800036997,-41.43790454864502,0.007972598,0.6719646453857422,229.8103151699999,0.0896484375,2546,300.0,0.0002,0.006765788746997714,0.2,0.4726160168647766
516,1086,972,1056768,-0.4243556261062622,-0.00987836077110842,-41.47097396850586,0.0123933125,0.6679359078407288,227.86728501,0.1037109375,2551,300.0,0.0002,0.007842434104532003,0.2,0.47287899255752563
517,1086,974,1058816,-0.4267446994781494,-0.005633709894027561,-41.50614852905274,0.009527588,0.646055281162262,227.97006178000007,0.13935546875,2556,300.0,0.0002,0.009426291729323567,0.2,0.4731472432613373
518,1086,976,1060864,-0.4237489700317383,-0.009395164716988803,-41.544285202026366,0.011603737,0.6692713499069214,226.22740759000004,0.13251953125,2561,300.0,0.0002,0.00604642687831074,0.2,0.4735109508037567
519,1086,977,1062912,-0.42633387446403503,-0.00812877134885639,-41.59357852935791,0.007396958,0.5570993423461914,226.22740759000004,0.1107421875,2566,300.0,0.0002,0.006168329552747309,0.2,0.47379380464553833
520,1087,979,1064960,-0.420110285282135,-0.005579543556086719,-41.61640625,0.0062936917,0.5208837985992432,227.43668708000004,0.10458984375,2571,300.0,0.0002,0.006495766178704798,0.2,0.4738796651363373
521,1087,981,1067008,-0.43545761704444885,-0.009026761632412672,-41.63032264709473,0.009949028,0.660010576248169,227.24490525000004,0.07421875,2576,300.0,0.0002,0.005850988416932523,0.2,0.4740334749221802
522,1087,982,1069056,-0.4284701645374298,-0.005859627667814493,-41.65590229034424,0.0066524437,0.6367976665496826,226.95805724,0.07001953125,2581,300.0,0.0002,0.005393088096752763,0.2,0.47423213720321655
523,1087,984,1071104,-0.42173904180526733,-0.004349470371380448,-41.677747344970705,0.008314504,0.6096203327178955,226.69099186,0.09189453125,2586,300.0,0.0002,0.004875238100066781,0.2,0.47435638308525085
524,1087,986,1073152,-0.4315849244594574,-0.00947939686011523,-41.698152732849124,0.009770478,0.6322498321533203,226.83427250999998,0.1025390625,2591,300.0,0.0002,0.004531215061433613,0.2,0.47459930181503296
525,1088,988,1075200,-0.4329794645309448,-0.006169994024094194,-41.73138217926025,0.009759146,0.6681326627731323,225.65062332999997,0.1232421875,2596,300.0,0.0002,0.007734441850334406,0.2,0.47480466961860657
526,1088,989,1077248,-0.42860376834869385,-0.010653160884976387,-41.75881118774414,0.008368897,0.6675164103507996,225.65062332999997,0.11572265625,2601,300.0,0.0002,0.009251251863315702,0.2,0.47507718205451965
527,1088,991,1079296,-0.41747915744781494,7.809627362910439e-05,-41.79678053014419,0.030220304,0.6663018465042114,225.61717918,0.20232077205882354,2606,300.0,0.0002,0.0065162201302454755,0.2,0.47531658411026
528,1088,993,1081344,-0.42907726764678955,-0.0061632962198928,-41.82471923828125,0.005785254,0.6253922581672668,225.42339200999996,0.071484375,2611,300.0,0.0002,0.0070058168610557916,0.2,0.47554072737693787
529,1089,994,1083392,-0.42526090145111084,-0.011567621876019984,-41.85755615234375,0.012245627,0.5121895670890808,224.96399935999995,0.13623046875,2616,300.0,0.0002,0.005506282718852162,0.2,0.47581517696380615
530,1089,996,1085440,-0.4291984736919403,-0.007800206239335239,-41.89027919769287,0.011673551,0.6897910833358765,225.96544418000005,0.12353515625,2621,300.0,0.0002,0.005006918148137629,0.2,0.4760294258594513
531,1089,998,1087488,-0.43111616373062134,-0.009583130618557334,-41.91526699066162,0.010221813,0.6843618750572205,226.68907224000003,0.1048828125,2626,300.0,0.0002,0.005769114592112601,0.2,0.4762223958969116
532,1089,999,1089536,-0.42732226848602295,-0.004902222938835621,-41.94054279327393,0.008217793,0.6815561056137085,226.68907224000003,0.11259765625,2631,300.0,0.0002,0.00528852550778538,0.2,0.47640255093574524
533,1089,1001,1091584,-0.4320666790008545,-0.007698631705716252,-41.971782493591306,0.0061483663,0.5226453542709351,226.16252296,0.08759765625,2636,300.0,0.0002,0.0053263382287696,0.2,0.4767245054244995
534,1089,1003,1093632,-0.43375083804130554,-0.009880868857726455,-42.00708408355713,0.009858193,0.5448966026306152,226.41357542000003,0.10009765625,2641,300.0,0.0002,0.004621935193426907,0.2,0.4768979847431183
535,1090,1005,1095680,-0.4265231490135193,-0.003201679582707584,-42.024106407165526,0.006813973,0.5805888772010803,225.69974936,0.10029296875,2646,300.0,0.0002,0.006003735004924238,0.2,0.4770478904247284
536,1090,1006,1097728,-0.43755555152893066,-0.0038930446142330767,-42.04859886169434,0.011109777,0.6014444231987,226.05165405,0.13515625,2651,300.0,0.0002,0.005586170428432524,0.2,0.477263480424881
537,1090,1008,1099776,-0.44279855489730835,-0.010494148079305887,-42.076340675354004,0.009465673,0.5522900819778442,226.43723238999996,0.12021484375,2656,300.0,0.0002,0.005960159492678941,0.2,0.477491557598114
538,1090,1010,1101824,-0.4337173402309418,-0.005234058992937207,-42.10523719787598,0.008053836,0.6722220182418823,225.71323010000003,0.080859375,2661,300.0,0.0002,0.004729840275831521,0.2,0.47769972681999207
539,1090,1012,1103872,-0.43304646015167236,-0.008040538849309086,-42.1242259979248,0.008516751,0.459411084651947,225.71323010000003,0.090625,2666,300.0,0.0002,0.0035580362542532384,0.2,0.4777452349662781
540,1090,1014,1105920,-0.44451671838760376,-0.009384929435327649,-42.131507110595706,0.008341428,0.5642004013061523,225.62903326999995,0.087890625,2671,300.0,0.0002,0.006039207195863127,0.2,0.47789275646209717
541,1089,1016,1107968,-0.43759825825691223,-0.008251193119212985,-42.16078071594238,0.0075114397,0.5489718914031982,226.28019847,0.078125,2676,300.0,0.0002,0.0062925179954618216,0.2,0.4781734347343445
542,1089,1019,1110016,-0.4409189522266388,-0.0072533979546278715,-42.19794216156006,0.007980856,0.588127613067627,227.45290856999998,0.0904296875,2681,300.0,0.0002,0.006950981263071298,0.2,0.47842979431152344
543,1088,1021,1112064,-0.4215046465396881,-0.003956724214367569,-42.22512073516846,0.012446389,0.66205894947052,227.5648616,0.152734375,2686,300.0,0.0002,0.008794178743846715,0.2,0.47860246896743774
544,1088,1023,1114112,-0.4407057464122772,-0.008500993810594082,-42.24598712921143,0.008961394,0.6261700391769409,227.41913499000006,0.0904296875,2691,300.0,0.0002,0.006762038636952639,0.2,0.4787864685058594
545,1088,1025,1116160,-0.43547606468200684,-0.00893711366225034,-42.27261180877686,0.011125061,0.5888868570327759,227.18928866000002,0.10927734375,2696,300.0,0.0002,0.005818685074336827,0.2,0.47900447249412537
546,1088,1027,1118208,-0.4079160690307617,-0.0008413541596382857,-42.29662742614746,0.021528222,0.5648542642593384,227.18928866000002,0.15439453125,2701,300.0,0.0002,0.0061021983623504635,0.2,0.4791356325149536
547,1088,1029,1120256,-0.438664048910141,-0.00794405215419829,-42.317976760864255,0.007910578,0.48617762327194214,228.71148549,0.094140625,2706,300.0,0.0002,0.005353893362917006,0.2,0.4793812036514282
548,1087,1031,1122304,-0.4360717833042145,-0.0070084371138364075,-42.34789390563965,0.011064819,0.552805483341217,228.8157639,0.1015625,2711,300.0,0.0002,0.0060841785976663235,0.2,0.4795766770839691
549,1087,1033,1124352,-0.42939454317092896,-0.005132969911210239,-42.375118827819826,0.008406889,0.6381410360336304,228.92255391000003,0.1654296875,2716,300.0,0.0002,0.007068210863508284,0.2,0.4798257350921631
550,1087,1035,1126400,-0.43730592727661133,-0.006196872913278639,-42.4056884765625,0.014596486,0.6192383170127869,229.02189993000005,0.13349609375,2721,300.0,0.0002,0.007200250984169543,0.2,0.4800320863723755
551,1087,1037,1128448,-0.4344821870326996,-0.007080663985107094,-42.42852020263672,0.013590786,0.6212344169616699,230.17542602,0.1091796875,2726,300.0,0.0002,0.007440855191089213,0.2,0.48017942905426025
552,1087,1039,1130496,-0.43426480889320374,-0.005916985392104834,-42.45667343139648,0.006754372,0.6161327362060547,230.36156385,0.1431640625,2731,300.0,0.0002,0.007040630234405399,0.2,0.48048916459083557
553,1087,1041,1132544,-0.42801523208618164,-0.00838380663190037,-42.497335243225095,0.013963804,0.6368294954299927,230.36156385,0.13916015625,2736,300.0,0.0002,0.007488084677606821,0.2,0.48074811697006226
554,1087,1043,1134592,-0.44033336639404297,-0.009818466589786112,-42.52313404083252,0.0076837046,0.5397769212722778,229.76577706000003,0.0947265625,2741,300.0,0.0002,0.006093202321790159,0.2,0.4809356927871704
555,1087,1045,1136640,-0.4388914704322815,-0.008439086377620697,-42.55138664245605,0.01010474,0.6504637002944946,230.08337151000003,0.11962890625,2746,300.0,0.0002,0.004911015904508531,0.2,0.4811776876449585
556,1086,1047,1138688,-0.4496360123157501,-0.009349709562957286,-42.5797212600708,0.0077816006,0.5926997065544128,230.73723108,0.112109375,2751,300.0,0.0002,0.003910692990757525,0.2,0.481354683637619
557,1086,1049,1140736,-0.43589267134666443,-0.007629676768556237,-42.60446147918701,0.009978775,0.5609835982322693,229.77883278000002,0.1197265625,2756,300.0,0.0002,0.0061270306585356595,0.2,0.48160091042518616
558,1086,1051,1142784,-0.4416853189468384,-0.006682047061622143,-42.63465213775635,0.008751937,0.6243523359298706,231.28277715000004,0.14833984375,2761,300.0,0.0002,0.006529266363941133,0.2,0.4817752242088318
559,1086,1053,1144832,-0.4519413113594055,-0.006371802091598511,-42.654428482055664,0.005738598,0.6562110185623169,231.09349939,0.117578125,2766,300.0,0.0002,0.006124781887046992,0.2,0.48191431164741516
560,1086,1055,1146880,-0.42765578627586365,-0.003906006156466901,-42.67559452056885,0.01702303,0.5987801551818848,231.09349939,0.1556640625,2771,300.0,0.0002,0.00808857569936663,0.2,0.4821304678916931
561,1086,1057,1148928,-0.4395015835762024,-0.006903918576426804,-42.69860725402832,0.00817132,0.6294497847557068,231.87046937,0.076953125,2776,300.0,0.0002,0.004117605148348957,0.2,0.4822632968425751
562,1085,1060,1150976,-0.4291903078556061,-0.008552411454729736,-42.71738891601562,0.017873053,0.654743492603302,230.95013654,0.18212890625,2781,300.0,0.0002,0.007456411560997367,0.2,0.4824303090572357
563,1085,1062,1153024,-0.45206254720687866,-0.01088911595288664,-42.74142303466797,0.009992638,0.600568950176239,232.06270512999996,0.1205078125,2786,300.0,0.0002,0.006788081722334027,0.2,0.48266661167144775
564,1085,1064,1155072,-0.4523606598377228,-0.010681659576948731,-42.77638282775879,0.013547551,0.6395227313041687,230.62615433,0.089453125,2791,300.0,0.0002,0.005868136929348111,0.2,0.4829612970352173
565,1085,1066,1157120,-0.44170910120010376,-0.010256145102903246,-42.813099479675294,0.012069633,0.6382875442504883,230.30761721000002,0.13349609375,2796,300.0,0.0002,0.006417535664513707,0.2,0.4832051694393158
566,1085,1068,1159168,-0.4418256878852844,-0.00584028207231313,-42.842237854003905,0.007920557,0.6658737659454346,230.30761721000002,0.1357421875,2801,300.0,0.0002,0.004236056515946984,0.2,0.48345664143562317
567,1085,1070,1161216,-0.44361037015914917,-0.011332731251604855,-42.87699565887451,0.008976028,0.5420222878456116,230.04077276,0.13544921875,2806,300.0,0.0002,0.0045041752513498064,0.2,0.4837149381637573
568,1084,1072,1163264,-0.43706947565078735,-0.009766516112722456,-42.909681129455564,0.007484281,0.5899537801742554,229.66995077999997,0.09755859375,2811,300.0,0.0002,0.0064103964949026706,0.2,0.4840275049209595
569,1084,1074,1165312,-0.4407663345336914,-0.008559391985181719,-42.952609062194824,0.009888399,0.6748706102371216,230.52132613,0.1486328125,2816,300.0,0.0002,0.006042067147791386,0.2,0.4843677878379822
570,1083,1076,1167360,-0.4431192874908447,-0.008199622202664614,-42.99812641143799,0.010365766,0.5867196321487427,230.29290355000003,0.0958984375,2821,300.0,0.0002,0.0059293926460668445,0.2,0.48476356267929077
571,1083,1079,1169408,-0.4494873881340027,-0.006645928206853569,-43.041375923156735,0.009825121,0.6227763295173645,230.90632269999998,0.121484375,2826,300.0,0.0002,0.006334165693260729,0.2,0.48497843742370605
572,1083,1081,1171456,-0.4432012140750885,-0.009085673606023192,-43.06206073760986,0.008389175,0.6533890962600708,230.2298389,0.10068359375,2831,300.0,0.0002,0.005116277909837663,0.2,0.4851698577404022
573,1083,1083,1173504,-0.44984492659568787,-0.009808271820656956,-43.100899124145506,0.009569934,0.6442075371742249,230.2298389,0.10185546875,2836,300.0,0.0002,0.006502725672908128,0.2,0.4855741858482361
574,1083,1085,1175552,-0.4333568811416626,-0.006459223921410739,-43.14999942779541,0.013282355,0.6035665273666382,228.50740685,0.14404296875,2841,300.0,0.0002,0.014015362178906799,0.2,0.4859042763710022
575,1083,1086,1177600,-0.4537636935710907,-0.010113246901892126,-43.18689441680908,0.008602458,0.595723032951355,229.67431925,0.08623046875,2846,300.0,0.0002,0.006319768633693457,0.2,0.48617660999298096
576,1083,1088,1179648,-0.4533415138721466,-0.00886377515271306,-43.22756080627441,0.014606876,0.5159978866577148,230.19349387999998,0.14248046875,2851,300.0,0.0002,0.006579029746353627,0.2,0.48650604486465454
577,1083,1090,1181696,-0.44056859612464905,-0.00871136134956032,-43.268107414245605,0.012630317,0.5505989789962769,228.65424947,0.1166015625,2856,300.0,0.0002,0.008662079880014061,0.2,0.4868406355381012
578,1083,1092,1183744,-0.4479556977748871,-0.009059914457611739,-43.30440845489502,0.009956727,0.6758409738540649,228.02111337999997,0.12802734375,2861,300.0,0.0002,0.008284545131027698,0.2,0.4870489835739136
579,1083,1094,1185792,-0.4524287283420563,-0.009844438405707479,-43.326691436767575,0.011361625,0.6218899488449097,227.96944643000003,0.1275390625,2866,300.0,0.0002,0.007973516965284944,0.2,0.4872322678565979
580,1083,1096,1187840,-0.4517195522785187,-0.008841982367448509,-43.34625949859619,0.007902697,0.6067337989807129,227.96944643000003,0.08056640625,2871,300.0,0.0002,0.006991679850034416,0.2,0.4873262345790863
581,1083,1098,1189888,-0.44744011759757996,-0.005844288301886991,-43.360311126708986,0.00812244,0.20946723222732544,229.10583818000003,0.10322265625,2876,300.0,0.0002,0.005533694196492434,0.2,0.487510621547699
582,1083,1100,1191936,-0.4461762309074402,-0.0089739321032539,-43.38510112762451,0.01048768,0.5894280672073364,228.48229289000002,0.11416015625,2881,300.0,0.0002,0.005805403576232493,0.2,0.4877045452594757
583,1083,1102,1193984,-0.4530254602432251,-0.008259287709370256,-43.40645790100098,0.012353018,0.519165575504303,228.11788189000004,0.11728515625,2886,300.0,0.0002,0.007030260376632213,0.2,0.4878358542919159
584,1083,1104,1196032,-0.44118836522102356,-0.002123904868494719,-43.4203275680542,0.017295105,0.5922849178314209,228.55519604999998,0.18994140625,2891,300.0,0.0002,0.007289185328409076,0.2,0.4879301190376282
585,1083,1106,1198080,-0.44849756360054016,-0.009435821906663477,-43.437682151794434,0.008378372,0.6565803289413452,228.55038430999997,0.12421875,2896,300.0,0.0002,0.006805381295271218,0.2,0.48814740777015686
586,1082,1108,1200128,-0.4395657181739807,-0.008713810448534786,-43.46935615539551,0.011606198,0.637169361114502,228.94250512999994,0.1314453125,2901,300.0,0.0002,0.007938357372768223,0.2,0.48835986852645874
587,1082,1110,1202176,-0.45174768567085266,-0.01088681360706687,-43.49061965942383,0.012384609,0.6433882117271423,228.94250512999994,0.11201171875,2906,300.0,0.0002,0.006754231476224959,0.2,0.4885250926017761
588,1081,1113,1204224,-0.4443434774875641,-0.005339957145042718,-43.51062507629395,0.00881058,0.6324256658554077,228.20264542000004,0.11484375,2911,300.0,0.0002,0.009587565576657653,0.2,0.4886884391307831
589,1081,1115,1206272,-0.4317017197608948,-0.008987867971882224,-43.53445110321045,0.012504228,0.6588318347930908,229.58518816000006,0.13369140625,2916,300.0,0.0002,0.006568355951458216,0.2,0.48889508843421936
590,1081,1117,1208320,-0.4542010426521301,-0.00929248973261565,-43.55704174041748,0.011269925,0.6082314252853394,228.78845705000006,0.121875,2921,300.0,0.0002,0.005608169478364289,0.2,0.48904022574424744
591,1081,1119,1210368,-0.4372860789299011,-0.004718709096778184,-43.57395420074463,0.01159365,0.6346997022628784,226.85707243000002,0.17919921875,2926,300.0,0.0002,0.009025541087612509,0.2,0.48917049169540405
592,1081,1121,1212416,-0.45553043484687805,-0.007093194406479597,-43.594341087341306,0.007356021,0.6732875108718872,227.10235035999997,0.11416015625,2931,300.0,0.0002,0.008622976439073681,0.2,0.48938697576522827
593,1081,1123,1214464,-0.4605872333049774,-0.01139856493100524,-43.63095550537109,0.012267793,0.6396878957748413,228.55645331,0.12783203125,2936,300.0,0.0002,0.008213185146450997,0.2,0.4897366464138031
594,1081,1125,1216512,-0.45382794737815857,-0.008420398342423141,-43.66814212799072,0.00728048,0.5912410616874695,228.55645331,0.1125,2941,300.0,0.0002,0.004161036584991962,0.2,0.48994138836860657
595,1080,1127,1218560,-0.44826191663742065,-0.00821457407437265,-43.69531307220459,0.010332097,0.6893239617347717,228.22144457999994,0.14248046875,2946,300.0,0.0002,0.007246650266461074,0.2,0.4902264475822449
596,1080,1129,1220608,-0.462886780500412,-0.009629459900315851,-43.738870239257814,0.012762953,0.6538698673248291,227.59770625,0.14306640625,2951,300.0,0.0002,0.007292314898222685,0.2,0.49058109521865845
597,1080,1131,1222656,-0.4518853425979614,-0.01032062661834061,-43.78172492980957,0.012395668,0.6675631999969482,228.37802328,0.199609375,2956,300.0,0.0002,0.006935387058183551,0.2,0.4909287691116333
598,1080,1133,1224704,-0.45680609345436096,-0.008196496078744531,-43.81748008728027,0.011621622,0.6957021951675415,228.25186023000003,0.1203125,2961,300.0,0.0002,0.006112092663533986,0.2,0.49111875891685486
599,1080,1135,1226752,-0.44612500071525574,-0.008928125770762563,-43.83670272827148,0.009353664,0.6976525783538818,226.60879091000004,0.1314453125,2966,300.0,0.0002,0.004972697887569666,0.2,0.49128153920173645
600,1080,1137,1228800,-0.45101916790008545,-0.007030135439708829,-43.85710258483887,0.011279661,0.6522505283355713,225.96168147000003,0.11884765625,2971,300.0,0.0002,0.008150492771528661,0.2,0.49142542481422424
601,1080,1139,1230848,-0.4437103271484375,-0.010575511772185565,-43.881535339355466,0.019567594,0.6259251832962036,225.96168147000003,0.17802734375,2976,300.0,0.0002,0.006999424984678626,0.2,0.49169179797172546
602,1080,1141,1232896,-0.45146965980529785,-0.009446198143996299,-43.911590576171875,0.011807142,0.5185680389404297,226.87913064,0.1595703125,2981,300.0,0.0002,0.007269884669221937,0.2,0.49189794063568115
603,1079,1143,1234944,-0.46067553758621216,-0.007565344544127583,-43.940592002868655,0.011056174,0.4288063049316406,226.24516683000002,0.16103515625,2986,300.0,0.0002,0.005143033154308796,0.2,0.4921734035015106
604,1079,1145,1236992,-0.456041157245636,-0.011972433095797897,-43.98048114776611,0.009312966,0.5173845291137695,226.58334430000002,0.12509765625,2991,300.0,0.0002,0.003944566904101521,0.2,0.49255070090293884
605,1079,1147,1239040,-0.4597533047199249,-0.004266872443258763,-44.0228271484375,0.011111226,0.6238767504692078,228.21863901,0.1333984375,2996,300.0,0.0002,0.006546905124559998,0.2,0.4928034245967865
606,1080,1148,1241088,-0.42947420477867126,-0.0038119877378145852,-44.03910827636719,0.0138498945,0.6480913162231445,229.08331756000004,0.18815104166666666,2997,300.0,0.0002,0.008444350212812424,0.2,0.4928223788738251
607,1080,1150,1243136,-0.4474309980869293,-0.0069886203156784175,-44.051167488098145,0.011254192,0.5621389150619507,229.08331756000004,0.144140625,3002,300.0,0.0002,0.0060135592240840195,0.2,0.49300745129585266
608,1080,1152,1245184,-0.4551425576210022,-0.009856810932978988,-44.075927352905275,0.014623968,0.5745794177055359,229.30454100000003,0.15068359375,3007,300.0,0.0002,0.0073082551127299665,0.2,0.49321216344833374
609,1079,1155,1247232,-0.466185063123703,-0.009772796090692282,-44.09735317230225,0.011120064,0.6751083731651306,228.76733891999996,0.116015625,3012,300.0,0.0002,0.007178482250310481,0.2,0.4933309555053711
610,1079,1156,1249280,-0.4477129876613617,-0.0042967768386006355,-44.11323571205139,0.025507791,0.5867434740066528,229.50596566000002,0.225830078125,3016,300.0,0.0002,0.006338340870570391,0.2,0.49349573254585266
611,1079,1159,1251328,-0.4610995352268219,-0.011235479824244976,-44.14100227355957,0.010763713,0.5428639650344849,231.03959843,0.11708984375,3021,300.0,0.0002,0.006749329972080886,0.2,0.4937809407711029
612,1079,1161,1253376,-0.4648692309856415,-0.01056214952841401,-44.17502346038818,0.011616313,0.5879371166229248,231.12734761999997,0.13369140625,3026,300.0,0.0002,0.005641760886646807,0.2,0.4940037429332733
613,1079,1163,1255424,-0.4608592391014099,-0.01087843228597194,-44.20148944854736,0.011436611,0.6150224804878235,231.0190816,0.14873046875,3031,300.0,0.0002,0.006175980158150196,0.2,0.4942416548728943
614,1078,1165,1257472,-0.45448997616767883,-0.010120991175062955,-44.23064079284668,0.012251065,0.6054800748825073,231.0190816,0.10439453125,3036,300.0,0.0002,0.009283050172962248,0.2,0.49444639682769775
615,1078,1167,1259520,-0.45824992656707764,-0.012056528870016337,-44.264655685424806,0.011121599,0.5586890578269958,230.11274315,0.1138671875,3041,300.0,0.0002,0.011765283206477762,0.2,0.4948541522026062
616,1078,1169,1261568,-0.45966988801956177,-0.011386582197155803,-44.31520729064941,0.012764897,0.5924785137176514,230.40070677,0.12275390625,3046,300.0,0.0002,0.005247771134600043,0.2,0.495216429233551
617,1078,1172,1263616,-0.46026715636253357,-0.010241608321666717,-44.35234203338623,0.011015171,0.5742111206054688,229.94246310999998,0.1359375,3051,300.0,0.0002,0.007201903942041099,0.2,0.49544546008110046
618,1077,1174,1265664,-0.45738160610198975,-0.008352312014903874,-44.37868747711182,0.013911291,0.628376841545105,229.85691753999998,0.12685546875,3056,300.0,0.0002,0.005999581469222903,0.2,0.49566036462783813
619,1077,1176,1267712,-0.47366413474082947,-0.010193058243021368,-44.40163650512695,0.015754823,0.6660537719726562,229.54957468,0.0974609375,3061,300.0,0.0002,0.004049141169525683,0.2,0.49576956033706665
620,1077,1178,1269760,-0.46072065830230713,-0.007627183385193348,-44.411305618286136,0.008697635,0.5928400754928589,230.35374792,0.09150390625,3066,300.0,0.0002,0.005317897303029895,0.2,0.49582886695861816
621,1076,1181,1271808,-0.4531504809856415,-0.009473653160966933,-44.42494125366211,0.0138677135,0.6708501577377319,230.35374792,0.11220703125,3071,300.0,0.0002,0.00588874351233244,0.2,0.49602964520454407
622,1076,1183,1273856,-0.4727065861225128,-0.011961942398920655,-44.45342311859131,0.011164241,0.4869053363800049,231.55740113,0.1568359375,3076,300.0,0.0002,0.006654761685058475,0.2,0.49623221158981323
623,1076,1185,1275904,-0.45583200454711914,-0.005045094958040864,-44.48051013946533,0.013686827,0.6360227465629578,231.99311132,0.14072265625,3081,300.0,0.0002,0.009251598361879587,0.2,0.49649733304977417
624,1075,1187,1277952,-0.454915851354599,-0.006189992860890925,-44.51712341308594,0.010555059,0.6577837467193604,229.43752735,0.0978515625,3086,300.0,0.0002,0.008614501357078553,0.2,0.49680206179618835
625,1075,1190,1280000,-0.45407578349113464,-0.009865385969169438,-44.54613189697265,0.007908452,0.6842358112335205,229.58145949000004,0.117578125,3091,300.0,0.0002,0.008080254239030183,0.2,0.4969390034675598
626,1075,1192,1282048,-0.4562343657016754,-0.011257205298170448,-44.566275405883786,0.012753752,0.6751553416252136,228.62928796999998,0.14921875,3096,300.0,0.0002,0.008125599031336606,0.2,0.4971892833709717
627,1075,1194,1284096,-0.45553046464920044,-0.013052191026508808,-44.59130458831787,0.013458125,0.6035209894180298,230.05464947999997,0.1384765625,3101,300.0,0.0002,0.009835085226222872,0.2,0.4972817301750183
628,1075,1195,1286144,-0.47123196721076965,-0.009737457754090429,-44.606865119934085,0.013225951,0.5739096999168396,230.05464947999997,0.1181640625,3106,300.0,0.0002,0.0056501897983253,0.2,0.4975321888923645
629,1075,1197,1288192,-0.46564123034477234,-0.009820382716134191,-44.647692108154295,0.009047222,0.6151657104492188,230.64933668,0.10078125,3111,300.0,0.0002,0.010778674110770225,0.2,0.49787190556526184
630,1075,1199,1290240,-0.4684619903564453,-0.012794929975643753,-44.69187335968017,0.01352652,0.6857422590255737,229.99607092,0.14150390625,3116,300.0,0.0002,0.005835730419494212,0.2,0.4982633888721466
631,1075,1201,1292288,-0.46087491512298584,-0.009596642898395657,-44.73646430969238,0.014729011,0.6856082677841187,230.52374808000002,0.128125,3121,300.0,0.0002,0.0065151584101840855,0.2,0.49858027696609497
632,1075,1203,1294336,-0.46927574276924133,-0.011885022581554949,-44.76666469573975,0.009391643,0.6762581467628479,230.32855017000003,0.107421875,3126,300.0,0.0002,0.007093639043159783,0.2,0.4987557828426361
633,1075,1205,1296384,-0.4635257422924042,-0.00799131952226162,-44.791625785827634,0.010985319,0.6220734119415283,229.36996284000006,0.096875,3131,300.0,0.0002,0.0078124258201569315,0.2,0.49905338883399963
634,1075,1206,1298432,-0.4705609083175659,-0.011877438891679049,-44.836303520202634,0.011686644,0.5862348675727844,229.04921501999996,0.1328125,3136,300.0,0.0002,0.009868059027940034,0.2,0.49939826130867004
635,1075,1208,1300480,-0.4645558297634125,-0.006290754268411547,-44.87785587310791,0.012031198,0.610385537147522,229.04921501999996,0.13427734375,3141,300.0,0.0002,0.0070454210741445426,0.2,0.4997263252735138
636,1075,1210,1302528,-0.4650289714336395,-0.007838283921591938,-44.914925765991214,0.009916141,0.6247413754463196,227.66086744999996,0.12626953125,3146,300.0,0.0002,0.007220142404548824,0.2,0.500024139881134
637,1075,1212,1304576,-0.46221551299095154,-0.012000143132172524,-44.95387573242188,0.012969872,0.6767370104789734,226.51849092,0.10927734375,3151,300.0,0.0002,0.005850448017008602,0.2,0.5003283023834229
638,1076,1214,1306624,-0.4680117070674896,-0.005910892691463232,-44.98672313690186,0.009090902,0.6526809930801392,226.78125031,0.13837890625,3156,300.0,0.0002,0.006562368618324399,0.2,0.5005641579627991
639,1076,1216,1308672,-0.4645939767360687,-0.009678705537226051,-45.00808830261231,0.008363463,0.6245211958885193,226.76466302,0.11064453125,3161,300.0,0.0002,0.007856307551264763,0.2,0.5006558299064636
640,1076,1217,1310720,-0.46197938919067383,-0.00869506187736988,-45.01727848052978,0.009372086,0.5799559354782104,225.93873332000004,0.1291015625,3166,300.0,0.0002,0.005735930125229061,0.2,0.5007718205451965
641,1076,1219,1312768,-0.46870896220207214,-0.008326151652727275,-45.032192611694335,0.009332322,0.5698343515396118,225.93873332000004,0.1009765625,3171,300.0,0.0002,0.006012187479063869,0.2,0.500916063785553
642,1076,1221,1314816,-0.4643559455871582,-0.009565407177433372,-45.06009635925293,0.0120205,0.7253223657608032,226.03701132999998,0.11552734375,3176,300.0,0.0002,0.009559646854177118,0.2,0.5012558102607727
643,1076,1223,1316864,-0.45832905173301697,-0.007862226944416762,-45.101576232910155,0.020350154,0.5577375888824463,225.43263841,0.14716796875,3181,300.0,0.0002,0.008050315198488533,0.2,0.5015536546707153
644,1076,1225,1318912,-0.46802446246147156,-0.005518007045611739,-45.13140106201172,0.016154306,0.6375175714492798,225.63486481000004,0.16640625,3186,300.0,0.0002,0.009116722457110881,0.2,0.5017579197883606
645,1076,1227,1320960,-0.4642745554447174,-0.012372390669770538,-45.156226539611815,0.016298264,0.5234820246696472,225.70499608000003,0.14931640625,3191,300.0,0.0002,0.008489359845407307,0.2,0.5019581317901611
646,1076,1228,1323008,-0.4665983021259308,-0.0054899880196899176,-45.176542091369626,0.011326918,0.6369621753692627,225.83791703000003,0.16357421875,3196,300.0,0.0002,0.008156045735813678,0.2,0.5020846128463745
647,1076,1230,1325056,-0.46329542994499207,-0.01255799732170999,-45.198828125,0.014738783,0.6701472997665405,225.08067987000007,0.154296875,3201,300.0,0.0002,0.009043188439682126,0.2,0.502362072467804
648,1076,1232,1327104,-0.4640989899635315,-0.010118569852784276,-45.23254337310791,0.009550063,0.5886877775192261,225.08067987000007,0.09677734375,3206,300.0,0.0002,0.0078096983954310415,0.2,0.5025882124900818
649,1076,1234,1329152,-0.46841415762901306,-0.006166476872749627,-45.25393791198731,0.00891448,0.5359072685241699,224.02643766,0.1248046875,3211,300.0,0.0002,0.006480875099077821,0.2,0.5027089715003967
650,1076,1236,1331200,-0.47492867708206177,-0.010445017646998168,-45.26810626983642,0.010130851,0.4601396322250366,225.50317156999998,0.108984375,3216,300.0,0.0002,0.004445612488780171,0.2,0.5028510093688965
651,1076,1238,1333248,-0.4657495617866516,-0.007228275248780847,-45.288594245910645,0.009867499,0.6471796631813049,225.56913259,0.0931640625,3221,300.0,0.0002,0.005790418479591608,0.2,0.503072202205658
652,1076,1240,1335296,-0.4629323482513428,-0.0026447243290022016,-45.31840419769287,0.007876854,0.6248902082443237,226.09312825,0.16220703125,3226,300.0,0.0002,0.006176621001213789,0.2,0.5032735466957092
653,1076,1242,1337344,-0.4583190381526947,-0.007879581092856825,-45.34241237640381,0.01613406,0.6114832162857056,225.41839277000003,0.1556640625,3231,300.0,0.0002,0.007697844528593123,0.2,0.5035229325294495
654,1076,1244,1339392,-0.4511858820915222,-0.007053741277195514,-45.376617431640625,0.011402515,0.6422954797744751,224.88080492,0.14111328125,3236,300.0,0.0002,0.00987498196773231,0.2,0.5038108229637146
655,1076,1245,1341440,-0.47105643153190613,-0.008427508966997265,-45.41444110870361,0.010197088,0.5436563491821289,224.88080492,0.1015625,3241,300.0,0.0002,0.006702946568839252,0.2,0.5041846632957458
656,1076,1247,1343488,-0.4658326804637909,-0.010312401386909188,-45.45900402069092,0.011349602,0.6361383199691772,224.82179911,0.103125,3246,300.0,0.0002,0.009774037869647145,0.2,0.5044712424278259
657,1076,1249,1345536,-0.4802187979221344,-0.00988570023328066,-45.48460502624512,0.011525516,0.5956056118011475,224.66705163999998,0.11904296875,3251,300.0,0.0002,0.008159782830625772,0.2,0.5046096444129944
658,1077,1251,1347584,-0.47432395815849304,-0.012204689346253872,-45.50134048461914,0.014135703,0.5792346596717834,224.47482859,0.1291015625,3256,300.0,0.0002,0.007418699958361685,0.2,0.5047724843025208
659,1077,1253,1349632,-0.4725961983203888,-0.00967855507042259,-45.52290840148926,0.016322868,0.5675853490829468,225.29047656000006,0.16875,3261,300.0,0.0002,0.0057627002242952585,0.2,0.5049172639846802
660,1077,1254,1351680,-0.47733914852142334,-0.00988860895158723,-45.53732624053955,0.012067903,0.637545108795166,225.12174192000003,0.0888671875,3266,300.0,0.0002,0.006018892745487392,0.2,0.5050073266029358
661,1077,1256,1353728,-0.4675518870353699,-0.006947408430278301,-45.548153686523435,0.008409148,0.6071141958236694,226.01610406,0.13037109375,3271,300.0,0.0002,0.008139200997538865,0.2,0.5051140189170837
662,1077,1258,1355776,-0.4718875288963318,-0.011562365968711675,-45.57245807647705,0.013208576,0.568087637424469,226.01610406,0.14189453125,3276,300.0,0.0002,0.0066759306471794845,0.2,0.5054447054862976
663,1077,1260,1357824,-0.46930956840515137,-0.010671082441695035,-45.613433265686034,0.009233904,0.5801874399185181,225.50708081999997,0.1173828125,3281,300.0,0.0002,0.009989386098459363,0.2,0.5057048201560974
664,1077,1262,1359872,-0.48061811923980713,-0.01078747995197773,-45.64087562561035,0.015469571,0.5295295715332031,225.55137199000004,0.17470703125,3286,300.0,0.0002,0.005062239919789135,0.2,0.5059214234352112
665,1077,1264,1361920,-0.46896374225616455,-0.000990883493795991,-45.67133617401123,0.0096887695,0.6037254333496094,225.09502028999995,0.1814453125,3291,300.0,0.0002,0.008208740595728159,0.2,0.5061892867088318
666,1077,1266,1363968,-0.4692140519618988,-0.009245551284402609,-45.704308700561526,0.010059089,0.6557862758636475,224.70302081999998,0.119921875,3296,300.0,0.0002,0.009860126115381718,0.2,0.5064540505409241
667,1077,1268,1366016,-0.47636574506759644,-0.014153079467359931,-45.73866081237793,0.011386708,0.6300191283226013,226.94871037000001,0.13359375,3301,300.0,0.0002,0.006530576944351196,0.2,0.5067518949508667
668,1077,1269,1368064,-0.48306843638420105,-0.01217349860817194,-45.768785095214845,0.013022316,0.622617244720459,226.19545234999998,0.1212890625,3306,300.0,0.0002,0.004917805548757315,0.2,0.5069283246994019
669,1077,1271,1370112,-0.47985315322875977,-0.007095518917776644,-45.78868942260742,0.01496072,0.6251175999641418,226.19545234999998,0.15283203125,3311,300.0,0.0002,0.006556953815743327,0.2,0.5070953965187073
670,1077,1273,1372160,-0.4794626832008362,-0.009782985097263008,-45.81056518554688,0.013206863,0.45672911405563354,227.37809968,0.14638671875,3316,300.0,0.0002,0.006692139944061637,0.2,0.5072696208953857
671,1077,1275,1374208,-0.47539159655570984,-0.01001740102074109,-45.83784561157226,0.013624183,0.5281445980072021,227.41681018,0.15419921875,3321,300.0,0.0002,0.009164935979060828,0.2,0.5075757503509521
672,1077,1277,1376256,-0.45871153473854065,-0.008590528112836181,-45.87665996551514,0.013348243,0.6279293298721313,227.54138140000003,0.15400390625,3326,300.0,0.0002,0.009060005145147442,0.2,0.5078578591346741
673,1077,1278,1378304,-0.47904184460639954,-0.010117201274260879,-45.90456638336182,0.0072064777,0.5856361389160156,227.70997767,0.09365234375,3331,300.0,0.0002,0.0071566177299246195,0.2,0.50802081823349
674,1077,1280,1380352,-0.4518904983997345,-0.007662046980112791,-45.9260757446289,0.016832545,0.5854117274284363,227.35554036000005,0.152734375,3336,300.0,0.0002,0.009692681021988392,0.2,0.508225679397583
675,1077,1282,1382400,-0.47282859683036804,-0.009969344898127019,-45.95351696014404,0.009723813,0.6332929134368896,228.20107286,0.1068359375,3341,300.0,0.0002,0.008136673318222164,0.2,0.5084454417228699
676,1077,1284,1384448,-0.4828494191169739,-0.007216633949428797,-45.982401847839355,0.012933247,0.675129771232605,228.20107286,0.142578125,3346,300.0,0.0002,0.005965118133462966,0.2,0.5087346434593201
677,1078,1286,1386496,-0.4664354622364044,-0.009884021244943142,-46.022003173828125,0.0149000585,0.5582530498504639,228.54613906999998,0.15400390625,3351,300.0,0.0002,0.007921634707599878,0.2,0.5090429782867432
678,1078,1287,1388544,-0.4742809534072876,-0.007723161741159857,-46.05241928100586,0.012123985,0.5346827507019043,227.98440483000002,0.11376953125,3356,300.0,0.0002,0.0052021840587258335,0.2,0.5092588663101196
679,1078,1289,1390592,-0.47644680738449097,-0.012914227624423801,-46.0772144317627,0.015213849,0.6288765668869019,227.47526848,0.15205078125,3361,300.0,0.0002,0.009575273096561431,0.2,0.5094595551490784
680,1077,1292,1392640,-0.4778819680213928,-0.006259372679051012,-46.1028549194336,0.017084068,0.6744717359542847,227.70493034,0.16943359375,3366,300.0,0.0002,0.009137898031622172,0.2,0.5096946954727173
681,1077,1293,1394688,-0.4756111800670624,-0.0047502810135483745,-46.12892780303955,0.010445431,0.6092138886451721,227.2454232,0.16640625,3371,300.0,0.0002,0.006075113778933883,0.2,0.5098909139633179
682,1077,1295,1396736,-0.47728878259658813,-0.006387385737616569,-46.15248527526855,0.0119855795,0.48256462812423706,227.2454232,0.13369140625,3376,300.0,0.0002,0.006237758114002645,0.2,0.5100823044776917
683,1077,1297,1398784,-0.4881616234779358,-0.01093144016340375,-46.179198837280275,0.0101250615,0.5422239899635315,225.93186011,0.11142578125,3381,300.0,0.0002,0.007601200649514794,0.2,0.5103867650032043
684,1077,1299,1400832,-0.4722215533256531,-0.006400636350736022,-46.217374610900876,0.013601307,0.6388624906539917,226.97165062999997,0.1669921875,3386,300.0,0.0002,0.009037260338664055,0.2,0.5106350183486938
685,1078,1300,1402880,-0.46213817596435547,-0.00815246906131506,-46.2347480228969,0.027527492,0.5464779138565063,226.76245709999995,0.13099888392857142,3390,300.0,0.0002,0.007660307089931199,0.2,0.5107194185256958
686,1078,1302,1404928,-0.47874075174331665,-0.013140587555244564,-46.257650184631345,0.018646115,0.6474497318267822,227.13735818,0.16015625,3395,300.0,0.0002,0.010247151460498571,0.2,0.5110518336296082
687,1078,1304,1406976,-0.4799944758415222,-0.01147730234079063,-46.30211715698242,0.012063312,0.6171826124191284,226.31732678,0.1423828125,3400,300.0,0.0002,0.008831471623852848,0.2,0.5114338397979736
688,1078,1306,1409024,-0.4850645661354065,-0.011390578909777105,-46.34786109924316,0.018739931,0.5225574970245361,226.36594112999995,0.16728515625,3405,300.0,0.0002,0.007471536053344607,0.2,0.5118049383163452
689,1078,1307,1411072,-0.4800487160682678,-0.006213753926567733,-46.38531074523926,0.009877442,0.5317776799201965,226.36594112999995,0.14091796875,3410,300.0,0.0002,0.007977354782633483,0.2,0.5120319128036499
690,1078,1309,1413120,-0.48255428671836853,-0.010419447370804847,-46.409593963623045,0.0080437,0.5910151600837708,226.86245910000002,0.1017578125,3415,300.0,0.0002,0.007133717485703528,0.2,0.512214183807373
691,1078,1311,1415168,-0.47264957427978516,-0.008242067263927311,-46.430824279785156,0.010431526,0.6173138618469238,227.1446509,0.14111328125,3420,300.0,0.0002,0.005901505146175623,0.2,0.5123512148857117
692,1079,1313,1417216,-0.48294079303741455,-0.012575192656368018,-46.45025691986084,0.014880745,0.5975435376167297,227.73107757000002,0.134765625,3425,300.0,0.0002,0.0074065267108380795,0.2,0.5125898122787476
693,1079,1315,1419264,-0.4750164747238159,-0.008930974500253796,-46.486420440673825,0.0128584765,0.6773000955581665,227.94898443999998,0.1416015625,3430,300.0,0.0002,0.008181553403846919,0.2,0.5129395127296448
694,1079,1317,1421312,-0.47450435161590576,-0.01189289502799511,-46.52939319610596,0.01041051,0.6679161787033081,227.99452575000004,0.1263671875,3435,300.0,0.0002,0.0074998748954385516,0.2,0.5133103132247925
695,1079,1318,1423360,-0.47580060362815857,-0.00885930887889117,-46.564285850524904,0.0105332965,0.6934914588928223,228.27367697999998,0.08212890625,3440,300.0,0.0002,0.00637228072155267,0.2,0.513462483882904
696,1079,1320,1425408,-0.4876028299331665,-0.008325581206008792,-46.57877540588379,0.013553667,0.5695087313652039,228.27367697999998,0.1408203125,3445,300.0,0.0002,0.006064985622651875,0.2,0.5136464834213257
697,1080,1321,1427456,-0.43872636556625366,0.009530824376270175,-46.593515396118164,0.01509275,0.44858813285827637,229.55525113000004,0.19189453125,3446,300.0,0.0002,0.006149362190626562,0.2,0.5136744379997253
698,1080,1323,1429504,-0.48234453797340393,-0.012213363475166262,-46.607201957702635,0.013322363,0.5860595703125,228.98366102000003,0.1423828125,3451,300.0,0.0002,0.006855935882776975,0.2,0.5139000415802002
699,1080,1325,1431552,-0.48174285888671875,-0.011973820300772786,-46.63985633850098,0.015484249,0.689543604850769,229.50064922,0.16318359375,3456,300.0,0.0002,0.007206991827115416,0.2,0.5142078399658203
700,1079,1327,1433600,-0.48038235306739807,-0.008528038021177053,-46.66728897094727,0.013501895,0.5575671195983887,229.75611862000002,0.13515625,3461,300.0,0.0002,0.0064557934878394,0.2,0.514333963394165
701,1080,1329,1435648,-0.47648391127586365,-0.010835502983536572,-46.68411407470703,0.013759714,0.5805668830871582,229.07240179999997,0.16533203125,3466,300.0,0.0002,0.006729772803373635,0.2,0.5145964026451111
702,1080,1331,1437696,-0.47625064849853516,-0.004992755118291825,-46.72369956970215,0.01354828,0.5805732011795044,229.97584128999998,0.13037109375,3471,300.0,0.0002,0.0074954106705263255,0.2,0.514914870262146
703,1080,1332,1439744,-0.48408231139183044,-0.012211388815194369,-46.76174125671387,0.0117375925,0.6155179738998413,229.97584128999998,0.121875,3476,300.0,0.0002,0.007588582648895681,0.2,0.5152390003204346
704,1080,1334,1441792,-0.48033857345581055,-0.006946001062169671,-46.79237384796143,0.0084243715,0.6293801069259644,230.45094287,0.14921875,3481,300.0,0.0002,0.010210900474339724,0.2,0.5154300332069397
705,1080,1335,1443840,-0.4630996584892273,-0.0022931604513100217,-46.810367584228516,0.031080263,0.5158114433288574,230.18555139999998,0.18526785714285715,3485,300.0,0.0002,0.006174691387319139,0.2,0.5155748128890991
706,1080,1337,1445888,-0.48614221811294556,-0.008689825842157006,-46.835088920593265,0.010584528,0.4390307664871216,231.11057619,0.1419921875,3490,300.0,0.0002,0.007515030936338008,0.2,0.5158538222312927
707,1080,1339,1447936,-0.4896206557750702,-0.013036700524389743,-46.87270793914795,0.014893716,0.6185802221298218,230.49454033,0.12158203125,3495,300.0,0.0002,0.00632076954934746,0.2,0.5162215828895569
708,1081,1341,1449984,-0.4847569167613983,-0.005723673128522932,-46.91547107696533,0.00923762,0.5682135224342346,230.51348761,0.151953125,3500,300.0,0.0002,0.006759448093362153,0.2,0.5165344476699829
709,1081,1343,1452032,-0.48576825857162476,-0.010540122841484844,-46.94600296020508,0.014889682,0.6019785404205322,232.26172453999996,0.16396484375,3505,300.0,0.0002,0.007160106883384287,0.2,0.516740620136261
710,1081,1345,1454080,-0.49752649664878845,-0.010288169560953974,-46.96467399597168,0.014884528,0.5767691135406494,232.26172453999996,0.13193359375,3510,300.0,0.0002,0.006499703275039792,0.2,0.5168748497962952
711,1080,1347,1456128,-0.4974927604198456,-0.011801657895557583,-46.985283279418944,0.012506806,0.5311839580535889,230.87502091000002,0.11875,3515,300.0,0.0002,0.008585607027634978,0.2,0.5171018838882446
712,1080,1348,1458176,-0.48027536273002625,-0.007654387992806733,-47.01541442871094,0.015835823,0.6126471757888794,228.63036326999998,0.19375,3520,300.0,0.0002,0.009345511440187693,0.2,0.5173307657241821
713,1081,1350,1460224,-0.4858626127243042,-0.007077458873391151,-47.03876857757568,0.01318572,0.6281628608703613,229.02887102,0.13193359375,3525,300.0,0.0002,0.007122245500795543,0.2,0.5174769163131714
714,1080,1352,1462272,-0.4877060353755951,-0.009515956742689013,-47.058913230895996,0.012697032,0.6574341654777527,228.28067529,0.11064453125,3530,300.0,0.0002,0.006937747146002949,0.2,0.5177022218704224
715,1080,1354,1464320,-0.4943038821220398,-0.007887102104723454,-47.086974143981934,0.01979484,0.6051096320152283,228.85264573000003,0.165234375,3535,300.0,0.0002,0.006087308702990413,0.2,0.5179358720779419
716,1081,1356,1466368,-0.48964738845825195,-0.007004585326649248,-47.117492294311525,0.008687881,0.6031092405319214,228.85264573000003,0.150390625,3540,300.0,0.0002,0.004362103214953094,0.2,0.518223226070404
717,1080,1358,1468416,-0.4767228662967682,-0.007688913983292878,-47.15014019012451,0.011554745,0.5148630142211914,228.51372338000002,0.1470703125,3545,300.0,0.0002,0.006074690609239042,0.2,0.5185077786445618
718,1080,1360,1470464,-0.48772379755973816,-0.012297544814646243,-47.18379573822021,0.010159101,0.6039555668830872,229.33993549,0.1287109375,3550,300.0,0.0002,0.005343313794583082,0.2,0.5187272429466248
719,1080,1362,1472512,-0.49163442850112915,-0.007543587265536189,-47.203870582580564,0.012152477,0.533369243144989,228.72295825999998,0.1525390625,3555,300.0,0.0002,0.008255699276924133,0.2,0.5188857316970825
720,1080,1364,1474560,-0.4767981469631195,-0.006404273747466505,-47.22589378356933,0.012789217,0.5042120814323425,228.17845425,0.16162109375,3560,300.0,0.0002,0.006655004387721419,0.2,0.5191145539283752
721,1080,1366,1476608,-0.48361173272132874,-0.009356435900554062,-47.262925720214845,0.009793842,0.5163036584854126,228.06801037000002,0.09248046875,3565,300.0,0.0002,0.006108148186467588,0.2,0.5195488333702087
722,1080,1368,1478656,-0.4843243956565857,-0.006413516262546182,-47.311658668518064,0.009857087,0.5354677438735962,228.46437926000002,0.12734375,3570,300.0,0.0002,0.00562436596956104,0.2,0.5198727250099182
723,1080,1370,1480704,-0.48469242453575134,-0.009467451507225633,-47.34658355712891,0.008259429,0.6432020664215088,228.46437926000002,0.0974609375,3575,300.0,0.0002,0.006275130854919553,0.2,0.5201757550239563
724,1080,1372,1482752,-0.4922517240047455,-0.010432402091100811,-47.37615432739258,0.012975503,0.6429503560066223,228.63595350000003,0.122265625,3580,300.0,0.0002,0.008276498736813664,0.2,0.5203378796577454
725,1080,1374,1484800,-0.4842749536037445,-0.0094542539678514,-47.390929222106934,0.012436412,0.6003143787384033,228.36931108000002,0.13759765625,3585,300.0,0.0002,0.006922031310386956,0.2,0.5205050110816956
726,1080,1375,1486848,-0.49496033787727356,-0.011647991789504885,-47.41434783935547,0.010025139,0.6353455185890198,229.45291393,0.12509765625,3590,300.0,0.0002,0.007556295953691006,0.2,0.5207305550575256
727,1080,1378,1488896,-0.4873241186141968,-0.008798086666502059,-47.4445499420166,0.0125318235,0.7214585542678833,228.66056680999998,0.1291015625,3595,300.0,0.0002,0.008136653364636004,0.2,0.521016001701355
728,1080,1380,1490944,-0.4968191981315613,-0.012350490526296198,-47.48203372955322,0.01347121,0.6802836656570435,229.18598869,0.130078125,3600,300.0,0.0002,0.0069149089977145195,0.2,0.5213459134101868
729,1080,1382,1492992,-0.5020420551300049,-0.010456552356481552,-47.52124443054199,0.011797948,0.7100694179534912,227.84128773999998,0.1166015625,3605,300.0,0.0002,0.005910842679440975,0.2,0.5217108726501465
730,1080,1383,1495040,-0.4968903660774231,-0.011579314526170493,-47.56103801727295,0.012521214,0.6595699787139893,227.84128773999998,0.13603515625,3610,300.0,0.0002,0.006600448675453663,0.2,0.5219907164573669
731,1080,1385,1497088,-0.49620702862739563,-0.010438462044112385,-47.59375171661377,0.010664874,0.570858895778656,228.67494415999997,0.13291015625,3615,300.0,0.0002,0.005233704647980631,0.2,0.5222755074501038
732,1081,1386,1499136,-0.46394622325897217,-0.0013868083796379242,-47.619550531560726,0.021676315,0.6041914224624634,228.24197655,0.13103693181818182,3618,300.0,0.0002,0.008205786093392155,0.2,0.5224226713180542
733,1080,1389,1501184,-0.46483394503593445,-0.007609132840298116,-47.65470600128174,0.020331107,0.6708559393882751,228.64598601,0.192578125,3623,300.0,0.0002,0.007145422231405974,0.2,0.5228721499443054
734,1080,1391,1503232,-0.4929685890674591,-0.00825984391849488,-47.70023727416992,0.012012978,0.6534560918807983,228.68531158000002,0.126171875,3628,300.0,0.0002,0.008112008264288307,0.2,0.5231789946556091
735,1079,1393,1505280,-0.4842322766780853,-0.009110638219863177,-47.73613510131836,0.012718312,0.679648756980896,229.14831762000003,0.13515625,3633,300.0,0.0002,0.008031904697418213,0.2,0.5235931277275085
736,1080,1395,1507328,-0.4718431830406189,-0.0024228861386125736,-47.7793627652255,0.021927573,0.6218022704124451,229.51322575999998,0.16779119318181818,3636,300.0,0.0002,0.0073169768703254786,0.2,0.5238209366798401
737,1079,1398,1509376,-0.4768705368041992,-0.008406879473477602,-47.807694816589354,0.022623438,0.511393666267395,229.51322575999998,0.19501953125,3641,300.0,0.0002,0.00394471304025501,0.2,0.5240738987922668
738,1078,1400,1511424,-0.4901740252971649,-0.009331814595498145,-47.83360843658447,0.009684903,0.5975963473320007,229.55049014999997,0.105859375,3646,300.0,0.0002,0.004408752336166799,0.2,0.524264395236969
739,1078,1402,1513472,-0.4867744743824005,-0.009429575130343437,-47.850649452209474,0.015123684,0.6242121458053589,229.91528908999996,0.12216796875,3651,300.0,0.0002,0.00623193783685565,0.2,0.5243550539016724
740,1078,1404,1515520,-0.49362337589263916,-0.01182338639628142,-47.870306205749515,0.011651391,0.6841220855712891,230.69294841999996,0.12255859375,3656,300.0,0.0002,0.004879341926425695,0.2,0.5246372818946838
741,1078,1406,1517568,-0.491996169090271,-0.0033095000932614007,-47.90234353807237,0.02573629,0.636598527431488,230.31979347999996,0.1801215277777778,3661,300.0,0.0002,0.006705654629816611,0.2,0.5248344540596008
742,1078,1408,1519616,-0.48163896799087524,-0.00420273516792804,-47.921535682678225,0.01569609,0.6192079186439514,230.32083028999998,0.13271484375,3666,300.0,0.0002,0.007188134221360087,0.2,0.5249988436698914
743,1078,1410,1521664,-0.49038636684417725,-0.011873512878082693,-47.94213924407959,0.01078505,0.631247878074646,232.08836983999998,0.1435546875,3671,300.0,0.0002,0.006231040949933231,0.2,0.5251843929290771
744,1078,1413,1523712,-0.4894201457500458,-0.007472263905219734,-47.969924736022946,0.013810627,0.5873481035232544,232.08836983999998,0.15439453125,3676,300.0,0.0002,0.00555165451951325,0.2,0.5254584550857544
745,1078,1415,1525760,-0.4944855272769928,-0.009172269096598028,-47.99768486022949,0.012525026,0.6109039783477783,232.26379762999997,0.13984375,3681,300.0,0.0002,0.007639226643368602,0.2,0.525650680065155
746,1077,1417,1527808,-0.5015295743942261,-0.013182349363341927,-48.026918983459474,0.0100971535,0.5330505967140198,232.76281809,0.1216796875,3686,300.0,0.0002,0.007564491755329072,0.2,0.5259683728218079
747,1077,1419,1529856,-0.49857914447784424,-0.004834825685247779,-48.06548290252685,0.021035574,0.6378965377807617,230.58655735000005,0.187109375,3691,300.0,0.0002,0.0074236985528841615,0.2,0.5262369513511658
748,1077,1421,1531904,-0.4839684069156647,-0.007096855342388153,-48.09323654174805,0.013214181,0.632142186164856,230.29435985,0.1611328125,3696,300.0,0.0002,0.007984792045317591,0.2,0.5264913439750671
749,1077,1423,1533952,-0.4875047504901886,-0.00854607867076993,-48.122216033935544,0.0136601785,0.67628014087677,230.75398323,0.17490234375,3701,300.0,0.0002,0.005832726997323334,0.2,0.5267131924629211
750,1077,1426,1536000,-0.4960838258266449,-0.011008287221193314,-48.144937896728514,0.012601217,0.6483573317527771,229.70928184000005,0.10263671875,3706,300.0,0.0002,0.0071126597467809916,0.2,0.5268951654434204
751,1077,1427,1538048,-0.4905000329017639,-0.006119857239536941,-48.17525730133057,0.016532162,0.5950667262077332,229.70928184000005,0.1546875,3711,300.0,0.0002,0.008257501455955208,0.2,0.5272548198699951
752,1076,1430,1540096,-0.49140018224716187,-0.005685088702011854,-48.21614303588867,0.011012603,0.6245073080062866,230.15834747,0.116796875,3716,300.0,0.0002,0.006068343878723681,0.2,0.5275249481201172
753,1076,1431,1542144,-0.4928261339664459,-0.006617812742479146,-48.244049072265625,0.01564037,0.6717216968536377,229.73512549999998,0.1642578125,3721,300.0,0.0002,0.005941599444486201,0.2,0.5277723670005798
754,1076,1433,1544192,-0.489827424287796,-0.012107401224784552,-48.27171306610107,0.011876385,0.6642757654190063,229.72684063,0.12939453125,3726,300.0,0.0002,0.007104683737270534,0.2,0.5279753804206848
755,1076,1436,1546240,-0.5012056231498718,-0.010034777130931616,-48.29771556854248,0.015856666,0.6584508419036865,229.51468286,0.16943359375,3731,300.0,0.0002,0.008000774635002017,0.2,0.5282337665557861
756,1076,1438,1548288,-0.4842997193336487,-0.004353396990336478,-48.326697540283206,0.015130265,0.6480053067207336,229.28177312,0.15771484375,3736,300.0,0.0002,0.008940040646120907,0.2,0.5284520983695984
757,1076,1440,1550336,-0.4922790825366974,-0.0006926359608769416,-48.34701061248779,0.008308106,0.6317594647407532,229.28177312,0.1640625,3741,300.0,0.0002,0.011586270527914166,0.2,0.5285819172859192
758,1076,1441,1552384,-0.47869086265563965,-0.0011973832423488298,-48.36073328653971,0.024727723,0.5273040533065796,228.69815604,0.185546875,3745,300.0,0.0002,0.007892959906409184,0.2,0.5286800265312195
759,1076,1443,1554432,-0.48432785272598267,-0.004354030312970281,-48.37546939849854,0.009469612,0.607032835483551,228.35455695000002,0.16416015625,3750,300.0,0.0002,0.008945281058549881,0.2,0.5288547277450562
760,1076,1446,1556480,-0.502964437007904,-0.010647869692184031,-48.39909210205078,0.010405285,0.46847426891326904,229.40085857999998,0.1193359375,3755,300.0,0.0002,0.005264606489799917,0.2,0.5290930867195129
761,1076,1448,1558528,-0.4931695759296417,-0.008821989316493273,-48.430022621154784,0.016098702,0.5631130933761597,229.33843740999998,0.1576171875,3760,300.0,0.0002,0.00859445056412369,0.2,0.5293826460838318
762,1075,1450,1560576,-0.4978547990322113,-0.009107096935622394,-48.46987743377686,0.011378355,0.5498061180114746,228.5332367,0.12197265625,3765,300.0,0.0002,0.008745997538790106,0.2,0.5297694802284241
763,1076,1451,1562624,-0.47378042340278625,0.0025753283074923922,-48.50361551557268,0.02716254,0.5167419910430908,229.34240186999995,0.24274553571428573,3769,300.0,0.0002,0.006575014009805662,0.2,0.5299014449119568
764,1076,1453,1564672,-0.49478790163993835,-0.005668858764693141,-48.517042541503905,0.013493495,0.6026948690414429,229.34240186999995,0.1578125,3774,300.0,0.0002,0.005750106717459858,0.2,0.5300336480140686
765,1075,1456,1566720,-0.4826878309249878,-0.007345384289510548,-48.53194465637207,0.024292577,0.6926339864730835,227.91123853000002,0.1806640625,3779,300.0,0.0002,0.010258660605177283,0.2,0.5301507711410522
766,1075,1458,1568768,-0.5004777312278748,-0.009279048827011138,-48.54380912780762,0.0094224755,0.6589212417602539,228.93078965999996,0.1181640625,3784,300.0,0.0002,0.0062821780564263465,0.2,0.5302618741989136
767,1075,1460,1570816,-0.5015240907669067,-0.012210102821700274,-48.566921615600585,0.016258698,0.5877618789672852,229.31329398000003,0.17275390625,3789,300.0,0.0002,0.006123144552111626,0.2,0.5306140780448914
768,1075,1462,1572864,-0.5031675696372986,-0.00689520260784775,-48.61421718597412,0.015113968,0.667264997959137,228.50383633,0.166796875,3794,300.0,0.0002,0.009593275049701333,0.2,0.5310538411140442
769,1075,1464,1574912,-0.5089297294616699,-0.008283539558760822,-48.67109642028809,0.010302585,0.610375165939331,228.77152269,0.12626953125,3799,300.0,0.0002,0.009040122292935849,0.2,0.5315716862678528
770,1075,1466,1576960,-0.517225980758667,-0.011532684415578842,-48.719208335876466,0.016053073,0.6136088371276855,228.97488560999997,0.164453125,3804,300.0,0.0002,0.007049785042181611,0.2,0.5318475365638733
771,1075,1468,1579008,-0.511772871017456,-0.010062318900600076,-48.7486515045166,0.011017531,0.5893970727920532,228.97488560999997,0.13271484375,3809,300.0,0.0002,0.008631579484790564,0.2,0.5321170687675476
772,1075,1470,1581056,-0.5184910297393799,-0.011867002863436938,-48.779551124572755,0.013458064,0.5045857429504395,229.51673913000005,0.14326171875,3814,300.0,0.0002,0.0045868238434195515,0.2,0.5323827862739563
773,1075,1472,1583104,-0.5071502923965454,-0.01055606291629374,-48.812031745910645,0.01285863,0.6080951690673828,229.8465965,0.1400390625,3819,300.0,0.0002,0.006515637901611626,0.2,0.5326502919197083
774,1075,1474,1585152,-0.49804845452308655,-0.012896679760888218,-48.84017448425293,0.011321773,0.6897038221359253,230.29565767999998,0.1228515625,3824,300.0,0.0002,0.007287076045759022,0.2,0.5328697562217712
775,1075,1476,1587200,-0.5037881731987,-0.009029615577310324,-48.866956901550296,0.01775806,0.6895873546600342,229.78571534,0.1572265625,3829,300.0,0.0002,0.007309845462441444,0.2,0.5330967903137207
776,1075,1477,1589248,-0.508080005645752,-0.013371051382273435,-48.8946174621582,0.011868117,0.5610717535018921,230.52504498000005,0.14267578125,3834,300.0,0.0002,0.007330778031609952,0.2,0.5333471894264221
777,1075,1479,1591296,-0.5063554644584656,-0.010313206701539457,-48.932461166381835,0.0112876445,0.6238701343536377,231.19057855,0.11748046875,3839,300.0,0.0002,0.005259282863698899,0.2,0.5337967276573181
778,1075,1481,1593344,-0.507452130317688,-0.008312680455856026,-48.98224391937256,0.009925638,0.5119189023971558,231.19057855,0.138671875,3844,300.0,0.0002,0.004740913747809827,0.2,0.5340991616249084
779,1075,1483,1595392,-0.5087395906448364,-0.009187182993628085,-49.01507015228272,0.014726642,0.5982387065887451,232.96637111,0.177734375,3849,300.0,0.0002,0.006479242607019842,0.2,0.5343925952911377
780,1076,1484,1597440,-0.4850001931190491,0.004665128421038389,-49.037521839141846,0.01807236,0.6399877071380615,232.56299004000005,0.21484375,3851,300.0,0.0002,0.006828682671766728,0.2,0.5344594717025757
781,1076,1485,1599488,-0.521092414855957,-0.01059971610084176,-49.057082939147946,0.010164713,0.6040112972259521,232.02901856,0.1109375,3856,300.0,0.0002,0.007225790899246931,0.2,0.5347879528999329
782,1077,1486,1601536,-0.46606600284576416,4.1418708860874176e-05,-49.086637285020615,0.033917338,0.615978479385376,233.33176766000005,0.1618923611111111,3859,300.0,0.0002,0.007563010996414555,0.2,0.5349270105361938
783,1077,1488,1603584,-0.5048750638961792,-0.010311162401922046,-49.106129264831544,0.009750327,0.5950014591217041,232.57185314999998,0.14765625,3864,300.0,0.0002,0.007097146334126591,0.2,0.5351261496543884
784,1077,1490,1605632,-0.5107717514038086,-0.00907188206911087,-49.13632946014404,0.012740285,0.6225851774215698,232.72083994999997,0.15,3869,300.0,0.0002,0.006579623837023973,0.2,0.5355097651481628
785,1077,1491,1607680,-0.5011584758758545,-0.009038717625662685,-49.18127288818359,0.012763452,0.6178696155548096,232.72083994999997,0.13662109375,3874,300.0,0.0002,0.008637559972703457,0.2,0.5358428955078125
786,1077,1493,1609728,-0.5115973353385925,-0.01035145518835634,-49.220390701293944,0.015575911,0.5819141268730164,233.00340903,0.17734375,3879,300.0,0.0002,0.005258947936818003,0.2,0.536202073097229
787,1077,1495,1611776,-0.5086710453033447,-0.0042816371424123645,-49.257950973510745,0.011706654,0.6001163721084595,233.27392145000002,0.215625,3884,300.0,0.0002,0.006489541265182197,0.2,0.536468505859375
788,1078,1496,1613824,-0.5155841708183289,-0.012305087177082896,-49.28158760070801,0.0076431795,0.6151632070541382,234.58749034999997,0.14228515625,3889,300.0,0.0002,0.006172535149380565,0.2,0.5366113781929016
789,1078,1498,1615872,-0.5080360770225525,-0.009262112271972,-49.29834537506103,0.010055769,0.6844727993011475,234.62138743999995,0.14248046875,3894,300.0,0.0002,0.0063106473069638016,0.2,0.5368232727050781
790,1078,1500,1617920,-0.5112062692642212,-0.010337121202610433,-49.331831741333005,0.012944287,0.6122176051139832,234.66376483999997,0.13447265625,3899,300.0,0.0002,0.00769557268358767,0.2,0.5372070074081421
791,1078,1501,1619968,-0.5133253931999207,-0.010270880535244942,-49.37469921112061,0.012839993,0.6268519163131714,234.66376483999997,0.1615234375,3904,300.0,0.0002,0.006508696894161403,0.2,0.5375370383262634
792,1078,1503,1622016,-0.5202248096466064,-0.012968749739229679,-49.413180923461915,0.013130933,0.5737565755844116,232.91127149,0.14140625,3909,300.0,0.0002,0.00867755776271224,0.2,0.5378915071487427
793,1078,1505,1624064,-0.5245463252067566,-0.013307771505787968,-49.45386981964111,0.01541218,0.45688319206237793,233.85108429,0.17744140625,3914,300.0,0.0002,0.004129432374611497,0.2,0.5382206439971924
794,1078,1507,1626112,-0.5171665549278259,-0.008831466524861753,-49.48433361053467,0.010595349,0.6448268890380859,232.65721652999997,0.09833984375,3919,300.0,0.0002,0.00539364276919514,0.2,0.5384129881858826
795,1078,1509,1628160,-0.5088241100311279,-0.008880301448516547,-49.506597709655765,0.015757864,0.6700035333633423,232.88855446999995,0.15107421875,3924,300.0,0.0002,0.004994695796631277,0.2,0.5386377573013306
796,1079,1510,1630208,-0.517935037612915,-0.011795561108738185,-49.5302713394165,0.013753027,0.732028067111969,232.03783595000002,0.16171875,3929,300.0,0.0002,0.005253955069929361,0.2,0.5388081669807434
797,1079,1512,1632256,-0.5071240067481995,-0.009444749169051646,-49.55627002716064,0.014386242,0.6718111038208008,232.45919264000003,0.148828125,3934,300.0,0.0002,0.007095471164211631,0.2,0.5391193628311157
798,1079,1514,1634304,-0.5201912522315979,-0.005260304105468095,-49.58621807098389,0.0116086,0.6266961097717285,232.45919264000003,0.18603515625,3939,300.0,0.0002,0.006524026580154896,0.2,0.539290726184845
799,1079,1515,1636352,-0.5162456035614014,-0.01044820980168879,-49.60551280975342,0.011021601,0.5817728638648987,233.02829151999998,0.117578125,3944,300.0,0.0002,0.005083094956353307,0.2,0.5394954085350037
800,1080,1516,1638400,-0.4839901626110077,0.002704431675374508,-49.62125091552734,0.030883249,0.6468756198883057,231.57306627999998,0.19296875,3946,300.0,0.0002,0.008915635384619236,0.2,0.5395297408103943
801,1080,1518,1640448,-0.5091561675071716,-0.008193920040503145,-49.63937644958496,0.009216931,0.5642083883285522,231.79106215,0.1212890625,3951,300.0,0.0002,0.005471774889156222,0.2,0.5398558974266052
802,1080,1519,1642496,-0.5116284489631653,-0.009177923807874322,-49.67611999511719,0.01055872,0.5929551720619202,230.97631768,0.11923828125,3956,300.0,0.0002,0.007485433691181242,0.2,0.5401150584220886
803,1080,1521,1644544,-0.5119600296020508,-0.011777466489002108,-49.70647277832031,0.0132199805,0.645889937877655,230.34005235999993,0.13037109375,3961,300.0,0.0002,0.008547047851607203,0.2,0.5404300689697266
804,1081,1523,1646592,-0.5122869610786438,-0.010017179162241518,-49.74291515350342,0.022761941,0.6378285884857178,230.47279912000002,0.192578125,3966,300.0,0.0002,0.010359746217727662,0.2,0.5407117009162903
805,1081,1524,1648640,-0.5263867378234863,-0.008237559697590768,-49.770477867126466,0.00901799,0.5638397932052612,230.47279912000002,0.1587890625,3971,300.0,0.0002,0.005001983675174415,0.2,0.5409348011016846
806,1081,1526,1650688,-0.513521134853363,-0.012475000997073948,-49.80730304718018,0.01827822,0.5973281860351562,230.72444541999997,0.19697265625,3976,300.0,0.0002,0.005393903888761997,0.2,0.541366696357727
807,1081,1528,1652736,-0.5209325551986694,-0.010721382219344378,-49.857004928588864,0.015272704,0.6467469334602356,230.30635088,0.186328125,3981,300.0,0.0002,0.010251655126921833,0.2,0.5418030619621277
808,1082,1529,1654784,-0.48338866233825684,0.0021556545556946235,-49.89468730579723,0.021094346,0.5524975061416626,230.01008804999998,0.1553622159090909,3984,300.0,0.0002,0.009933828630230644,0.2,0.5420005917549133
809,1082,1530,1656832,-0.5270797610282898,-0.010127407172694803,-49.92101516723633,0.010887833,0.6184234023094177,229.56243274,0.11201171875,3989,300.0,0.0002,0.007682678080163896,0.2,0.5422514081001282
810,1083,1531,1658880,-0.4673946499824524,0.01096373563632369,-49.93580341339111,0.01586736,0.6334667205810547,230.14274796,0.19580078125,3990,300.0,0.0002,0.006889712065458298,0.2,0.5422847270965576
811,1083,1533,1660928,-0.5071420669555664,-0.0063884955598041415,-49.947536849975585,0.010123551,0.6629671454429626,229.77388931000004,0.12158203125,3995,300.0,0.0002,0.006170372269116342,0.2,0.542463481426239
812,1083,1535,1662976,-0.5220403075218201,-0.00533955805003643,-49.970191383361815,0.015166479,0.7000362873077393,229.77388931000004,0.16083984375,4000,300.0,0.0002,0.00586563590914011,0.2,0.5426807403564453
813,1083,1536,1665024,-0.521618127822876,-0.01197986004408449,-49.99841442108154,0.016039263,0.5817782282829285,229.15386880999998,0.15361328125,4005,300.0,0.0002,0.008384760771878063,0.2,0.5429666042327881
814,1083,1538,1667072,-0.5263519287109375,-0.011539227375760675,-50.03657341003418,0.01576488,0.6438743472099304,229.75020855,0.17255859375,4010,300.0,0.0002,0.005798035208135844,0.2,0.5433513522148132
815,1083,1540,1669120,-0.51761794090271,-0.00906114699319005,-50.0815507888794,0.012364061,0.5912394523620605,229.31112969999998,0.1197265625,4015,300.0,0.0002,0.006906378944404423,0.2,0.5437385439872742
816,1083,1541,1671168,-0.5125800967216492,-0.006285377964377403,-50.1233413696289,0.010060122,0.682414174079895,229.04906795,0.128515625,4020,300.0,0.0002,0.007712964178062975,0.2,0.5440889000892639
817,1084,1543,1673216,-0.5197059512138367,-0.0064928617095574735,-50.16123962402344,0.014596638,0.6393826007843018,230.15013309999995,0.1630859375,4025,300.0,0.0002,0.007079134229570627,0.2,0.5443600416183472
818,1084,1545,1675264,-0.5221903324127197,-0.012399084377102553,-50.185404777526855,0.01014265,0.5630225539207458,229.12705451000002,0.11181640625,4030,300.0,0.0002,0.0048339177621528505,0.2,0.544510543346405
819,1084,1546,1677312,-0.5224253535270691,-0.002064871811307967,-50.200237083435056,0.018229479,0.5505185127258301,229.12705451000002,0.16611328125,4035,300.0,0.0002,0.008592507289722561,0.2,0.5446360111236572
820,1083,1549,1679360,-0.5075429677963257,-0.0094301781617105,-50.21802597045898,0.012966544,0.6364305019378662,230.38116511999996,0.17353515625,4040,300.0,0.0002,0.010850920155644418,0.2,0.5448605418205261
821,1084,1550,1681408,-0.4951682686805725,-0.004187077966829141,-50.24455286661784,0.023409009,0.5762907862663269,230.84511149,0.17096354166666666,4044,300.0,0.0002,0.00829464669028918,0.2,0.5450620055198669
822,1084,1552,1683456,-0.5086613893508911,-0.010890465881675481,-50.27141342163086,0.019188123,0.5383399724960327,231.24982131000002,0.18212890625,4049,300.0,0.0002,0.008979621483013034,0.2,0.5453567504882812
823,1084,1554,1685504,-0.5165098309516907,-0.010655698832124472,-50.29983425140381,0.013123284,0.6516484022140503,230.13577209,0.14306640625,4054,300.0,0.0002,0.01141092530451715,0.2,0.5455569624900818
824,1084,1555,1687552,-0.5173060297966003,-0.00930690229870379,-50.32262744903564,0.009806311,0.6792349815368652,230.61146705000002,0.1189453125,4059,300.0,0.0002,0.009268088871613145,0.2,0.5458086729049683
825,1084,1557,1689600,-0.5196549296379089,-0.012719882535748184,-50.35714874267578,0.014819197,0.6033851504325867,230.62544721999998,0.16328125,4064,300.0,0.0002,0.0065799802774563435,0.2,0.5461814403533936
826,1084,1559,1691648,-0.5012170672416687,-0.004395514442068007,-50.395184410942925,0.025947569,0.40493083000183105,230.62544721999998,0.162109375,4069,300.0,0.0002,0.008263644632986851,0.2,0.546434223651886
827,1084,1561,1693696,-0.5189263224601746,-0.012119124177843332,-50.42564582824707,0.015399439,0.47742778062820435,231.27407254,0.13916015625,4074,300.0,0.0002,0.005362908449023962,0.2,0.546761691570282
828,1085,1562,1695744,-0.5177438855171204,-0.009987168572843074,-50.46994590759277,0.014641762,0.576168417930603,230.97713526999996,0.1587890625,4079,300.0,0.0002,0.008246693760156631,0.2,0.547239363193512
829,1085,1564,1697792,-0.5172232389450073,-0.012131969560869038,-50.51697406768799,0.016423041,0.6162548065185547,231.52919327000006,0.1490234375,4084,300.0,0.0002,0.0059142296202480795,0.2,0.5475360751152039
830,1085,1566,1699840,-0.5208041071891785,-0.009338696615304797,-50.54145221710205,0.00938489,0.6055614948272705,230.63841082,0.117578125,4089,300.0,0.0002,0.005759052443318069,0.2,0.5477020144462585
831,1085,1568,1701888,-0.5222577452659607,-0.008480689325369894,-50.560713386535646,0.017304368,0.6543606519699097,230.31041590000004,0.16513671875,4094,300.0,0.0002,0.005225642188452184,0.2,0.547899067401886
832,1085,1569,1703936,-0.521811306476593,-0.014780983380559418,-50.58629332648383,0.026553039,0.5737893581390381,230.31041590000004,0.2101779513888889,4099,300.0,0.0002,0.006100638329775797,0.2,0.5481625199317932
833,1085,1571,1705984,-0.526867687702179,-0.009946556994691491,-50.61838798522949,0.017962217,0.6192324757575989,229.56449716999998,0.2033203125,4104,300.0,0.0002,0.006426409143023193,0.2,0.5484795570373535
834,1085,1573,1708032,-0.5225954651832581,-0.0068454863503575325,-50.652231788635255,0.010288865,0.6307239532470703,229.33708101999997,0.16220703125,4109,300.0,0.0002,0.007747271354310215,0.2,0.5487485527992249
835,1085,1575,1710080,-0.5251501202583313,-0.009405906940810383,-50.68031883239746,0.012073912,0.6525710821151733,228.26028796000003,0.14599609375,4114,300.0,0.0002,0.010413266997784377,0.2,0.5489836931228638
836,1085,1576,1712128,-0.5224226713180542,-0.00987304882146418,-50.70300159454346,0.011197977,0.6916784048080444,227.29257944999998,0.16923828125,4119,300.0,0.0002,0.010468577966094017,0.2,0.5491381287574768
837,1085,1578,1714176,-0.5245565176010132,-0.0108592817094177,-50.72050094604492,0.012214433,0.6653259992599487,228.03216202,0.1166015625,4124,300.0,0.0002,0.009874492976814508,0.2,0.549312949180603
838,1085,1580,1716224,-0.5258721113204956,-0.01064307251945138,-50.74313240051269,0.015680574,0.6287930011749268,226.83902121999995,0.1728515625,4129,300.0,0.0002,0.008890632959082722,0.2,0.5495362877845764
839,1086,1581,1718272,-0.4712597131729126,0.005831963744842344,-50.761435190836586,0.033402167,0.6296939849853516,226.83902121999995,0.19422743055555555,4132,300.0,0.0002,0.009274761399461163,0.2,0.5496390461921692
840,1086,1583,1720320,-0.5391783714294434,-0.012622018030378967,-50.78445053100586,0.01613728,0.5529602766036987,227.74937085999997,0.1349609375,4137,300.0,0.0002,0.00793725422117859,0.2,0.5499584078788757
841,1086,1585,1722368,-0.5203130841255188,-0.008150353305973112,-50.818186569213864,0.013099014,0.5347805023193359,227.62869105,0.1525390625,4142,300.0,0.0002,0.005303085478954017,0.2,0.5502164959907532
842,1086,1587,1724416,-0.5284600257873535,-0.005065657291561365,-50.84578170776367,0.017886698,0.6614264249801636,227.70188256999998,0.18203125,4147,300.0,0.0002,0.0048221202800050374,0.2,0.5504523515701294
843,1086,1589,1726464,-0.5181621313095093,-0.007512193452566862,-50.87838249206543,0.013245918,0.6243597269058228,227.63237273,0.1458984375,4152,300.0,0.0002,0.0069942951668053865,0.2,0.5508044362068176
844,1086,1591,1728512,-0.5238950848579407,-0.004146234737709165,-50.91083812713623,0.015330211,0.5721687078475952,228.01947623,0.18876953125,4157,300.0,0.0002,0.00830702914390713,0.2,0.5509811043739319
845,1086,1592,1730560,-0.5276996493339539,-0.01000383598729968,-50.92594184875488,0.015922993,0.5718199014663696,227.91576141999994,0.1990234375,4162,300.0,0.0002,0.005972806084901095,0.2,0.5511114001274109
846,1086,1594,1732608,-0.5316506624221802,-0.011860115523450076,-50.948467063903806,0.010749753,0.6849532723426819,227.91576141999994,0.10458984375,4167,300.0,0.0002,0.006592799699865282,0.2,0.5514197945594788
847,1086,1596,1734656,-0.5238213539123535,-0.008668479602783918,-50.98670845031738,0.013122631,0.5513173341751099,229.42539219,0.14873046875,4172,300.0,0.0002,0.006634378898888826,0.2,0.5517312288284302
848,1086,1597,1736704,-0.4736180603504181,0.011269072536379099,-51.0072808265686,0.018416345,0.6109281778335571,227.82815155,0.2001953125,4174,300.0,0.0002,0.007895948190707713,0.2,0.5518084168434143
849,1086,1600,1738752,-0.5280563831329346,-0.010077036987058818,-51.024605178833006,0.01168943,0.623094379901886,227.33363673000008,0.11240234375,4179,300.0,0.0002,0.005938858538866043,0.2,0.552079975605011
850,1086,1602,1740800,-0.5323033928871155,-0.013902034424245358,-51.06187763214111,0.012893207,0.6112593412399292,227.33084797999996,0.14833984375,4184,300.0,0.0002,0.007680625072680414,0.2,0.5524771809577942
851,1086,1603,1742848,-0.5253365635871887,-0.01113337727729231,-51.10553741455078,0.011757792,0.6398918628692627,227.90869104,0.1494140625,4189,300.0,0.0002,0.00758233480155468,0.2,0.5528085827827454
852,1086,1605,1744896,-0.5305127501487732,-0.011090343887917697,-51.13728199005127,0.0137709845,0.6147992610931396,228.12687536000004,0.11337890625,4194,300.0,0.0002,0.005656973621807992,0.2,0.5530588626861572
853,1086,1607,1746944,-0.5350898504257202,-0.009180448576807975,-51.16444034576416,0.010657858,0.5334140062332153,228.12687536000004,0.1333984375,4199,300.0,0.0002,0.006428922689519822,0.2,0.553316056728363
854,1086,1609,1748992,-0.5337400436401367,-0.01022810055874288,-51.19269504547119,0.014711201,0.5910922288894653,230.13927926000005,0.11796875,4204,300.0,0.0002,0.006305412133224308,0.2,0.5535471439361572
855,1087,1610,1751040,-0.5267826318740845,-0.011766925035044552,-51.221924781799316,0.011769789,0.583250880241394,229.92945554000002,0.13740234375,4209,300.0,0.0002,0.005941089428961277,0.2,0.5538683533668518
856,1087,1612,1753088,-0.5165442824363708,-0.007443155674263835,-51.26028003692627,0.016481992,0.6162602305412292,230.06474086000003,0.1576171875,4214,300.0,0.0002,0.005388473882339895,0.2,0.5542241930961609
857,1086,1614,1755136,-0.529650866985321,-0.011762966448441148,-51.29738826751709,0.011015961,0.5931455492973328,229.43220997,0.1486328125,4219,300.0,0.0002,0.006158782565034926,0.2,0.5545501112937927
858,1086,1617,1757184,-0.5244378447532654,-0.004616040899418294,-51.3261438369751,0.014618419,0.5860471725463867,230.05839856999998,0.16591796875,4224,300.0,0.0002,0.005224218731746078,0.2,0.5547419190406799
859,1086,1619,1759232,-0.5339748859405518,-0.011976919160224498,-51.34883861541748,0.010986716,0.6312752962112427,229.45841501000004,0.140625,4229,300.0,0.0002,0.005658157030120492,0.2,0.5549853444099426
860,1086,1620,1761280,-0.5239396095275879,-0.006202002951445488,-51.37412232619066,0.030536484,0.6515715718269348,229.45841501000004,0.14798677884615385,4233,300.0,0.0002,0.0058630977828915305,0.2,0.5551764369010925
861,1087,1621,1763328,-0.4770326614379883,0.011289302026852965,-51.386714935302734,0.01893178,0.6035350561141968,230.12004488000002,0.22705078125,4234,300.0,0.0002,0.005661794450134039,0.2,0.5552157759666443
862,1087,1623,1765376,-0.5347123742103577,-0.01208868611138314,-51.40098876953125,0.011381866,0.6146562099456787,230.05125315000004,0.1173828125,4239,300.0,0.0002,0.004827567911706865,0.2,0.5554361939430237
863,1087,1625,1767424,-0.5350063443183899,-0.005526708369143307,-51.43339653015137,0.016112793,0.6560735702514648,232.16399187,0.1994140625,4244,300.0,0.0002,0.005894885351881385,0.2,0.5557907819747925
864,1087,1627,1769472,-0.5042838454246521,-0.0006728591397404671,-51.46373340061733,0.030681375,0.6242791414260864,231.18269829999997,0.23897879464285715,4248,300.0,0.0002,0.009800122052963291,0.2,0.5559406876564026
865,1086,1629,1771520,-0.535932183265686,-0.013479617610573768,-51.48604488372803,0.012216123,0.6507986783981323,230.84721644000004,0.15087890625,4253,300.0,0.0002,0.009223957732319831,0.2,0.5562576651573181
866,1086,1632,1773568,-0.5342474579811096,-0.007083151070401072,-51.52571048736572,0.0105292,0.5906007289886475,230.84721644000004,0.1330078125,4258,300.0,0.0002,0.008085054787807166,0.2,0.5565985441207886
867,1086,1634,1775616,-0.5363117456436157,-0.008733872952871025,-51.56412982940674,0.009817831,0.5203732252120972,231.54835839999998,0.10751953125,4263,300.0,0.0002,0.006435507000423968,0.2,0.5569853782653809
868,1086,1636,1777664,-0.5375511050224304,-0.012221080670133232,-51.6081621170044,0.012769425,0.5526007413864136,229.64602760000002,0.13486328125,4268,300.0,0.0002,0.010349593032151461,0.2,0.5573151707649231
869,1086,1637,1779712,-0.5057924389839172,-0.002978431681791941,-51.63247723049588,0.030491827,0.6300370693206787,230.39365942000003,0.19010416666666666,4271,300.0,0.0002,0.007882266512347592,0.2,0.5574408769607544
870,1086,1639,1781760,-0.5257212519645691,-0.0076633412158116695,-51.651420211791994,0.012411909,0.5914534330368042,229.10237213,0.17236328125,4276,300.0,0.0002,0.008108354499563574,0.2,0.5576426386833191
871,1086,1642,1783808,-0.5341289043426514,-0.011605305597186089,-51.67505283355713,0.01303927,0.6365045309066772,229.22491200000002,0.1123046875,4281,300.0,0.0002,0.00810716040432453,0.2,0.5579180717468262
872,1086,1644,1785856,-0.5352394580841064,-0.00840659101959318,-51.712338829040526,0.013413401,0.6885344982147217,228.56846009,0.1533203125,4286,300.0,0.0002,0.006945995846763253,0.2,0.5582628846168518
873,1085,1646,1787904,-0.527988612651825,-0.010210538108367473,-51.746213340759276,0.011254479,0.5575269460678101,228.56846009,0.1595703125,4291,300.0,0.0002,0.007458011130802333,0.2,0.5584790110588074
874,1085,1648,1789952,-0.5335975289344788,-0.012372256349772215,-51.764282035827634,0.012693873,0.5328878164291382,228.2753815,0.12861328125,4296,300.0,0.0002,0.008291216567158699,0.2,0.5586264133453369
875,1085,1650,1792000,-0.5335308909416199,-0.010116708651185035,-51.78170375823974,0.011783811,0.6214832067489624,228.05725760999997,0.13876953125,4301,300.0,0.0002,0.009447496337816119,0.2,0.5587872862815857
876,1086,1651,1794048,-0.48923954367637634,0.011360343778505921,-51.79239463806152,0.018036626,0.5283999443054199,227.90131146,0.2470703125,4302,300.0,0.0002,0.010543880285695195,0.2,0.5588132739067078
877,1085,1653,1796096,-0.5389192700386047,-0.008253814140334725,-51.803955268859866,0.010757144,0.5873917937278748,228.64912659000004,0.1451171875,4307,300.0,0.0002,0.006113026547245682,0.2,0.5590249300003052
878,1085,1656,1798144,-0.545997679233551,-0.016173108329530804,-51.83960819244385,0.018319681,0.6194963455200195,228.37342192000003,0.17431640625,4312,300.0,0.0002,0.005148108536377549,0.2,0.5594984292984009
879,1086,1657,1800192,-0.4833872616291046,0.008357466896995902,-51.87217712402344,0.013896715,0.5575255155563354,229.97263897000002,0.1796875,4313,300.0,0.0002,0.006199326366186142,0.2,0.5595681071281433
880,1086,1659,1802240,-0.5435319542884827,-0.010671274666674436,-51.89763984680176,0.011697284,0.520972728729248,229.97263897000002,0.14765625,4318,300.0,0.0002,0.006486678402870894,0.2,0.5599597692489624
881,1085,1661,1804288,-0.5365607142448425,-0.006591315753757954,-51.94041156768799,0.010031683,0.6441249847412109,231.15283029000003,0.16650390625,4323,300.0,0.0002,0.009010376036167144,0.2,0.560344398021698
882,1085,1663,1806336,-0.5378922820091248,-0.010642122593708336,-51.97905292510986,0.016022831,0.5673694610595703,232.61202116999996,0.15263671875,4328,300.0,0.0002,0.0046781361103057865,0.2,0.5606626868247986
883,1085,1665,1808384,-0.5467765927314758,-0.011969285598024727,-52.01353721618652,0.013211278,0.5787838697433472,233.65351803000004,0.18447265625,4333,300.0,0.0002,0.005726516991853714,0.2,0.5610024333000183
884,1085,1667,1810432,-0.5405473113059998,-0.014424859359860421,-52.05867214202881,0.014427934,0.5800222158432007,234.66254779999997,0.145703125,4338,300.0,0.0002,0.008089369838126003,0.2,0.5614221096038818
885,1085,1670,1812480,-0.5375843644142151,-0.015408174158073962,-52.102729606628415,0.016282659,0.6313893795013428,234.50828786999998,0.16748046875,4343,300.0,0.0002,0.012235994823276997,0.2,0.5618265271186829
886,1084,1672,1814528,-0.5300910472869873,-0.00897134472616017,-52.14404830932617,0.013205167,0.586766242980957,235.34653881999998,0.15302734375,4348,300.0,0.0002,0.01269128154963255,0.2,0.5621626377105713
887,1084,1674,1816576,-0.5484895706176758,-0.012527770828455687,-52.18136425018311,0.011958188,0.5838834047317505,235.34653881999998,0.1337890625,4353,300.0,0.0002,0.006645810278132558,0.2,0.5625400543212891
888,1084,1677,1818624,-0.5323252081871033,-0.010364276077598333,-52.22127208709717,0.011807317,0.5408428907394409,236.29867654,0.12412109375,4358,300.0,0.0002,0.006328717456199229,0.2,0.5628814697265625
889,1084,1679,1820672,-0.5334652066230774,-0.003338676341809332,-52.2569974899292,0.012969751,0.6406179666519165,236.34680663000003,0.1544921875,4363,300.0,0.0002,0.007655531330965459,0.2,0.5632010698318481
890,1084,1681,1822720,-0.5187061429023743,-0.006443522893823684,-52.293320655822754,0.01497633,0.6319379806518555,236.27954331,0.18173828125,4368,300.0,0.0002,0.009237205167301,0.2,0.5635535717010498
891,1083,1683,1824768,-0.5292169451713562,-0.005381016444880515,-52.32357559204102,0.014231183,0.6455885767936707,235.77486983000003,0.17275390625,4373,300.0,0.0002,0.008932858239859343,0.2,0.5636979341506958
892,1083,1685,1826816,-0.5339759588241577,-0.008627341222018003,-52.34042682647705,0.010087548,0.5816991925239563,236.49177587000003,0.117578125,4378,300.0,0.0002,0.008513185288757085,0.2,0.563923716545105
893,1084,1687,1828864,-0.5056452751159668,-0.000723428752583762,-52.358973821004234,0.022337947,0.6722686290740967,235.89548582000003,0.19108072916666666,4381,300.0,0.0002,0.007758917015356322,0.2,0.5640043020248413
894,1083,1689,1830912,-0.534401535987854,-0.012011722312308848,-52.371616744995116,0.016607087,0.6417458057403564,235.89548582000003,0.13369140625,4386,300.0,0.0002,0.006751147587783635,0.2,0.5642085075378418
895,1083,1691,1832960,-0.546880304813385,-0.00654051024466753,-52.400566291809085,0.0116185015,0.6131697297096252,235.1444572,0.1439453125,4391,300.0,0.0002,0.007140771858394146,0.2,0.5645378232002258
896,1083,1693,1835008,-0.5385186672210693,-0.0032920920406468213,-52.438309860229495,0.014591264,0.6159472465515137,235.64860257,0.202734375,4396,300.0,0.0002,0.008337524463422596,0.2,0.5648526549339294
897,1083,1696,1837056,-0.5480087399482727,-0.01362862957175821,-52.47539157867432,0.0136744715,0.692626953125,234.28939919999996,0.159375,4401,300.0,0.0002,0.007178197312168777,0.2,0.5652763247489929
898,1082,1698,1839104,-0.5494071245193481,-0.011143435561098158,-52.53005084991455,0.012189892,0.6346360445022583,233.49508896999998,0.18115234375,4406,300.0,0.0002,0.005512216873466968,0.2,0.5658174157142639
899,1082,1700,1841152,-0.5418283939361572,-0.014344386651646345,-52.582716178894046,0.017294098,0.606692910194397,234.36907925000003,0.1544921875,4411,300.0,0.0002,0.006211510067805648,0.2,0.5662261247634888
900,1083,1701,1843200,-0.4953171908855438,0.008597953768912703,-52.61010551452637,0.018207826,0.6474878191947937,234.38546619000002,0.195556640625,4413,300.0,0.0002,0.007062019023578614,0.2,0.5663261413574219
901,1083,1702,1845248,-0.507490336894989,0.0038496102206408978,-52.61711883544922,0.014615929,0.49183833599090576,234.38546619000002,0.1962890625,4414,300.0,0.0002,0.007192931952886283,0.2,0.5663598775863647
902,1083,1704,1847296,-0.5415231585502625,-0.010971709317527712,-52.63971881866455,0.012529366,0.6020265817642212,233.09930633,0.1314453125,4419,300.0,0.0002,0.009217025339603424,0.2,0.5667932629585266
903,1083,1707,1849344,-0.5137240290641785,-0.004837867559399456,-52.68603343963623,0.022398587,0.6176241040229797,234.16594061999996,0.18251953125,4424,300.0,0.0002,0.00544294728897512,0.2,0.5671265125274658
904,1083,1709,1851392,-0.5535370707511902,-0.01246636181604117,-52.719923210144046,0.014481951,0.6428204774856567,234.20477124999996,0.18212890625,4429,300.0,0.0002,0.0049166071461513635,0.2,0.5674751400947571
905,1083,1711,1853440,-0.5323163866996765,-0.0042802209733054045,-52.754932975769044,0.013831786,0.6604194641113281,233.80359558,0.1791015625,4434,300.0,0.0002,0.005647706473246217,0.2,0.5677050352096558
906,1083,1712,1855488,-0.506554126739502,0.0013248685669774811,-52.771694819132485,0.023558343,0.5949859023094177,233.58346921999998,0.19254557291666666,4437,300.0,0.0002,0.006749239672596256,0.2,0.5678117275238037
907,1083,1714,1857536,-0.5551856756210327,-0.011441935901530087,-52.7855302810669,0.010139551,0.6253809928894043,233.58346921999998,0.15361328125,4442,300.0,0.0002,0.006883568246848881,0.2,0.5679654479026794
908,1082,1717,1859584,-0.5432581305503845,-0.0031103729270398617,-52.802660369873045,0.010550695,0.6311954259872437,232.46047918,0.14755859375,4447,300.0,0.0002,0.007427959842607379,0.2,0.5681442618370056
909,1082,1719,1861632,-0.5357277989387512,-0.012943310849368572,-52.82777843475342,0.012792628,0.5714445114135742,232.90407984,0.1291015625,4452,300.0,0.0002,0.0064223837340250615,0.2,0.5684542655944824
910,1082,1721,1863680,-0.5371233224868774,-0.006087395118083805,-52.85827693939209,0.013598371,0.5671900510787964,231.91406545,0.19287109375,4457,300.0,0.0002,0.004685648321174085,0.2,0.5686747431755066
911,1082,1724,1865728,-0.5488158464431763,-0.010698926029726863,-52.88499069213867,0.013810834,0.6313657760620117,231.56097748,0.21103515625,4462,300.0,0.0002,0.006871431390754879,0.2,0.5690091848373413
912,1082,1726,1867776,-0.5596783757209778,-0.012814044742845,-52.92835941314697,0.018391253,0.6783294677734375,231.73121522000002,0.1509765625,4467,300.0,0.0002,0.00919010122306645,0.2,0.5694137215614319
913,1081,1728,1869824,-0.5453729033470154,-0.009760554623790085,-52.962779426574706,0.008386017,0.6368725299835205,232.01716264000004,0.1005859375,4472,300.0,0.0002,0.007622996275313198,0.2,0.5696901082992554
914,1081,1730,1871872,-0.5539891719818115,-0.014698791736736893,-52.988943862915036,0.01519171,0.5839673280715942,232.01716264000004,0.16572265625,4477,300.0,0.0002,0.004846829082816839,0.2,0.5698673129081726
915,1081,1732,1873920,-0.5563154816627502,-0.013873131480067968,-53.00891952514648,0.012132843,0.5466357469558716,231.87217851000003,0.13271484375,4482,300.0,0.0002,0.006879242323338986,0.2,0.5701374411582947
916,1081,1734,1875968,-0.5522404313087463,-0.012710649380460381,-53.05140857696533,0.017168608,0.5732219815254211,231.73907297000002,0.1279296875,4487,300.0,0.0002,0.007073299633339048,0.2,0.5706557631492615
917,1082,1735,1878016,-0.5111324787139893,0.0030228797760274676,-53.0906007554796,0.03345811,0.6298441886901855,232.39905434,0.15755208333333334,4490,300.0,0.0002,0.006104398467060592,0.2,0.5707873106002808
918,1082,1737,1880064,-0.5467459559440613,-0.013908775802701712,-53.119207572937015,0.021625355,0.6171913146972656,232.25716840000004,0.16376953125,4495,300.0,0.0002,0.006441380525939166,0.2,0.5712189674377441
919,1082,1739,1882112,-0.5508159399032593,-0.011023690784350037,-53.17111587524414,0.015834257,0.5734227895736694,232.14731987,0.15517578125,4500,300.0,0.0002,0.008930331026203931,0.2,0.5717360377311707
920,1082,1741,1884160,-0.5532875657081604,-0.01503305514343083,-53.230312538146975,0.012332685,0.6340019702911377,231.41169941,0.144140625,4505,300.0,0.0002,0.010785393277183175,0.2,0.5722891092300415
921,1081,1743,1886208,-0.5599309206008911,-0.013037240249104798,-53.28168239593506,0.018677065,0.6807442307472229,231.41169941,0.153125,4510,300.0,0.0002,0.007743799104355275,0.2,0.5726298689842224
922,1082,1743,1888256,-0.5192164778709412,0.012385355774313211,-53.29997634887695,0.017163873,0.5827212333679199,229.2746952,0.2294921875,4511,300.0,0.0002,0.010603679111227393,0.2,0.5726602673530579
923,1082,1745,1890304,-0.5490553975105286,-0.012184267025440931,-53.312825202941895,0.014521915,0.6033399701118469,228.46936214,0.14970703125,4516,300.0,0.0002,0.009230009699240326,0.2,0.5728932619094849
924,1082,1748,1892352,-0.5471442341804504,-0.015423985454253853,-53.34167079925537,0.012233155,0.6358312368392944,227.59060885000002,0.12587890625,4521,300.0,0.0002,0.009840406570583582,0.2,0.5732192397117615
925,1082,1750,1894400,-0.5524013638496399,-0.015455705812200904,-53.37781677246094,0.015228612,0.629284143447876,229.28686209000003,0.14208984375,4526,300.0,0.0002,0.007367233000695706,0.2,0.5735403895378113
926,1082,1752,1896448,-0.5535051822662354,-0.009681151737459004,-53.407338523864745,0.012124561,0.5369245409965515,229.06669438,0.1654296875,4531,300.0,0.0002,0.008020745171234012,0.2,0.5737422704696655
927,1082,1754,1898496,-0.5603773593902588,-0.011590926721692086,-53.4308464050293,0.011835832,0.5884829163551331,227.30514340000005,0.151953125,4536,300.0,0.0002,0.0066992287989705804,0.2,0.5740017294883728
928,1081,1756,1900544,-0.5484303832054138,-0.010068914527073503,-53.46113910675049,0.011377822,0.5474758148193359,227.30514340000005,0.14501953125,4541,300.0,0.0002,0.00734329461120069,0.2,0.5743087530136108
929,1081,1758,1902592,-0.5418561697006226,-0.011192886205390096,-53.495908164978026,0.01835443,0.5808866024017334,226.88324713999998,0.15947265625,4546,300.0,0.0002,0.006816437444649636,0.2,0.5746457576751709
930,1081,1761,1904640,-0.5587560534477234,-0.00935996794141829,-53.53310775756836,0.011199238,0.6361727714538574,226.60404261,0.13173828125,4551,300.0,0.0002,0.008701130514964461,0.2,0.5750426054000854
931,1081,1763,1906688,-0.5551208257675171,-0.011831004451960326,-53.57275810241699,0.01833734,0.6535128355026245,227.06772404000003,0.15888671875,4556,300.0,0.0002,0.008528690109960735,0.2,0.5753430724143982
932,1081,1765,1908736,-0.5612079501152039,-0.013222807529382407,-53.60292148590088,0.012022651,0.5727190971374512,227.26643299,0.099609375,4561,300.0,0.0002,0.009884104691445827,0.2,0.5756576061248779
933,1081,1767,1910784,-0.5628902912139893,-0.0171870453748852,-53.642689895629886,0.018411558,0.5422908067703247,227.45569838,0.19091796875,4566,300.0,0.0002,0.010129028931260109,0.2,0.5760570764541626
934,1081,1769,1912832,-0.5493595600128174,-0.006790401786565781,-53.689795684814456,0.010856084,0.59787917137146,228.32762646,0.14140625,4571,300.0,0.0002,0.007731640618294478,0.2,0.5765575766563416
935,1081,1771,1914880,-0.5595762729644775,-0.010954384761862456,-53.74042930603027,0.010061026,0.5668153166770935,228.32762646,0.13251953125,4576,300.0,0.0002,0.00930460630916059,0.2,0.577002763748169
936,1081,1773,1916928,-0.5631751418113708,-0.012947357865050435,-53.79501934051514,0.011005208,0.5471987724304199,228.56440228,0.1318359375,4581,300.0,0.0002,0.0064397987211123105,0.2,0.5776039361953735
937,1081,1775,1918976,-0.5622090697288513,-0.010903451952617615,-53.85804080963135,0.011864974,0.5529562830924988,228.04652576000004,0.126171875,4586,300.0,0.0002,0.008476602542214096,0.2,0.5781586170196533
938,1081,1777,1921024,-0.567722499370575,-0.010944666317664086,-53.90581283569336,0.013162776,0.6246523857116699,227.96181850999997,0.18466796875,4591,300.0,0.0002,0.009191377833485604,0.2,0.5784546136856079
939,1080,1779,1923072,-0.5505795478820801,-0.01062386780977249,-53.93159084320068,0.014448122,0.5860950350761414,227.71119124999998,0.1197265625,4596,300.0,0.0002,0.00838880375958979,0.2,0.5786672830581665
940,1080,1781,1925120,-0.5564975738525391,-0.00916700956877321,-53.951482963562015,0.01412689,0.5702048540115356,227.55354189000002,0.14287109375,4601,300.0,0.0002,0.005534918396733701,0.2,0.5787990689277649
941,1080,1783,1927168,-0.5571367144584656,-0.008842187258414924,-53.9720178604126,0.013130951,0.5447741746902466,227.55354189000002,0.15791015625,4606,300.0,0.0002,0.0069753638003021475,0.2,0.5790838003158569
942,1080,1785,1929216,-0.5498095154762268,-0.003627235908061266,-53.99920539855957,0.010373861,0.4754994511604309,226.83709886,0.1798828125,4611,300.0,0.0002,0.009040530957281589,0.2,0.5792502760887146
943,1080,1787,1931264,-0.5599960088729858,-0.007418204937130213,-54.015726280212405,0.012830536,0.49419915676116943,227.82425349000002,0.153125,4616,300.0,0.0002,0.006330834468826652,0.2,0.579436719417572
944,1080,1789,1933312,-0.5682458877563477,-0.01324636988574639,-54.042601585388184,0.013098495,0.6487873792648315,227.09877451,0.12685546875,4621,300.0,0.0002,0.006073203892447055,0.2,0.5797685384750366
945,1080,1791,1935360,-0.5466667413711548,-0.003855103987734765,-54.07823581695557,0.014372627,0.4739495515823364,227.61019209999998,0.1896484375,4626,300.0,0.0002,0.005031094886362553,0.2,0.5800723433494568
946,1080,1793,1937408,-0.5675631761550903,-0.012733533652499318,-54.107818031311034,0.013772387,0.6251996755599976,225.87212235000004,0.14697265625,4631,300.0,0.0002,0.0059141770238056775,0.2,0.5803326368331909
947,1080,1794,1939456,-0.5160179734230042,0.004617274605802127,-54.126104082380024,0.018205049,0.5367069244384766,224.69589206999999,0.09793526785714286,4633,300.0,0.0002,0.009334270709327288,0.2,0.5804181098937988
948,1080,1796,1941504,-0.5581846237182617,-0.009481991198845208,-54.14324054718018,0.013095658,0.6317789554595947,224.69589206999999,0.1830078125,4638,300.0,0.0002,0.009808201948180795,0.2,0.580679178237915
949,1080,1798,1943552,-0.5617814064025879,-0.01016343163792044,-54.17258853912354,0.009922309,0.5964517593383789,224.43169330000003,0.132421875,4643,300.0,0.0002,0.007607689965516329,0.2,0.5809447765350342
950,1080,1800,1945600,-0.5602005124092102,-0.005984231270849705,-54.200309371948244,0.011312451,0.6337471008300781,224.35032079000004,0.1576171875,4648,300.0,0.0002,0.006446917983703315,0.2,0.5811991095542908
951,1080,1802,1947648,-0.5628255009651184,-0.013419148535467685,-54.22479038238525,0.014523099,0.581291675567627,225.15707910000003,0.17705078125,4653,300.0,0.0002,0.005733742215670645,0.2,0.5813907384872437
952,1080,1804,1949696,-0.5592670440673828,-0.009495467878878117,-54.24361724853516,0.011581013,0.581709623336792,226.49031771000003,0.175390625,4658,300.0,0.0002,0.0071083732647821305,0.2,0.5815937519073486
953,1080,1806,1951744,-0.5586819052696228,-0.013639375660568475,-54.26965503692627,0.015999893,0.6348825097084045,227.76131243,0.16201171875,4663,300.0,0.0002,0.007130947429686785,0.2,0.5818650126457214
954,1080,1808,1953792,-0.561199426651001,-0.012974283238872886,-54.299099159240725,0.01280912,0.5916723012924194,226.65177527,0.162109375,4668,300.0,0.0002,0.005550805362872779,0.2,0.5821362137794495
955,1080,1810,1955840,-0.5506497025489807,-0.012449098913930357,-54.32940483093262,0.016145334,0.6495094895362854,226.65177527,0.1544921875,4673,300.0,0.0002,0.007215516990981996,0.2,0.5824289917945862
956,1080,1812,1957888,-0.5637167692184448,-0.01393100218847394,-54.36114158630371,0.01401115,0.5973626971244812,224.92226089,0.14853515625,4678,300.0,0.0002,0.01196568300947547,0.2,0.5827107429504395
957,1080,1814,1959936,-0.5683082938194275,-0.007404654286801815,-54.39315185546875,0.012815207,0.6131147146224976,225.04097718,0.13876953125,4683,300.0,0.0002,0.00830005961470306,0.2,0.5830597877502441
958,1080,1816,1961984,-0.5646132826805115,-0.007504959916695952,-54.42644634246826,0.013412306,0.5819944143295288,222.95487072,0.1849609375,4688,300.0,0.0002,0.011815982218831778,0.2,0.583347499370575
959,1079,1818,1964032,-0.5657426118850708,-0.012158561893738807,-54.45579605102539,0.009529031,0.6054171919822693,223.60419793000005,0.12294921875,4693,300.0,0.0002,0.009197298949584366,0.2,0.5836182832717896
960,1079,1820,1966080,-0.5543805360794067,-0.010043576988391579,-54.48705291748047,0.012955555,0.6284347772598267,222.01812851000005,0.12939453125,4698,300.0,0.0002,0.011647193320095539,0.2,0.5839462280273438
961,1079,1822,1968128,-0.5585845112800598,-0.00797417915891856,-54.52612953186035,0.013275713,0.5615532398223877,221.66298138000002,0.1478515625,4703,300.0,0.0002,0.012921836227178574,0.2,0.5843871235847473
962,1079,1824,1970176,-0.5734128355979919,-0.012936900369822979,-54.56798248291015,0.015114317,0.35800474882125854,221.66298138000002,0.151953125,4708,300.0,0.0002,0.008232125733047723,0.2,0.5846773386001587
963,1079,1826,1972224,-0.5617798566818237,-0.0059473634115420285,-54.59250659942627,0.0136678815,0.38256657123565674,222.37262033000002,0.18427734375,4713,300.0,0.0002,0.006760723073966801,0.2,0.5848951935768127
964,1079,1828,1974272,-0.5557546615600586,-0.012581134110223501,-54.61628093719482,0.014035357,0.6018280386924744,222.87415606,0.1681640625,4718,300.0,0.0002,0.00667863436974585,0.2,0.5851152539253235
965,1079,1830,1976320,-0.5531734824180603,-0.012472529476508499,-54.64216861724854,0.020489413,0.5898324251174927,221.15439625000008,0.13037109375,4723,300.0,0.0002,0.007725042384117841,0.2,0.585386335849762
966,1079,1832,1978368,-0.5672966241836548,-0.01303980650845915,-54.66485652923584,0.010960007,0.7195923328399658,221.22923108999998,0.16298828125,4728,300.0,0.0002,0.005895011103712022,0.2,0.5855439901351929
967,1079,1834,1980416,-0.572243869304657,-0.015933585120365024,-54.684207916259766,0.014617625,0.6905210018157959,221.41544933,0.1802734375,4733,300.0,0.0002,0.006490349210798741,0.2,0.5858238935470581
968,1079,1836,1982464,-0.5456764698028564,-0.007965957070700825,-54.719183921813965,0.014639197,0.575193464756012,220.40871391000002,0.16982421875,4738,300.0,0.0002,0.006437776749953628,0.2,0.5861610174179077
969,1079,1838,1984512,-0.5622859597206116,-0.011361780855804682,-54.75246887207031,0.014640229,0.5391943454742432,220.40871391000002,0.15068359375,4743,300.0,0.0002,0.0059141777222976085,0.2,0.5865048766136169
970,1079,1840,1986560,-0.5705588459968567,-0.014079513726755977,-54.78422889709473,0.017459895,0.5984050035476685,221.42938581999996,0.1650390625,4748,300.0,0.0002,0.006974831758998335,0.2,0.586776852607727
971,1079,1842,1988608,-0.569118082523346,-0.009770671627484262,-54.81849899291992,0.011338511,0.6634145975112915,223.65960581,0.13544921875,4753,300.0,0.0002,0.007912392891012133,0.2,0.5871856808662415
972,1079,1844,1990656,-0.5702742338180542,-0.011304424749687314,-54.86060810089111,0.013652341,0.5938144326210022,223.72175647999995,0.134765625,4758,300.0,0.0002,0.007151932991109789,0.2,0.5875047445297241
973,1079,1846,1992704,-0.5568485260009766,-0.010487944912165403,-54.88716163635254,0.016491579,0.577529788017273,224.75759613999998,0.15185546875,4763,300.0,0.0002,0.006826537358574569,0.2,0.5877580046653748
974,1078,1848,1994752,-0.5698105692863464,-0.014963945862837136,-54.927612113952634,0.014076837,0.6078040599822998,226.13599580000002,0.1451171875,4768,300.0,0.0002,0.006251379824243486,0.2,0.5882803201675415
975,1078,1850,1996800,-0.5727869868278503,-0.01103356594685465,-54.98831634521484,0.013834664,0.6644103527069092,226.71399361000005,0.12978515625,4773,300.0,0.0002,0.006968101183883846,0.2,0.5888631343841553
976,1078,1852,1998848,-0.5685560703277588,-0.0027871209429576995,-55.040116500854495,0.01827087,0.5666965246200562,226.71399361000005,0.18466796875,4778,300.0,0.0002,0.00944002429023385,0.2,0.5891693234443665
977,1078,1854,2000896,-0.5578641891479492,-0.007995276176370681,-55.06767330169678,0.011480553,0.5488635897636414,227.11334104000002,0.130859375,4783,300.0,0.0002,0.009011242212727666,0.2,0.5895081758499146
978,1078,1856,2002944,-0.5658531785011292,-0.009741779509931802,-55.10620536804199,0.01219714,0.5288553237915039,227.57514823999998,0.1498046875,4788,300.0,0.0002,0.006040255026891828,0.2,0.5898470878601074
979,1078,1858,2004992,-0.5506577491760254,-0.008142900001257659,-55.14085083007812,0.015167071,0.6081948280334473,228.27413714000005,0.17265625,4793,300.0,0.0002,0.010857111914083362,0.2,0.5901747941970825
980,1078,1860,2007040,-0.5712423324584961,-0.01335823538247496,-55.17749919891357,0.014366807,0.5829368829727173,228.16750735999995,0.1505859375,4798,300.0,0.0002,0.009085042402148247,0.2,0.5905699133872986
981,1078,1862,2009088,-0.5836993455886841,-0.013439162727445364,-55.22668037414551,0.015285356,0.5634377002716064,227.53571316,0.14306640625,4803,300.0,0.0002,0.007712171925231814,0.2,0.5910947918891907
982,1078,1864,2011136,-0.5699602365493774,-0.006933193374425173,-55.2735897064209,0.009745026,0.43624043464660645,227.53571316,0.154296875,4808,300.0,0.0002,0.00864927307702601,0.2,0.5914639830589294
983,1078,1865,2013184,-0.5307135581970215,0.007566815009340644,-55.29573917388916,0.01478007,0.48500311374664307,228.65809439999998,0.18701171875,4809,300.0,0.0002,0.006760651594959199,0.2,0.5915120244026184
984,1078,1868,2015232,-0.5689020752906799,-0.009655758016742766,-55.3084213256836,0.010922035,0.6212806105613708,229.24842520999994,0.13369140625,4814,300.0,0.0002,0.005437408317811787,0.2,0.5916759967803955
985,1078,1870,2017280,-0.5608749389648438,-0.005035918951034546,-55.325899314880374,0.019928128,0.6194541454315186,228.82253138,0.21181640625,4819,300.0,0.0002,0.00537386117503047,0.2,0.5918720960617065
986,1078,1872,2019328,-0.5589756965637207,-0.0066234026802703735,-55.35329055786133,0.013971528,0.6696971654891968,228.24014971999998,0.16142578125,4824,300.0,0.0002,0.00926369996741414,0.2,0.5921800136566162
987,1078,1874,2021376,-0.571336567401886,-0.013837193930521607,-55.392407989501955,0.015248967,0.6207596659660339,228.67141381000002,0.13056640625,4829,300.0,0.0002,0.00799262779764831,0.2,0.592637836933136
988,1078,1876,2023424,-0.5653745532035828,-0.008549566799774765,-55.42694149017334,0.016450943,0.6505631804466248,228.36897634000002,0.15654296875,4834,300.0,0.0002,0.0058852392481639985,0.2,0.5928033590316772
989,1078,1878,2025472,-0.5727456212043762,-0.0116761963814497,-55.44246559143066,0.010319062,0.5312066078186035,228.36897634000002,0.13779296875,4839,300.0,0.0002,0.006495467992499471,0.2,0.5929767489433289
990,1079,1878,2027520,-0.5458372235298157,0.001866388600319624,-55.457054138183594,0.013664308,0.5834638476371765,227.68947259,0.1826171875,4840,300.0,0.0002,0.01156116952188313,0.2,0.593031108379364
991,1079,1880,2029568,-0.5651054978370667,-0.008892569434829056,-55.48502788543701,0.015852813,0.6805647611618042,227.17250448000001,0.15654296875,4845,300.0,0.0002,0.008465429744683206,0.2,0.5935372710227966
992,1079,1882,2031616,-0.5756937265396118,-0.011717412038706243,-55.52994613647461,0.012054425,0.6126387119293213,226.75526585,0.1576171875,4850,300.0,0.0002,0.009084125701338052,0.2,0.593856930732727
993,1078,1884,2033664,-0.5684243440628052,-0.011573160486295819,-55.55482177734375,0.011788202,0.6478755474090576,227.20701929999998,0.12666015625,4855,300.0,0.0002,0.008343724929727615,0.2,0.5940552949905396
994,1078,1886,2035712,-0.5637285709381104,-0.005931127117946744,-55.576398086547854,0.011016849,0.6309844255447388,227.8019181,0.1783203125,4860,300.0,0.0002,0.008748476114124059,0.2,0.5943019390106201
995,1078,1888,2037760,-0.5720437169075012,-0.008275887579657137,-55.60409812927246,0.016893296,0.6042643189430237,227.29674587000002,0.157421875,4865,300.0,0.0002,0.007550012692809105,0.2,0.5945889949798584
996,1078,1890,2039808,-0.5766170620918274,-0.013588857743889094,-55.63644237518311,0.013814447,0.6043657064437866,227.29674587000002,0.129296875,4870,300.0,0.0002,0.011986041255295277,0.2,0.5949835777282715
997,1078,1893,2041856,-0.5735698342323303,-0.010630757897160947,-55.68430862426758,0.015471102,0.4989728331565857,226.35190511000002,0.16728515625,4875,300.0,0.0002,0.008194050844758749,0.2,0.5955119132995605
998,1078,1895,2043904,-0.5727224946022034,-0.011771400435827672,-55.733534049987796,0.021220393,0.5179392099380493,225.56480395,0.18583984375,4880,300.0,0.0002,0.005546765332110226,0.2,0.5959144234657288
999,1078,1897,2045952,-0.5821551084518433,-0.009677248098887503,-55.76561870574951,0.015122704,0.5485836267471313,226.79070852,0.13115234375,4885,300.0,0.0002,0.0062312324531376365,0.2,0.5961243510246277
1000,1078,1899,2048000,-0.5696956515312195,-0.008310488308779895,-55.78545207977295,0.016466638,0.6210189461708069,227.27499594000005,0.1751953125,4890,300.0,0.0002,0.005455543892458082,0.2,0.5963107943534851
1001,1078,1901,2050048,-0.5886073708534241,-0.007818599604070187,-55.80435314178467,0.010748319,0.5961347818374634,226.65403023999997,0.17197265625,4895,300.0,0.0002,0.004807464708574116,0.2,0.5964856147766113
1002,1078,1903,2052096,-0.575372576713562,-0.009812711412087083,-55.83214855194092,0.015738212,0.6656613349914551,226.08512030999998,0.17578125,4900,300.0,0.0002,0.004624312138184905,0.2,0.5969170331954956
1003,1077,1905,2054144,-0.5686542391777039,-0.0060639848001301285,-55.879172706604,0.014771987,0.653900146484375,226.08512030999998,0.16875,4905,300.0,0.0002,0.0086452831979841,0.2,0.597288191318512
1004,1077,1907,2056192,-0.5728185772895813,-0.012889389193151145,-55.917123794555664,0.012519273,0.6003246307373047,226.77906428000006,0.1392578125,4910,300.0,0.0002,0.0050069818971678615,0.2,0.597723662853241
1005,1077,1909,2058240,-0.582278311252594,-0.011215855111368,-55.96752777099609,0.015649643,0.6820856332778931,226.99847155000003,0.1587890625,4915,300.0,0.0002,0.004436984588392079,0.2,0.5983037352561951
1006,1077,1911,2060288,-0.584191620349884,-0.010817599995061756,-56.02477951049805,0.016509267,0.6550101041793823,228.57680100000002,0.18369140625,4920,300.0,0.0002,0.006216034153476357,0.2,0.5987980365753174
1007,1077,1913,2062336,-0.5899558067321777,-0.015145836025476455,-56.07562141418457,0.017524678,0.5895445346832275,228.19055141999993,0.17978515625,4925,300.0,0.0002,0.008151141763664781,0.2,0.599336564540863
1008,1077,1915,2064384,-0.5640665292739868,-0.011537417257204651,-56.12608108520508,0.014186319,0.6615124940872192,227.68887325000003,0.15791015625,4930,300.0,0.0002,0.0075627801474183794,0.2,0.5997196435928345
1009,1077,1917,2066432,-0.5861282348632812,-0.012355048209428787,-56.15915508270264,0.014064371,0.6598734855651855,227.42937281000002,0.15478515625,4935,300.0,0.0002,0.006212698458693921,0.2,0.6000310778617859
1010,1077,1919,2068480,-0.5776456594467163,-0.008571145497262478,-56.188560485839844,0.016195178,0.5987301468849182,227.42937281000002,0.15908203125,4940,300.0,0.0002,0.007340785954147578,0.2,0.6002963185310364
1011,1077,1921,2070528,-0.5773478746414185,-0.01151761352084577,-56.21596336364746,0.011928734,0.5667774677276611,227.27309202,0.14267578125,4945,300.0,0.0002,0.006710451934486628,0.2,0.6005618572235107
1012,1077,1923,2072576,-0.5784785747528076,-0.011334637110121549,-56.24056072235108,0.016950568,0.5700860023498535,228.71968746000002,0.1701171875,4950,300.0,0.0002,0.0057391556678339836,0.2,0.6007667183876038
1013,1077,1925,2074624,-0.5849438905715942,-0.014502517925575376,-56.262793350219724,0.015462538,0.5266992449760437,228.49588239000002,0.16884765625,4955,300.0,0.0002,0.004807648248970509,0.2,0.6010528206825256
1014,1077,1927,2076672,-0.5840095281600952,-0.013934216962661594,-56.30251808166504,0.017494343,0.6447441577911377,227.45991858999997,0.16484375,4960,300.0,0.0002,0.0066191893303766845,0.2,0.6015402674674988
1015,1077,1929,2078720,-0.5769267678260803,-0.010584554611705243,-56.34986972808838,0.020882836,0.6718978881835938,226.45194958,0.1630859375,4965,300.0,0.0002,0.004725103941746056,0.2,0.6019838452339172
1016,1077,1931,2080768,-0.573821485042572,-0.009575790422968567,-56.38525257110596,0.013956681,0.6039854884147644,226.45194958,0.181640625,4970,300.0,0.0002,0.007062634895555675,0.2,0.602178156375885
1017,1076,1933,2082816,-0.5837618708610535,-0.011348396842367946,-56.410373306274415,0.015654188,0.43826645612716675,226.28576746,0.146875,4975,300.0,0.0002,0.0068815845996141435,0.2,0.602580726146698
1018,1077,1935,2084864,-0.5362377762794495,0.011516786232176755,-56.4427235921224,0.037084226,0.5206336975097656,226.76756825,0.21158854166666666,4978,300.0,0.0002,0.007632870071878036,0.2,0.6027384400367737
1019,1077,1937,2086912,-0.5822821259498596,-0.01266587725840509,-56.470214462280275,0.010805808,0.5777987241744995,226.52190314000003,0.1724609375,4983,300.0,0.0002,0.009813420241698623,0.2,0.6031371355056763
1020,1077,1939,2088960,-0.5723269581794739,-0.009331184020265938,-56.511528396606444,0.014212702,0.5176482200622559,226.74978119,0.13525390625,4988,300.0,0.0002,0.009254257520660758,0.2,0.6035377383232117
1021,1077,1940,2091008,-0.5221875905990601,0.013944359496235847,-56.53670692443848,0.014303877,0.535380482673645,225.42137538000003,0.1875,4989,300.0,0.0002,0.009369324892759323,0.2,0.6035963892936707
1022,1077,1942,2093056,-0.5920408964157104,-0.012293311511166393,-56.555752754211426,0.014005926,0.5920971632003784,224.19611561999997,0.1451171875,4994,300.0,0.0002,0.00753627133090049,0.2,0.6039191484451294
1023,1077,1944,2095104,-0.5945852398872375,-0.014436207059770823,-56.58598804473877,0.011901112,0.6265334486961365,224.19611561999997,0.14072265625,4999,300.0,0.0002,0.006303109554573893,0.2,0.6042110323905945
1024,1077,1946,2097152,-0.5847894549369812,-0.0146630201023072,-56.62045421600342,0.012743997,0.678173840045929,224.25497609,0.12353515625,5004,300.0,0.0002,0.0074754147557541725,0.2,0.604586660861969
1025,1077,1948,2099200,-0.581334114074707,-0.00839645394589752,-56.65564384460449,0.011737319,0.6284229755401611,224.75926202000002,0.17109375,5009,300.0,0.0002,0.004924935172311962,0.2,0.6048824787139893
1026,1077,1950,2101248,-0.5975376963615417,-0.015998728945851325,-56.685160064697264,0.017313067,0.6259331703186035,223.53172218,0.1501953125,5014,300.0,0.0002,0.006873001903295517,0.2,0.6051821112632751
1027,1077,1952,2103296,-0.5772126913070679,-0.010111379658337683,-56.71349048614502,0.01638412,0.613671064376831,223.11339221999998,0.158984375,5019,300.0,0.0002,0.008464405802078545,0.2,0.6054283976554871
1028,1077,1954,2105344,-0.5856918096542358,-0.013286308385431767,-56.74310569763183,0.015285106,0.6038788557052612,224.66351047999996,0.14775390625,5024,300.0,0.0002,0.006827032333239913,0.2,0.6057996153831482
1029,1077,1956,2107392,-0.5853191018104553,-0.010135988309048116,-56.7790491104126,0.008735843,0.5376033782958984,225.31384153999997,0.11435546875,5029,300.0,0.0002,0.006955501972697675,0.2,0.6060814261436462
1030,1077,1958,2109440,-0.5889354944229126,-0.008856161823496222,-56.80999927520752,0.015571081,0.529796302318573,225.31384153999997,0.1453125,5034,300.0,0.0002,0.007696609385311604,0.2,0.6064537763595581
1031,1077,1959,2111488,-0.545663058757782,0.009635502162079016,-56.831504821777344,0.0156183755,0.5825616121292114,224.70895285000003,0.21875,5035,300.0,0.0002,0.008204904074470202,0.2,0.606484591960907
1032,1077,1961,2113536,-0.5895931124687195,-0.01345481346361339,-56.845183563232425,0.018786052,0.4001139998435974,226.12650658000007,0.1580078125,5040,300.0,0.0002,0.005517875798977912,0.2,0.6067231297492981
1033,1077,1963,2115584,-0.5937821865081787,-0.010876314109191298,-56.875146484375,0.018649435,0.5783067941665649,225.22027820000002,0.15751953125,5045,300.0,0.0002,0.0051928101107478145,0.2,0.6070912480354309
1034,1077,1965,2117632,-0.5861018300056458,-0.007673696870915592,-56.90896873474121,0.010444975,0.682939887046814,225.27114361,0.12626953125,5050,300.0,0.0002,0.004801369900815189,0.2,0.6074145436286926
1035,1077,1968,2119680,-0.5850555300712585,-0.011548464838415384,-56.9428316116333,0.012652207,0.6311297416687012,225.60593566000003,0.13046875,5055,300.0,0.0002,0.005689259176142514,0.2,0.6077266931533813
1036,1076,1970,2121728,-0.5736880898475647,-0.010077359329443425,-56.979082870483396,0.0156202605,0.6274328231811523,226.02300831999997,0.16513671875,5060,300.0,0.0002,0.006560462387278676,0.2,0.6081535220146179
1037,1076,1972,2123776,-0.5921190977096558,-0.012258148333057762,-57.021883201599124,0.014463479,0.663328230381012,226.02300831999997,0.1173828125,5065,300.0,0.0002,0.006586417951621115,0.2,0.6084626913070679
1038,1076,1974,2125824,-0.5959175825119019,-0.019326834194362163,-57.051544189453125,0.02003024,0.5621579885482788,226.54725277,0.17919921875,5070,300.0,0.0002,0.008595936838537455,0.2,0.6087900996208191
1039,1076,1976,2127872,-0.5862502455711365,-0.009820485324598848,-57.09184322357178,0.014340932,0.6371313333511353,226.55123215,0.13525390625,5075,300.0,0.0002,0.005599782732315361,0.2,0.6092321276664734
1040,1076,1978,2129920,-0.5863358378410339,-0.012201711093075574,-57.13147373199463,0.011865791,0.5874109864234924,226.94633036999997,0.13291015625,5080,300.0,0.0002,0.006140989670529962,0.2,0.6095685362815857
1041,1076,1980,2131968,-0.5848950743675232,-0.0050268028629943725,-57.16246585845947,0.013524459,0.5243635177612305,228.04207599999998,0.1755859375,5085,300.0,0.0002,0.005484625836834312,0.2,0.6098820567131042
1042,1076,1981,2134016,-0.5620748996734619,0.0007076087909249159,-57.185320340670074,0.03308752,0.6030535697937012,227.73233933999995,0.20237379807692307,5089,300.0,0.0002,0.005382384925794143,0.2,0.6100114583969116
1043,1076,1983,2136064,-0.5879847407341003,-0.014092433429323138,-57.205316162109376,0.013625346,0.6007558107376099,228.79509880000006,0.1390625,5094,300.0,0.0002,0.0068760386668145655,0.2,0.6103205680847168
1044,1076,1985,2138112,-0.5839439630508423,-0.012218105769716204,-57.23722972869873,0.014898524,0.5598729848861694,228.79509880000006,0.14521484375,5099,300.0,0.0002,0.006503066769801081,0.2,0.6105849146842957
1045,1076,1988,2140160,-0.6017505526542664,-0.012030699895694852,-57.2705883026123,0.01374002,0.5907595157623291,228.71669017999997,0.134765625,5104,300.0,0.0002,0.008985535334795713,0.2,0.6110506653785706
1046,1076,1990,2142208,-0.6030313372612,-0.0132152465172112,-57.31065559387207,0.012853759,0.6461911201477051,228.99342758000003,0.1576171875,5109,300.0,0.0002,0.005855508730746806,0.2,0.6112892627716064
1047,1076,1992,2144256,-0.5675740838050842,-0.0053282687440514565,-57.33305053710937,0.014578242,0.6335650682449341,229.26529829,0.1474609375,5114,300.0,0.0002,0.006452028616331517,0.2,0.6115576028823853
1048,1076,1994,2146304,-0.6018916964530945,-0.011215444013942033,-57.36352729797363,0.008397905,0.6450304985046387,230.12594401,0.12578125,5119,300.0,0.0002,0.010206371685490013,0.2,0.6118998527526855
1049,1076,1996,2148352,-0.5930045247077942,-0.011980921798385679,-57.399085235595706,0.016376518,0.6737915873527527,230.47287324999996,0.13955078125,5124,300.0,0.0002,0.009942440781742334,0.2,0.6122397780418396
1050,1076,1998,2150400,-0.5925360321998596,-0.00645904247649014,-57.42920761108398,0.010603562,0.652935802936554,230.70830766999998,0.1375,5129,300.0,0.0002,0.008688784507103264,0.2,0.6125389933586121
1051,1075,2000,2152448,-0.5917791128158569,-0.0034541138098575174,-57.46005363464356,0.011116079,0.43529564142227173,230.70830766999998,0.22509765625,5134,300.0,0.0002,0.007213779934681952,0.2,0.61282879114151
1052,1075,2002,2154496,-0.600935697555542,-0.008526706113480031,-57.48681011199951,0.017892078,0.4749978184700012,231.31748626999996,0.1857421875,5139,300.0,0.0002,0.008522460795938968,0.2,0.6131041049957275
1053,1075,2005,2156544,-0.6002157330513,-0.01220560111105442,-57.50657558441162,0.010468796,0.5092469453811646,231.65192336999996,0.13447265625,5144,300.0,0.0002,0.006091186567209661,0.2,0.6132093667984009
1054,1075,2006,2158592,-0.5724774599075317,-0.0032822072842261856,-57.51290660434299,0.030201085,0.5067836046218872,230.82711689999994,0.19303385416666666,5149,300.0,0.0002,0.005404122587707307,0.2,0.6132830381393433
1055,1075,2008,2160640,-0.5933058857917786,-0.009123543818714098,-57.52584037780762,0.010298144,0.620368480682373,231.31063303999997,0.134765625,5154,300.0,0.0002,0.005654919380322099,0.2,0.6135381460189819
1056,1075,2010,2162688,-0.585499107837677,-0.009628109191544354,-57.556223487854005,0.010619393,0.5680093765258789,232.07713301999996,0.1236328125,5159,300.0,0.0002,0.005602306639775634,0.2,0.6138157844543457
1057,1075,2013,2164736,-0.5973409414291382,-0.013966722600162029,-57.5904203414917,0.013817851,0.6556270718574524,232.07713301999996,0.1724609375,5164,300.0,0.0002,0.006658201245591045,0.2,0.6142408847808838
1058,1075,2015,2166784,-0.5985862016677856,-0.011771026765927672,-57.63218002319336,0.013187769,0.5819414854049683,232.20649076,0.12451171875,5169,300.0,0.0002,0.007212080899626017,0.2,0.6146379113197327
1059,1075,2017,2168832,-0.596278190612793,-0.00974800691474229,-57.663717651367186,0.015796214,0.6364551186561584,231.19120094000004,0.1349609375,5174,300.0,0.0002,0.009950447827577591,0.2,0.6148650646209717
1060,1074,2019,2170880,-0.5976223349571228,-0.008786290837451815,-57.68369274139404,0.021956258,0.5394866466522217,229.96532775,0.186328125,5179,300.0,0.0002,0.00855643094982952,0.2,0.6150495409965515
1061,1074,2021,2172928,-0.583652913570404,-0.003810760483611375,-57.7027084350586,0.010416955,0.5350792407989502,228.62753089999998,0.1525390625,5184,300.0,0.0002,0.006951982667669654,0.2,0.6153055429458618
1062,1074,2023,2174976,-0.5972573757171631,-0.011978180310688914,-57.740113258361816,0.016136436,0.5873878002166748,228.50556802,0.16171875,5189,300.0,0.0002,0.004870254802517593,0.2,0.615765392780304
1063,1074,2025,2177024,-0.6025184988975525,-0.011398189631290735,-57.78279628753662,0.014183247,0.5829942226409912,227.35371609,0.1474609375,5194,300.0,0.0002,0.005865080235525966,0.2,0.6161382794380188
1064,1074,2027,2179072,-0.5910157561302185,-0.0113197730621323,-57.820067405700684,0.012764778,0.5559331178665161,227.35371609,0.129296875,5199,300.0,0.0002,0.005866734334267676,0.2,0.6165660619735718
1065,1074,2030,2181120,-0.5952706336975098,-0.007807572977617383,-57.86533184051514,0.009089804,0.5665184855461121,227.65752405,0.10205078125,5204,300.0,0.0002,0.005856897635385394,0.2,0.6169863939285278
1066,1074,2032,2183168,-0.5966965556144714,-0.012295634020119905,-57.90533599853516,0.012736733,0.635313868522644,227.24098482999997,0.11396484375,5209,300.0,0.0002,0.008847686415538191,0.2,0.6174017786979675
1067,1074,2034,2185216,-0.598678469657898,-0.012381067243404686,-57.936838722229005,0.011679448,0.6224998235702515,227.81066540999996,0.12431640625,5214,300.0,0.0002,0.006470621866174042,0.2,0.6176077127456665
1068,1073,2036,2187264,-0.59950852394104,-0.011347547173500061,-57.9518497467041,0.012966981,0.6105989217758179,226.64437202999997,0.1484375,5219,300.0,0.0002,0.007196078426204622,0.2,0.6177775263786316
1069,1073,2038,2189312,-0.5930806994438171,-0.015698879910632967,-57.969478607177734,0.017533304,0.5843583345413208,226.35129221,0.162109375,5224,300.0,0.0002,0.008569647511467337,0.2,0.6179393529891968
1070,1073,2040,2191360,-0.600727915763855,-0.009757669502869248,-57.99349994659424,0.01165099,0.6802531480789185,224.24925366999997,0.13369140625,5229,300.0,0.0002,0.009588360693305731,0.2,0.6182599663734436
1071,1073,2042,2193408,-0.6005027890205383,-0.011505512532312422,-58.023018264770506,0.013325547,0.49548107385635376,224.24925366999997,0.14658203125,5234,300.0,0.0002,0.011171952588483691,0.2,0.6184703707695007
1072,1073,2044,2195456,-0.5804670453071594,-0.004055777029134333,-58.04393539428711,0.019712318,0.5174086689949036,224.93718722000006,0.1638671875,5239,300.0,0.0002,0.007089603436179459,0.2,0.6186794638633728
1073,1074,2045,2197504,-0.540424644947052,0.00862953916657716,-58.056251525878906,0.014322539,0.5263876914978027,225.17780610000005,0.181640625,5240,300.0,0.0002,0.011084208963438869,0.2,0.618713915348053
1074,1074,2047,2199552,-0.597127377986908,-0.012303285859525203,-58.068972778320315,0.010555764,0.523770809173584,225.46309501000005,0.14189453125,5245,300.0,0.0002,0.007554034329950809,0.2,0.6189615726470947
1075,1073,2050,2201600,-0.5993629097938538,-0.008907774556428194,-58.10000476837158,0.012566528,0.608156681060791,225.75641665999999,0.1525390625,5250,300.0,0.0002,0.008332782401703298,0.2,0.619347333908081
1076,1073,2052,2203648,-0.5910327434539795,-0.010667567001655697,-58.14533710479736,0.012072466,0.5851361751556396,226.06797748000005,0.16865234375,5255,300.0,0.0002,0.008098580641672015,0.2,0.6198415160179138
1077,1073,2054,2205696,-0.6035136580467224,-0.008427739352919161,-58.19174461364746,0.010666149,0.5704694390296936,226.75858981999997,0.1416015625,5260,300.0,0.0002,0.007030653674155474,0.2,0.6203081011772156
1078,1073,2056,2207744,-0.5988106727600098,-0.010515621164813638,-58.237030029296875,0.015191771,0.5050737857818604,226.75858981999997,0.161328125,5265,300.0,0.0002,0.006584783247672021,0.2,0.6207242608070374
1079,1073,2059,2209792,-0.6080697178840637,-0.00921296956948936,-58.271314239501955,0.008462,0.6035881042480469,226.3650007,0.11796875,5270,300.0,0.0002,0.00928090731613338,0.2,0.6210110783576965
1080,1072,2061,2211840,-0.6105417013168335,-0.012332185497507453,-58.28928565979004,0.012387523,0.6747341156005859,226.38510543000004,0.1751953125,5275,300.0,0.0002,0.00902335587888956,0.2,0.6210532784461975
1081,1072,2064,2213888,-0.6001712679862976,-0.012068595620803535,-58.302315139770506,0.012901459,0.6347664594650269,226.2046056,0.12841796875,5280,300.0,0.0002,0.010250054579228163,0.2,0.6214293241500854
1082,1072,2066,2215936,-0.5944761633872986,-0.004859522473998368,-58.34922752380371,0.015934821,0.5721510648727417,225.12287966,0.1658203125,5285,300.0,0.0002,0.007471438148058951,0.2,0.6218276619911194
1083,1072,2068,2217984,-0.5998605489730835,-0.011357280809897929,-58.378981018066405,0.01225752,0.5657610297203064,224.92994938,0.15498046875,5290,300.0,0.0002,0.007339808903634548,0.2,0.6221058964729309
1084,1071,2071,2220032,-0.5953019261360168,-0.007456537825055421,-58.40950756072998,0.011939935,0.5875611305236816,226.39758451,0.16650390625,5295,300.0,0.0002,0.009140989370644092,0.2,0.6224092245101929
1085,1071,2073,2222080,-0.589622437953949,-0.004580772947520018,-58.43378677368164,0.013249969,0.4614751935005188,226.39758451,0.15576171875,5300,300.0,0.0002,0.006487210979685187,0.2,0.6226123571395874
1086,1071,2075,2224128,-0.5943430662155151,-0.00902971625328064,-58.45480518341064,0.009774562,0.6228516697883606,226.96944933999998,0.1591796875,5305,300.0,0.0002,0.011832032073289155,0.2,0.6228787899017334
1087,1071,2078,2226176,-0.5824410319328308,-0.008923818916082382,-58.4860761642456,0.018641837,0.5755984783172607,226.56428878000003,0.179296875,5310,300.0,0.0002,0.005570592009462416,0.2,0.6231952905654907
1088,1070,2080,2228224,-0.612204372882843,-0.01201546578668058,-58.52134666442871,0.012593413,0.5316603183746338,226.80737815000003,0.1443359375,5315,300.0,0.0002,0.008330458751879632,0.2,0.6236506104469299
1089,1070,2084,2230272,-0.5939072966575623,-0.0004771765787154436,-58.56503410339356,0.022503234,0.5764927268028259,227.29904941999996,0.202734375,5320,300.0,0.0002,0.007348540355451405,0.2,0.6240057349205017
1090,1069,2086,2232320,-0.6085086464881897,-0.012245209654793143,-58.60094528198242,0.013701542,0.6479317545890808,226.80554073,0.14853515625,5325,300.0,0.0002,0.007257077121175825,0.2,0.6244486570358276
1091,1069,2089,2234368,-0.5876622200012207,-0.009228042070753872,-58.64301223754883,0.017144013,0.6600456833839417,226.80554073,0.12041015625,5330,300.0,0.0002,0.008709141868166625,0.2,0.6248360872268677
1092,1069,2090,2236416,-0.5749316215515137,0.008665013696170516,-58.66614193386502,0.030143522,0.4957805275917053,224.97719507999994,0.20008680555555555,5333,300.0,0.0002,0.012607542797923088,0.2,0.6249135136604309
1093,1069,2093,2238464,-0.6200717687606812,-0.01506090328330174,-58.688187980651854,0.014632231,0.48851650953292847,225.17510887,0.127734375,5338,300.0,0.0002,0.007009528111666441,0.2,0.6253411173820496
1094,1069,2095,2240512,-0.5995786786079407,-0.008764003892429173,-58.72818241119385,0.013872564,0.6404010057449341,226.74473408999995,0.14697265625,5343,300.0,0.0002,0.006979393213987351,0.2,0.6256466507911682
1095,1069,2097,2242560,-0.6127256751060486,-0.013541485532186925,-58.75589122772217,0.013366441,0.6201537847518921,227.41508917,0.135546875,5348,300.0,0.0002,0.006993600353598595,0.2,0.6258977651596069
1096,1069,2099,2244608,-0.6245372295379639,-0.014858316560275853,-58.78813247680664,0.011279833,0.6348655223846436,226.90536469,0.1326171875,5353,300.0,0.0002,0.006558184092864394,0.2,0.626310408115387
1097,1068,2101,2246656,-0.608436644077301,-0.008335208322387188,-58.83140983581543,0.011572882,0.6261308789253235,228.50443668,0.16572265625,5358,300.0,0.0002,0.007061470136977732,0.2,0.626677930355072
1098,1068,2104,2248704,-0.6115236878395081,-0.005893120961263776,-58.863399505615234,0.009478644,0.5806446075439453,228.50443668,0.15986328125,5363,300.0,0.0002,0.005582940927706659,0.2,0.6270017027854919
1099,1068,2106,2250752,-0.6099125146865845,-0.012465009884908795,-58.90435638427734,0.013765413,0.5992438793182373,226.60983017999996,0.15302734375,5368,300.0,0.0002,0.009891789592802524,0.2,0.6275154948234558
1100,1068,2108,2252800,-0.5833906531333923,0.0004010344338085916,-58.93986087375217,0.04362896,0.5271865725517273,229.12826694,0.21809895833333334,5371,300.0,0.0002,0.008375263979865445,0.2,0.6276814937591553
1101,1068,2110,2254848,-0.6144639849662781,-0.00593446958810091,-58.96656131744385,0.010115299,0.5931493043899536,227.63698962,0.15078125,5376,300.0,0.0002,0.007071666675619781,0.2,0.6280903220176697
1102,1067,2113,2256896,-0.5945881009101868,-0.011344162607565522,-59.01509189605713,0.010628324,0.6201884150505066,227.68431462999996,0.11083984375,5381,300.0,0.0002,0.007060626847669482,0.2,0.6286893486976624
1103,1067,2116,2258944,-0.6074578762054443,-0.01024980079382658,-59.069563484191896,0.012551723,0.6077198386192322,226.84451381,0.15888671875,5386,300.0,0.0002,0.008240055129863321,0.2,0.6291166543960571
1104,1067,2118,2260992,-0.6158322691917419,-0.0132607810664922,-59.10227470397949,0.014829483,0.6108090281486511,227.55906389000003,0.12880859375,5391,300.0,0.0002,0.007743179076351225,0.2,0.629421055316925
1105,1066,2121,2263040,-0.6173110008239746,-0.015172700956463813,-59.1281925201416,0.019141003,0.6109542846679688,227.55906389000003,0.19658203125,5396,300.0,0.0002,0.007170386146754026,0.2,0.629613995552063
1106,1066,2124,2265088,-0.6121959686279297,-0.01363809236790985,-59.14954319000244,0.014524695,0.6329350471496582,228.18660388000004,0.132421875,5401,300.0,0.0002,0.005596490064635873,0.2,0.629891037940979
1107,1065,2128,2267136,-0.6190473437309265,-0.013191611669026316,-59.17864990234375,0.010785129,0.704569935798645,228.61462676000002,0.1478515625,5406,300.0,0.0002,0.008280216180719436,0.2,0.6302444338798523
1108,1064,2131,2269184,-0.6163651943206787,-0.01448585072066635,-59.22137584686279,0.017818809,0.6074724197387695,227.51657211999998,0.1654296875,5411,300.0,0.0002,0.008605648926459254,0.2,0.630779504776001
1109,1064,2132,2271232,-0.5785338282585144,-0.0003827818436548114,-59.26456864674886,0.019491922,0.5431878566741943,229.05339251999993,0.17122395833333334,5414,300.0,0.0002,0.008270011632703245,0.2,0.6310649514198303
1110,1064,2135,2273280,-0.6193682551383972,-0.015539327845908701,-59.29337615966797,0.01065088,0.5824483036994934,229.49994698999996,0.12802734375,5419,300.0,0.0002,0.008015589835122228,0.2,0.6313652396202087
1111,1064,2138,2275328,-0.6129122972488403,-0.012435306212864816,-59.321153450012204,0.016117457,0.5761520862579346,230.26022845,0.1544921875,5424,300.0,0.0002,0.007371679530479014,0.2,0.6316742897033691
1112,1063,2141,2277376,-0.6148326396942139,-0.015273687290027737,-59.35134792327881,0.016015213,0.5917896032333374,230.26022845,0.18388671875,5429,300.0,0.0002,0.007029043324291706,0.2,0.6320511102676392
1113,1063,2144,2279424,-0.6176324486732483,-0.014295844384469092,-59.392787551879884,0.012701865,0.6016770005226135,228.68110910000004,0.16845703125,5434,300.0,0.0002,0.0060666230041533705,0.2,0.6325672268867493
1114,1062,2147,2281472,-0.6235036253929138,-0.012474879040382802,-59.44560146331787,0.012578262,0.5090969204902649,228.10278617,0.15771484375,5439,300.0,0.0002,0.0054291459498927,0.2,0.6331143975257874
1115,1062,2149,2283520,-0.601978063583374,-0.006126718106679618,-59.49369125366211,0.015563744,0.5887123346328735,226.92169252000002,0.1880859375,5444,300.0,0.0002,0.005605810577981174,0.2,0.6335210204124451
1116,1061,2152,2285568,-0.6117721199989319,-0.012193368701264262,-59.52607669830322,0.022807878,0.6391002535820007,227.18979664000005,0.180859375,5449,300.0,0.0002,0.008794081653468311,0.2,0.6337879300117493
1117,1061,2155,2287616,-0.6115575432777405,-0.007731878687627614,-59.55173892974854,0.016130488,0.6178630590438843,226.89501401,0.15439453125,5454,300.0,0.0002,0.008541175187565387,0.2,0.6341069340705872
1118,1060,2158,2289664,-0.6124404668807983,-0.010826143668964505,-59.587544441223145,0.013190838,0.6510509252548218,226.79662238,0.161328125,5459,300.0,0.0002,0.006137229013256728,0.2,0.6344463229179382
1119,1060,2161,2291712,-0.6233000755310059,-0.012177177844569087,-59.62149085998535,0.013214404,0.6794430613517761,226.79662238,0.1326171875,5464,300.0,0.0002,0.006599835422821343,0.2,0.6348022818565369
1120,1059,2164,2293760,-0.6110066175460815,-0.012996654398739338,-59.65191879272461,0.020314183,0.5011436939239502,226.84626053,0.1796875,5469,300.0,0.0002,0.006030050152912736,0.2,0.6350216865539551
1121,1059,2167,2295808,-0.6099767088890076,-0.011744565260596574,-59.672421836853026,0.013277432,0.6730798482894897,228.45438326,0.1341796875,5474,300.0,0.0002,0.0062958139693364504,0.2,0.635347843170166
1122,1058,2170,2297856,-0.6049494743347168,-0.01279446086846292,-59.710751342773435,0.021058049,0.6177645921707153,228.16721354999999,0.171484375,5479,300.0,0.0002,0.006694154930301011,0.2,0.6357503533363342
1123,1057,2173,2299904,-0.6160849928855896,-0.014508476201444864,-59.743107604980466,0.013115088,0.5370556712150574,229.54039357999994,0.1326171875,5484,300.0,0.0002,0.006341653736308217,0.2,0.6360287666320801
1124,1057,2177,2301952,-0.6316084265708923,-0.012565612001344562,-59.77095546722412,0.010779396,0.6112192869186401,229.07857472999996,0.10166015625,5489,300.0,0.0002,0.004333698819391429,0.2,0.6363797783851624
1125,1056,2180,2304000,-0.6254899501800537,-0.013043248525355012,-59.80817928314209,0.014937076,0.6661175489425659,227.53779512,0.171875,5494,300.0,0.0002,0.005372819420881569,0.2,0.6368165612220764
1126,1057,2181,2306048,-0.5844271183013916,0.00248270466302832,-59.834446589152016,0.02557288,0.34107738733291626,227.53779512,0.125,5496,300.0,0.0002,0.004833398852497339,0.2,0.6369011998176575
1127,1056,2184,2308096,-0.6252594590187073,-0.013016961817629635,-59.855869102478025,0.010520283,0.5100393891334534,227.79880939999998,0.12392578125,5501,300.0,0.0002,0.006457487633451819,0.2,0.6373094320297241
1128,1056,2187,2310144,-0.6192330718040466,-0.010036232764832675,-59.900404167175296,0.011502024,0.6740983724594116,228.01628068000005,0.1275390625,5506,300.0,0.0002,0.005833795899525285,0.2,0.6377983689308167
1129,1055,2190,2312192,-0.6209725141525269,-0.014314741990529001,-59.94420547485352,0.015193833,0.6434401273727417,227.76183069,0.15322265625,5511,300.0,0.0002,0.007898500445298851,0.2,0.6382167935371399
1130,1055,2193,2314240,-0.6230242848396301,-0.009218399156816303,-59.975341415405275,0.009853626,0.5714609622955322,228.86365741999998,0.1396484375,5516,300.0,0.0002,0.005905845621600747,0.2,0.6383787989616394
1131,1054,2196,2316288,-0.6184378862380981,-0.01068123709410429,-59.984710121154784,0.014028959,0.6209357976913452,228.46589581,0.1486328125,5521,300.0,0.0002,0.00622483417391777,0.2,0.6385096907615662
1132,1054,2197,2318336,-0.5618013739585876,0.012685540597885847,-59.99535655975342,0.013172828,0.48149603605270386,228.46589581,0.16796875,5522,300.0,0.0002,0.010214875219389796,0.2,0.6385470032691956
1133,1053,2201,2320384,-0.6138195991516113,-0.011001566390041262,-60.00762424468994,0.010538855,0.4761276841163635,229.68934631,0.1193359375,5527,300.0,0.0002,0.008904434274882078,0.2,0.6387789845466614
1134,1053,2204,2322432,-0.6270040273666382,-0.014483271492645144,-60.03320960998535,0.013383025,0.4723438024520874,230.81354366000002,0.16416015625,5532,300.0,0.0002,0.006501885689795017,0.2,0.6391018033027649
1135,1052,2208,2324480,-0.6070887446403503,-0.009210788225755096,-60.06901588439941,0.014889991,0.5159841179847717,229.17720105000004,0.14970703125,5537,300.0,0.0002,0.006096285209059716,0.2,0.6394985318183899
1136,1051,2212,2326528,-0.6101287007331848,-0.005842041410505772,-60.1009183883667,0.016472427,0.5919152498245239,228.84268560999996,0.16005859375,5542,300.0,0.0002,0.006784067465923726,0.2,0.6397683620452881
1137,1051,2215,2328576,-0.6266916990280151,-0.013369368715211749,-60.127257919311525,0.0146295875,0.6164776086807251,227.78108985999998,0.1482421875,5547,300.0,0.0002,0.006271115061827004,0.2,0.6400815844535828
1138,1050,2218,2330624,-0.6149552464485168,-0.012902893638238312,-60.15665225982666,0.012566095,0.6099106073379517,227.22427323000002,0.14677734375,5552,300.0,0.0002,0.005223866063170135,0.2,0.6403905749320984
1139,1049,2221,2332672,-0.6260358691215515,-0.01128278709948063,-60.187489891052245,0.013500355,0.5780446529388428,227.22427323000002,0.1314453125,5557,300.0,0.0002,0.0059098220663145185,0.2,0.6408219933509827
1140,1049,2225,2334720,-0.6294794082641602,-0.007820233167149127,-60.238274574279785,0.013521457,0.6388767957687378,226.97355009000003,0.173828125,5562,300.0,0.0002,0.006651807646267116,0.2,0.6414068341255188
1141,1048,2228,2336768,-0.6172876358032227,-0.010836599650792778,-60.295189476013185,0.016916173,0.5990809202194214,226.94298573000003,0.13935546875,5567,300.0,0.0002,0.006385115766897797,0.2,0.6419403553009033
1142,1047,2232,2338816,-0.6190928220748901,-0.007603043620474636,-60.33598289489746,0.006911584,0.6668025255203247,227.52211061999998,0.093359375,5572,300.0,0.0002,0.006401681830175221,0.2,0.6422274112701416
1143,1046,2236,2340864,-0.6231351494789124,-0.01264407557900995,-60.36592750549316,0.011362854,0.6828963756561279,229.69924455,0.12060546875,5577,300.0,0.0002,0.006294180336408317,0.2,0.6426281929016113
1144,1046,2239,2342912,-0.6256471872329712,-0.010916203004308045,-60.404460716247556,0.01231057,0.7292534112930298,228.70982395,0.14912109375,5582,300.0,0.0002,0.006984050874598325,0.2,0.6429463028907776
1145,1045,2242,2344960,-0.618772029876709,-0.01111106543103233,-60.43474006652832,0.015169529,0.6395978927612305,229.19773942,0.143359375,5587,300.0,0.0002,0.010401312122121453,0.2,0.6433476805686951
1146,1044,2245,2347008,-0.6228718757629395,-0.010169616062194109,-60.475148391723636,0.010191789,0.5965700149536133,229.19773942,0.113671875,5592,300.0,0.0002,0.00598515726160258,0.2,0.6437062621116638
1147,1044,2249,2349056,-0.6154133677482605,-0.009350916417315603,-60.50617027282715,0.010681198,0.579558253288269,229.32857374,0.11748046875,5597,300.0,0.0002,0.007314530620351434,0.2,0.6440088152885437
1148,1043,2252,2351104,-0.6208622455596924,-0.012580199120566248,-60.53860664367676,0.010640182,0.5582689046859741,227.98945902,0.1458984375,5602,300.0,0.0002,0.006831582146696746,0.2,0.6443808078765869
1149,1043,2255,2353152,-0.6316148042678833,-0.01711370749399066,-60.574886894226076,0.01594194,0.6204994916915894,227.58752836,0.15537109375,5607,300.0,0.0002,0.006001250189729035,0.2,0.6447646617889404
1150,1042,2259,2355200,-0.6322152018547058,-0.016793999611400066,-60.60436725616455,0.013584031,0.545946478843689,228.37582887999997,0.1326171875,5612,300.0,0.0002,0.006090704561211168,0.2,0.6450005769729614
1151,1041,2263,2357248,-0.6210222244262695,-0.0058305804850533605,-60.62580528259277,0.0100975,0.5521326065063477,228.10836518999997,0.20263671875,5617,300.0,0.0002,0.006267965398728847,0.2,0.6453126668930054
1152,1040,2267,2359296,-0.6403262615203857,-0.006983662385027856,-60.659072685241696,0.013312466,0.5790229439735413,228.73003289,0.170703125,5622,300.0,0.0002,0.006469455547630787,0.2,0.6457020044326782
1153,1039,2271,2361344,-0.6234983801841736,-0.00466286763548851,-60.69211387634277,0.013193667,0.6073815822601318,228.73003289,0.1677734375,5627,300.0,0.0002,0.006792328529991209,0.2,0.6459652781486511
1154,1038,2274,2363392,-0.6276777982711792,-0.014440955757163466,-60.72160663604736,0.013894709,0.6081140041351318,228.31649937999998,0.13955078125,5632,300.0,0.0002,0.00973479002714157,0.2,0.6464356184005737
1155,1038,2278,2365440,-0.618408203125,-0.012942372262477875,-60.763221168518065,0.01152894,0.5628420114517212,227.47154217000002,0.12626953125,5637,300.0,0.0002,0.007762811705470085,0.2,0.6467544436454773
1156,1037,2282,2367488,-0.6338912844657898,-0.013422144926153123,-60.79263000488281,0.014293736,0.5803463459014893,229.32343937999997,0.1353515625,5642,300.0,0.0002,0.0072385328589007255,0.2,0.6471609473228455
1157,1036,2285,2369536,-0.6301143169403076,-0.012274182541295886,-60.83687782287598,0.0117297415,0.6277682781219482,229.6477182,0.14765625,5647,300.0,0.0002,0.00689762404654175,0.2,0.6476032733917236
1158,1035,2289,2371584,-0.6212552785873413,-0.013759371498599649,-60.876425170898436,0.018030494,0.5695511698722839,229.04091041,0.1732421875,5652,300.0,0.0002,0.008259856840595603,0.2,0.6479859948158264
1159,1034,2293,2373632,-0.6314005851745605,-0.010778963624034077,-60.910522079467775,0.014214549,0.6483041048049927,230.29248999000006,0.1609375,5657,300.0,0.0002,0.006188769242726266,0.2,0.6483253240585327
1160,1033,2297,2375680,-0.6370081901550293,-0.014030413911677897,-60.9410795211792,0.010437624,0.6254462599754333,230.29248999000006,0.12314453125,5662,300.0,0.0002,0.006365071563050151,0.2,0.6486008167266846
1161,1034,2299,2377728,-0.5732917189598083,0.008115300093777478,-60.95593452453613,0.016627667,0.5990505814552307,231.6196781,0.20166015625,5663,300.0,0.0002,0.006197622278705239,0.2,0.6486339569091797
1162,1033,2302,2379776,-0.6292526721954346,-0.005510489433072507,-60.970818519592285,0.017139014,0.6078871488571167,230.86482828,0.20068359375,5668,300.0,0.0002,0.00879538564477116,0.2,0.648932695388794
1163,1032,2306,2381824,-0.6156544089317322,-0.010463256645016373,-61.00117511749268,0.012106082,0.5769721269607544,231.27539029000002,0.13173828125,5673,300.0,0.0002,0.0075494142482057216,0.2,0.6492727398872375
1164,1031,2310,2383872,-0.6365936994552612,-0.011192769976332784,-61.03161811828613,0.013736596,0.5811413526535034,230.28359856999998,0.14287109375,5678,300.0,0.0002,0.007264639786444605,0.2,0.6496080160140991
1165,1031,2313,2385920,-0.6262714862823486,-0.0069321779068559405,-61.05761203765869,0.011516557,0.5167725086212158,231.21366369,0.20322265625,5683,300.0,0.0002,0.0072878717444837095,0.2,0.6498380303382874
1166,1029,2318,2387968,-0.6258867383003235,-0.010761249042116106,-61.08435897827148,0.01489872,0.6065614223480225,231.21366369,0.15634765625,5688,300.0,0.0002,0.005572012509219348,0.2,0.650201141834259
1167,1028,2322,2390016,-0.624770998954773,-0.006098588509485125,-61.1230770111084,0.013398111,0.3994268774986267,231.31211334999998,0.2125,5693,300.0,0.0002,0.0050959939835593104,0.2,0.650642454624176
1168,1027,2327,2392064,-0.6249486207962036,-0.01103322571143508,-61.1635721206665,0.01261311,0.5277994871139526,231.15391186000005,0.13056640625,5698,300.0,0.0002,0.005283177993260324,0.2,0.6510659456253052
1169,1027,2330,2394112,-0.6336137652397156,-0.012844173447228968,-61.19674835205078,0.017914541,0.6021993160247803,232.3807737,0.18857421875,5703,300.0,0.0002,0.006644042697735131,0.2,0.6513251662254333
1170,1026,2334,2396160,-0.628027081489563,-0.007788685197010636,-61.2151237487793,0.013830229,0.5666494369506836,232.41170527000003,0.15927734375,5708,300.0,0.0002,0.006141264387406409,0.2,0.6514832973480225
1171,1025,2338,2398208,-0.6179165840148926,-0.006892690155655146,-61.23132400512695,0.013292008,0.6000961065292358,231.63968459000003,0.1298828125,5713,300.0,0.0002,0.0058034051209688185,0.2,0.6516847014427185
1172,1024,2341,2400256,-0.6335939168930054,-0.008864365052431822,-61.24856185913086,0.0131524615,0.6511154174804688,231.16047953,0.169140625,5718,300.0,0.0002,0.005464680772274732,0.2,0.6518283486366272
1173,1024,2345,2402304,-0.6417859196662903,-0.013469298230484128,-61.268676948547366,0.010431629,0.6579674482345581,231.16047953,0.1044921875,5723,300.0,0.0002,0.007412810763344169,0.2,0.6521815657615662
1174,1024,2347,2404352,-0.5797192454338074,0.001535252551548183,-61.293803691864014,0.020020198,0.5901028513908386,229.31826576,0.142333984375,5725,300.0,0.0002,0.009757875581271946,0.2,0.6523019671440125
1175,1023,2352,2406400,-0.6419053673744202,-0.013573022838681937,-61.31434345245361,0.014727876,0.5756915211677551,228.02326459000003,0.14580078125,5730,300.0,0.0002,0.007510691438801587,0.2,0.6526252031326294
1176,1022,2356,2408448,-0.6092014312744141,-0.010905952099710703,-61.34746971130371,0.019021513,0.5469343662261963,227.17393797999998,0.17041015625,5735,300.0,0.0002,0.008407602226361633,0.2,0.652991771697998
1177,1020,2361,2410496,-0.6375722885131836,-0.012195620755665004,-61.38036880493164,0.01666411,0.6145794987678528,227.51176413999997,0.1568359375,5740,300.0,0.0002,0.008621731819584966,0.2,0.6532944440841675
1178,1019,2365,2412544,-0.6441563963890076,-0.013581880857236684,-61.407762908935545,0.01330592,0.548522412776947,228.75517831000005,0.117578125,5745,300.0,0.0002,0.007687853183597326,0.2,0.6536585092544556
1179,1019,2369,2414592,-0.6306744813919067,-0.00847547585144639,-61.44148502349854,0.019104494,0.5706192255020142,227.63167565,0.21171875,5750,300.0,0.0002,0.007638142840005457,0.2,0.653948962688446
1180,1018,2372,2416640,-0.6385218501091003,-0.009942313912324608,-61.464155769348146,0.013906058,0.5829092264175415,227.63167565,0.12646484375,5755,300.0,0.0002,0.008550222916528582,0.2,0.6542588472366333
1181,1017,2376,2418688,-0.6404037475585938,-0.010871299682185054,-61.49883689880371,0.014019876,0.5283982157707214,228.63410782000003,0.15087890625,5760,300.0,0.0002,0.00594143383204937,0.2,0.6546061635017395
1182,1017,2378,2420736,-0.5882392525672913,0.00838642738138636,-61.514991760253906,0.014340865,0.5799975395202637,227.93294842000003,0.19401041666666666,5761,300.0,0.0002,0.006986795303722222,0.2,0.6546315550804138
1183,1016,2383,2422784,-0.6287396550178528,-0.011726415646262468,-61.52765293121338,0.011139826,0.5872802734375,225.72078377999998,0.163671875,5766,300.0,0.0002,0.00882084472104907,0.2,0.6548956036567688
1184,1015,2387,2424832,-0.6363927721977234,-0.015097465156577528,-61.55851440429687,0.014410562,0.5854024887084961,227.79557291,0.14521484375,5771,300.0,0.0002,0.007704228837974369,0.2,0.6553617715835571
1185,1014,2391,2426880,-0.5905324816703796,-0.0019889967516064644,-61.592993996360086,0.02043201,0.5868220925331116,227.26339582999998,0.107421875,5774,300.0,0.0002,0.006857354828918522,0.2,0.6555625796318054
1186,1013,2395,2428928,-0.6432195901870728,-0.012097016465850175,-61.618489265441895,0.00995985,0.5277950167655945,228.9312458499999,0.13720703125,5779,300.0,0.0002,0.006073559378273785,0.2,0.6559109687805176
1187,1013,2399,2430976,-0.6419209837913513,-0.012693122215569019,-61.64905891418457,0.019140363,0.5930142402648926,228.9312458499999,0.1482421875,5784,300.0,0.0002,0.006506864819675684,0.2,0.6562530994415283
1188,1012,2403,2433024,-0.6392650604248047,-0.005023751244880259,-61.68106899261475,0.009773497,0.5137547850608826,230.20139129999998,0.16669921875,5789,300.0,0.0002,0.005404927581548691,0.2,0.6565712690353394
1189,1011,2407,2435072,-0.645464301109314,-0.011775403213687242,-61.70959739685058,0.014725765,0.6353877782821655,229.28979046000003,0.17685546875,5794,300.0,0.0002,0.009534327359870077,0.2,0.6569216847419739
1190,1010,2411,2437120,-0.6314270496368408,-0.007549947150982917,-61.744218254089354,0.013917914,0.560218095779419,230.56038064999996,0.18994140625,5799,300.0,0.0002,0.010281354701146484,0.2,0.6572774052619934
1191,1010,2413,2439168,-0.5794204473495483,0.012453430021802584,-61.762977600097656,0.015589785,0.5629695653915405,230.43581831,0.20963541666666666,5800,300.0,0.0002,0.008431418177982172,0.2,0.6573107242584229
1192,1009,2417,2441216,-0.6300796270370483,-0.010145568964071571,-61.78011589050293,0.012162926,0.5926473140716553,230.12115685,0.15244140625,5805,300.0,0.0002,0.008461055834777654,0.2,0.6576564908027649
1193,1008,2422,2443264,-0.6379861831665039,-0.010522328270599245,-61.81035823822022,0.014712368,0.5808502435684204,230.8278224,0.17587890625,5810,300.0,0.0002,0.008625796507112682,0.2,0.6579386591911316
1194,1007,2427,2445312,-0.634514570236206,-0.007749460963532328,-61.83594188690186,0.011548072,0.5324749946594238,230.8278224,0.17373046875,5815,300.0,0.0002,0.0077002729754894975,0.2,0.6582129597663879
1195,1006,2432,2447360,-0.6300817131996155,-0.009902904601767659,-61.860869598388675,0.013764764,0.5822081565856934,230.69972239000003,0.173828125,5820,300.0,0.0002,0.006941967667080462,0.2,0.6584759950637817
1196,1005,2436,2449408,-0.6354041695594788,-0.01351717251818627,-61.89019412994385,0.012344689,0.5271289348602295,232.53548132,0.15068359375,5825,300.0,0.0002,0.007170735555700958,0.2,0.6589332222938538
1197,1004,2440,2451456,-0.6454415917396545,-0.012639721669256688,-61.93931407928467,0.01571221,0.5215903520584106,235.14498688,0.1521484375,5830,300.0,0.0002,0.007079985574819148,0.2,0.6593712568283081
1198,1004,2441,2453504,-0.5919694304466248,0.011408730099598566,-61.95996856689453,0.014470871,0.5922089219093323,235.19763891000002,0.19140625,5831,300.0,0.0002,0.006302852959682544,0.2,0.6593987345695496
1199,1003,2446,2455552,-0.6364899277687073,-0.009111395047511905,-61.976270866394046,0.009663088,0.5342539548873901,235.89027137000002,0.11025390625,5836,300.0,0.0002,0.006336884526535869,0.2,0.6597607135772705
1200,1003,2448,2457600,-0.6023860573768616,0.005582119571045041,-62.00151586532593,0.02198026,0.6114793419837952,233.62347321000004,0.216796875,5838,300.0,0.0002,0.006788744940422475,0.2,0.659892201423645
1201,1002,2453,2459648,-0.6419287919998169,-0.011289789201691746,-62.027288627624515,0.012855328,0.4689953923225403,233.62347321000004,0.15517578125,5843,300.0,0.0002,0.009321719128638505,0.2,0.6603690385818481
1202,1001,2458,2461696,-0.6439380645751953,-0.014801639504730702,-62.08302040100098,0.017062465,0.5615702867507935,232.32953272999998,0.17421875,5848,300.0,0.0002,0.011442804895341396,0.2,0.661040186882019
1203,1000,2463,2463744,-0.6437543630599976,-0.013148206350160762,-62.133168601989745,0.013168278,0.658458948135376,231.83036722999998,0.1509765625,5853,300.0,0.0002,0.010617819568142294,0.2,0.6614434719085693
1204,999,2467,2465792,-0.6347445249557495,-0.008120762021280824,-62.170272254943846,0.011877224,0.6520110368728638,233.06784637,0.168359375,5858,300.0,0.0002,0.006434613396413625,0.2,0.661888062953949
1205,998,2472,2467840,-0.6488260626792908,-0.011287296889349818,-62.21581172943115,0.01378529,0.5760670900344849,233.25232053,0.14208984375,5863,300.0,0.0002,0.00634203318040818,0.2,0.6623841524124146
1206,997,2476,2469888,-0.6555435061454773,-0.01547017415286973,-62.26033821105957,0.013086123,0.6241790056228638,233.8554102,0.14423828125,5868,300.0,0.0002,0.005510105774737895,0.2,0.6628480553627014
1207,996,2481,2471936,-0.6389210224151611,-0.01187127340817824,-62.303326797485354,0.012432553,0.5983306169509888,233.8554102,0.145703125,5873,300.0,0.0002,0.006890997826121748,0.2,0.6632176041603088
1208,995,2486,2473984,-0.6457130312919617,-0.013742163381539284,-62.329999923706055,0.017985756,0.6006612777709961,231.95375241999997,0.1650390625,5878,300.0,0.0002,0.008432608610019088,0.2,0.6634588837623596
1209,993,2491,2476032,-0.6257593035697937,-0.01040554717183113,-62.35313053131104,0.01901519,0.5235207676887512,231.06281959000003,0.176953125,5883,300.0,0.0002,0.007078118342906237,0.2,0.6637231111526489
1210,992,2496,2478080,-0.6449313759803772,-0.006844633771106601,-62.37513904571533,0.009085724,0.5058058500289917,231.08173553,0.13251953125,5888,300.0,0.0002,0.00920560269150883,0.2,0.663951575756073
1211,991,2501,2480128,-0.6531726121902466,-0.017965101124718785,-62.407473754882815,0.020318015,0.6110256314277649,228.79933555000002,0.18984375,5893,300.0,0.0002,0.00890770647674799,0.2,0.6644651293754578
1212,990,2506,2482176,-0.6372118592262268,-0.007796944421716035,-62.454261016845706,0.013077125,0.5835092067718506,228.19867377000003,0.17099609375,5898,300.0,0.0002,0.009184297686442734,0.2,0.6649088859558105
1213,989,2511,2484224,-0.6508533358573914,-0.010437810188159346,-62.49200649261475,0.015721288,0.630387544631958,227.89975408,0.15830078125,5903,300.0,0.0002,0.009437755146063865,0.2,0.6653378009796143
1214,987,2517,2486272,-0.6454759240150452,-0.012235508393496275,-62.528120613098146,0.018303964,0.5620946884155273,227.89975408,0.1740234375,5908,300.0,0.0002,0.008978110551834107,0.2,0.6656948924064636
1215,986,2522,2488320,-0.6471402049064636,-0.008116357261314988,-62.55698165893555,0.012981053,0.4908134937286377,228.45303506999997,0.16826171875,5913,300.0,0.0002,0.006617161585018039,0.2,0.6659553647041321
1216,985,2528,2490368,-0.6370930075645447,-0.009203188214451074,-62.578382301330564,0.014004398,0.5881623029708862,230.11546039,0.17451171875,5918,300.0,0.0002,0.007251699501648545,0.2,0.6661510467529297
1217,983,2533,2492416,-0.6448363065719604,-0.008581067528575658,-62.59792785644531,0.015297506,0.6048694849014282,228.25773519999998,0.1861328125,5923,300.0,0.0002,0.01079336735419929,0.2,0.6663917899131775
1218,982,2539,2494464,-0.6500617861747742,-0.013247064698953181,-62.623649978637694,0.017628599,0.5729264616966248,227.71040542999998,0.17607421875,5928,300.0,0.0002,0.009040908957831561,0.2,0.6666814684867859
1219,981,2544,2496512,-0.6455151438713074,-0.011205540387891233,-62.65162887573242,0.014088125,0.5524738430976868,228.70461973000002,0.1951171875,5933,300.0,0.0002,0.006902060681022703,0.2,0.6670469641685486
1220,980,2549,2498560,-0.6443852782249451,-0.009402904543094337,-62.688612937927246,0.015192184,0.5716547966003418,228.45196279,0.1828125,5938,300.0,0.0002,0.0056579991476610305,0.2,0.66744464635849
1221,978,2554,2500608,-0.6498190760612488,-0.011178402788937091,-62.730737113952635,0.022717407,0.6032931804656982,228.45196279,0.19091796875,5943,300.0,0.0002,0.007060301443561912,0.2,0.6680158972740173
1222,977,2559,2502656,-0.6567752361297607,-0.013745828112587333,-62.779268455505374,0.014920689,0.604405403137207,228.20374729000002,0.1408203125,5948,300.0,0.0002,0.009881249163299799,0.2,0.6684160828590393
1223,976,2565,2504704,-0.6564019918441772,-0.015691164368763565,-62.81947364807129,0.012766618,0.6096935272216797,229.22672742999998,0.1728515625,5953,300.0,0.0002,0.009041333058848976,0.2,0.6689982414245605
1224,974,2571,2506752,-0.6571524143218994,-0.01579465209506452,-62.877133178710935,0.013071051,0.6064795255661011,230.39926963000005,0.1525390625,5958,300.0,0.0002,0.008164948946796358,0.2,0.6696555614471436
1225,973,2576,2508800,-0.6364513635635376,-0.014723588794004172,-62.93018054962158,0.012942461,0.6049163341522217,230.24225342999998,0.13837890625,5963,300.0,0.0002,0.007774774613790214,0.2,0.6701182723045349
1226,972,2582,2510848,-0.6534551978111267,-0.011631243932060897,-62.9651123046875,0.016051274,0.5758072137832642,229.87762035,0.1724609375,5968,300.0,0.0002,0.008104514260776342,0.2,0.6704066395759583
1227,972,2584,2512896,-0.6062248945236206,0.006119229597970843,-62.980414390563965,0.015481426,0.6198206543922424,229.76248446999995,0.18017578125,5969,300.0,0.0002,0.009755376493558288,0.2,0.6704574227333069
1228,971,2589,2514944,-0.6544253826141357,-0.013064087461680174,-62.9942985534668,0.011623353,0.5513144731521606,229.76248446999995,0.156640625,5974,300.0,0.0002,0.0072277917759492995,0.2,0.6707348823547363
1229,969,2594,2516992,-0.6478536128997803,-0.00957827498205006,-63.01829509735107,0.010299823,0.6154639720916748,229.16494963000002,0.14150390625,5979,300.0,0.0002,0.00706220967695117,0.2,0.671004593372345
1230,968,2600,2519040,-0.6564520597457886,-0.013785507180728018,-63.03987693786621,0.014460065,0.6429398059844971,229.82258001000002,0.14375,5984,300.0,0.0002,0.0069545760285109285,0.2,0.6712265610694885
1231,966,2607,2521088,-0.6558230519294739,-0.013034594932105393,-63.06509075164795,0.011074774,0.6503831148147583,230.51094288000002,0.1572265625,5989,300.0,0.0002,0.007811065204441548,0.2,0.6715328097343445
1232,965,2613,2523136,-0.639419674873352,-0.009203125489875674,-63.093753814697266,0.020590324,0.5954689383506775,231.88946691,0.1728515625,5994,300.0,0.0002,0.009163667797110975,0.2,0.6718407869338989
1233,964,2618,2525184,-0.6516553163528442,-0.009779098257422448,-63.120529365539554,0.011803341,0.6316283941268921,231.62163086,0.10439453125,5999,300.0,0.0002,0.009051654813811183,0.2,0.6721295714378357
1234,962,2624,2527232,-0.6465107202529907,-0.011133906722534448,-63.15304718017578,0.011859145,0.5678460597991943,232.21101717000002,0.1611328125,6004,300.0,0.0002,0.006948033510707319,0.2,0.6725196838378906
1235,961,2630,2529280,-0.6489577293395996,-0.00970858042128384,-63.195648765563966,0.015189406,0.5334774255752563,232.21101717000002,0.220703125,6009,300.0,0.0002,0.004945249040611088,0.2,0.6730216145515442
1236,959,2637,2531328,-0.6444463729858398,-0.010683693457394838,-63.23744773864746,0.011988169,0.46038633584976196,232.80022768000003,0.14853515625,6014,300.0,0.0002,0.006937603978440165,0.2,0.6734427213668823
1237,958,2644,2533376,-0.6598602533340454,-0.016248663840815424,-63.27135543823242,0.015706664,0.5090910792350769,233.00604011,0.15068359375,6019,300.0,0.0002,0.0036882594926282764,0.2,0.6737515330314636
1238,956,2650,2535424,-0.6616798043251038,-0.010681400261819362,-63.30016460418701,0.01920943,0.6254327297210693,232.05279596,0.17021484375,6024,300.0,0.0002,0.005797072011046111,0.2,0.6741040349006653
1239,955,2656,2537472,-0.6681181788444519,-0.015303603070788086,-63.33423366546631,0.017622791,0.6417620182037354,232.92921349000008,0.14580078125,6029,300.0,0.0002,0.008723737951368094,0.2,0.6744430661201477
1240,953,2662,2539520,-0.6419137120246887,-0.012184818286914378,-63.362710571289064,0.014215801,0.6619963645935059,234.07127985,0.156640625,6034,300.0,0.0002,0.010033713933080435,0.2,0.6748092174530029
1241,952,2668,2541568,-0.6482113599777222,-0.01284460334572941,-63.40082931518555,0.017125668,0.6232527494430542,234.07127985,0.1744140625,6039,300.0,0.0002,0.008269421220757068,0.2,0.6752575039863586
1242,950,2676,2543616,-0.6430100798606873,-0.006739015271887183,-63.435449028015135,0.021054536,0.6120186448097229,235.08139182000005,0.2154296875,6044,300.0,0.0002,0.013442723965272307,0.2,0.6755272150039673
1243,950,2678,2545664,-0.5945655107498169,0.01333852702130874,-63.44761530558268,0.019426866,0.5286673307418823,234.57526946000002,0.2506510416666667,6045,300.0,0.0002,0.007156356703490019,0.2,0.6755464673042297
1244,948,2685,2547712,-0.664342999458313,-0.00866263925563544,-63.46107807159424,0.01294957,0.5310173034667969,234.72783004000001,0.15576171875,6050,300.0,0.0002,0.0067371860146522525,0.2,0.675865650177002
1245,946,2692,2549760,-0.6579142212867737,-0.013071800745092333,-63.49533596038818,0.01761146,0.6291893720626831,233.41722038,0.19775390625,6055,300.0,0.0002,0.00972196259535849,0.2,0.6762784123420715
1246,945,2699,2551808,-0.6604053378105164,-0.013754572556354105,-63.52629222869873,0.017818416,0.6700905561447144,232.12168425000004,0.1642578125,6060,300.0,0.0002,0.009516993537545204,0.2,0.6765452027320862
1247,943,2706,2553856,-0.6608247756958008,-0.01764026117743924,-63.555330467224124,0.015416244,0.6763129234313965,232.04526011,0.18134765625,6065,300.0,0.0002,0.009734558500349521,0.2,0.6769328713417053
1248,941,2713,2555904,-0.6246540546417236,-0.0051516465959139165,-63.59072132110596,0.017526817,0.6352031230926514,232.04526011,0.1986328125,6070,300.0,0.0002,0.010970402229577302,0.2,0.6772791743278503
1249,939,2723,2557952,-0.6430788040161133,-0.010194987780414522,-63.62552337646484,0.019657083,0.46967774629592896,231.11809015,0.159375,6075,300.0,0.0002,0.007840707642026245,0.2,0.6777200102806091
1250,935,2735,2560000,-0.6447634100914001,-0.009080983744934202,-63.661498069763184,0.01711028,0.652952253818512,231.2063382,0.199609375,6080,300.0,0.0002,0.006334925326518715,0.2,0.6779942512512207
1251,933,2745,2562048,-0.6612075567245483,-0.016021924186497928,-63.693109130859376,0.01669979,0.591087281703949,231.06342006,0.17919921875,6085,300.0,0.0002,0.0073822346748784184,0.2,0.6785197257995605
1252,930,2754,2564096,-0.6520150899887085,-0.010900506260804832,-63.74251575469971,0.020427145,0.5773637890815735,230.91995208999998,0.18349609375,6090,300.0,0.0002,0.008330359845422209,0.2,0.6789620518684387
1253,927,2765,2566144,-0.6539344191551208,-0.006295543792657554,-63.77351722717285,0.007919357,0.4715649485588074,229.69320482999996,0.14892578125,6095,300.0,0.0002,0.008245601109229029,0.2,0.67923903465271
1254,923,2779,2568192,-0.6647587418556213,-0.015567722311243416,-63.805900955200194,0.013734657,0.5860817432403564,228.91852875,0.14541015625,6100,300.0,0.0002,0.004951375839300454,0.2,0.6797046661376953
1255,921,2789,2570240,-0.6450268030166626,-0.011367213330231607,-63.843482208251956,0.018372992,0.5648221969604492,228.91852875,0.1541015625,6105,300.0,0.0002,0.007054678886197508,0.2,0.679950475692749
1256,918,2800,2572288,-0.6616297364234924,-0.007050502207130193,-63.863572692871095,0.011885504,0.5853477716445923,228.09792891,0.151171875,6110,300.0,0.0002,0.00577155842911452,0.2,0.680317759513855
1257,915,2810,2574336,-0.6690091490745544,-0.01712186448276043,-63.90322437286377,0.014944004,0.5613871812820435,227.98037119,0.14736328125,6115,300.0,0.0002,0.0068715631263330575,0.2,0.6807422041893005
1258,914,2818,2576384,-0.6443921327590942,-0.0009251754516019271,-63.93195988581731,0.03013584,0.42291319370269775,228.35609602999997,0.1778846153846154,6119,300.0,0.0002,0.005993349943310022,0.2,0.6809638142585754
1259,911,2828,2578432,-0.6647993326187134,-0.016196367470547555,-63.951856231689455,0.013509702,0.4834026098251343,229.55918963,0.1275390625,6124,300.0,0.0002,0.005032345582731068,0.2,0.6811894774436951
1260,908,2839,2580480,-0.6579811573028564,-0.015712437184993176,-63.97369861602783,0.016713884,0.5783226490020752,230.52929414000002,0.14716796875,6129,300.0,0.0002,0.005401545646600425,0.2,0.6814910173416138
1261,905,2850,2582528,-0.6761969923973083,-0.014923539315350353,-63.99903621673584,0.013771359,0.5690940618515015,230.52726934999998,0.140234375,6134,300.0,0.0002,0.006817821483127773,0.2,0.6817588210105896
1262,903,2860,2584576,-0.6640182137489319,-0.017088501411490143,-64.02689323425292,0.013335686,0.607845664024353,230.52726934999998,0.1515625,6139,300.0,0.0002,0.009571660240180791,0.2,0.682161271572113
1263,898,2877,2586624,-0.6596468687057495,-0.01277977714780718,-64.06587028503418,0.012768538,0.5508222579956055,231.04208908999996,0.16845703125,6144,300.0,0.0002,0.006101010902784765,0.2,0.6825995445251465
1264,890,2908,2588672,-0.6677658557891846,-0.010704030212946237,-64.105810546875,0.012463322,0.5866228938102722,230.32021018,0.1734375,6149,300.0,0.0002,0.00806351201608777,0.2,0.6830586791038513
1265,878,2949,2590720,-0.6630894541740417,-0.008357476512901484,-64.14772148132325,0.011988726,0.5607914924621582,230.32542274,0.1626953125,6154,300.0,0.0002,0.008244238863699137,0.2,0.6835275292396545
1266,858,3019,2592768,-0.6649606227874756,-0.012661384232342244,-64.18805541992188,0.019726412,0.6336344480514526,230.58928603,0.19580078125,6159,300.0,0.0002,0.0072824311908334495,0.2,0.6839311718940735
1267,846,3065,2594816,-0.6098473072052002,0.004123981954762712,-64.20914363861084,0.016815078,0.5058555603027344,229.04219727999995,0.1171875,6161,300.0,0.0002,0.008501416188664734,0.2,0.6840285062789917
1268,819,3167,2596864,-0.6743254661560059,-0.01584887459175661,-64.22893714904785,0.015289923,0.5429831743240356,229.65638185000003,0.18173828125,6166,300.0,0.0002,0.00693147664424032,0.2,0.6843787431716919
1269,800,3246,2598912,-0.6633167862892151,-0.013541755266487598,-64.25568733215331,0.013713772,0.4861789345741272,229.65638185000003,0.14853515625,6171,300.0,0.0002,0.0071719549363479015,0.2,0.6845793128013611
1270,788,3297,2600960,-0.6632063388824463,-0.01263815611600876,-64.27358512878418,0.015563965,0.5647478699684143,229.71180984,0.18447265625,6176,300.0,0.0002,0.005802941136062145,0.2,0.6848282814025879
1271,767,3390,2603008,-0.669579267501831,-0.010951206949539483,-64.30511054992675,0.010956306,0.5190065503120422,230.60037793,0.13134765625,6181,300.0,0.0002,0.007260942365974188,0.2,0.6852849721908569
1272,759,3431,2605056,-0.6596556305885315,-0.005700683640316129,-64.34505424499511,0.011153004,0.6136773228645325,229.90773710000002,0.203515625,6186,300.0,0.0002,0.008628307352773845,0.2,0.6856420636177063
1273,746,3490,2607104,-0.6689765453338623,-0.008365336549468338,-64.3714527130127,0.01754883,0.6343271732330322,228.99241851000002,0.2107421875,6191,300.0,0.0002,0.0075685307150706645,0.2,0.6859179139137268
1274,736,3543,2609152,-0.664787769317627,-0.014616455393843352,-64.40062828063965,0.016757635,0.6218075752258301,228.96058809,0.16806640625,6196,300.0,0.0002,0.00949423313140869,0.2,0.6863038539886475
1275,722,3613,2611200,-0.6538025140762329,-0.011115841649007053,-64.43650894165039,0.021908753,0.6095588207244873,230.08062735999997,0.20390625,6201,300.0,0.0002,0.01070828498341143,0.2,0.6866668462753296
1276,714,3656,2613248,-0.656125009059906,-0.011470605432987214,-64.46898727416992,0.012562354,0.513034462928772,230.08062735999997,0.1599609375,6206,300.0,0.0002,0.009239235892891884,0.2,0.6870307922363281
1277,706,3704,2615296,-0.6587693691253662,-0.008723398088477552,-64.5013874053955,0.011207604,0.5617204904556274,230.73910417000002,0.17197265625,6211,300.0,0.0002,0.00836687337141484,0.2,0.6873621344566345
1278,696,3756,2617344,-0.6636849641799927,-0.009725139662623405,-64.5317554473877,0.01504517,0.4200260639190674,230.77520985000004,0.119140625,6216,300.0,0.0002,0.0064709009137004616,0.2,0.6877539157867432
1279,687,3809,2619392,-0.6713876128196716,-0.013101383647881448,-64.5749900817871,0.018171111,0.6035968065261841,231.34651362,0.17138671875,6221,300.0,0.0002,0.008665912738069891,0.2,0.6883336305618286
1280,680,3853,2621440,-0.6673087477684021,-0.01068509581964463,-64.62175521850585,0.01613717,0.5947978496551514,232.96125566000003,0.19423828125,6226,300.0,0.0002,0.007290304312482477,0.2,0.6887251138687134
1281,672,3901,2623488,-0.6704803705215454,-0.009098630188964308,-64.6533374786377,0.012945313,0.5775951147079468,232.79466219000005,0.17568359375,6231,300.0,0.0002,0.010370942018926143,0.2,0.6890712976455688
1282,665,3947,2625536,-0.6750831007957458,-0.01432387656532228,-64.68721046447754,0.017394707,0.5843969583511353,232.79466219000005,0.1806640625,6236,300.0,0.0002,0.01425180365331471,0.2,0.6894546151161194
1283,656,4002,2627584,-0.6700100898742676,-0.016587812663055958,-64.72040977478028,0.013830699,0.6070609092712402,234.15124704000002,0.16318359375,6241,300.0,0.0002,0.007842912524938583,0.2,0.6897659301757812
1284,648,4054,2629632,-0.659371554851532,-0.01311298506334424,-64.74820709228516,0.022152891,0.597010612487793,235.40550344000002,0.19365234375,6246,300.0,0.0002,0.01284560225903988,0.2,0.6900867223739624
1285,640,4111,2631680,-0.6650772094726562,-0.00999852386303246,-64.7770881652832,0.017743327,0.6395847797393799,235.17766637999998,0.20341796875,6251,300.0,0.0002,0.009071156941354274,0.2,0.6904218196868896
1286,630,4178,2633728,-0.6687750220298767,-0.00674592184368521,-64.8085147857666,0.02088082,0.6852041482925415,235.16910601999996,0.2416015625,6256,300.0,0.0002,0.010788976307958364,0.2,0.6907904744148254
1287,621,4239,2635776,-0.6703341603279114,-0.009800576022826135,-64.84327430725098,0.016987063,0.6182548999786377,235.4937969,0.20625,6261,300.0,0.0002,0.008538967091590166,0.2,0.691224992275238
1288,614,4293,2637824,-0.6763020157814026,-0.014556271361652762,-64.88204956054688,0.015627343,0.6013708114624023,234.78826551000003,0.15751953125,6266,300.0,0.0002,0.006471526948735118,0.2,0.6915909647941589
1289,607,4343,2639872,-0.6728310585021973,-0.010509778233245014,-64.91224365234375,0.014981923,0.5901560187339783,234.78826551000003,0.1607421875,6271,300.0,0.0002,0.00485657142708078,0.2,0.6919229030609131
1290,602,4386,2641920,-0.6642885208129883,-0.010901595326140523,-64.94588203430176,0.019685928,0.5615673065185547,234.96093666000002,0.19140625,6276,300.0,0.0002,0.006767377513460815,0.2,0.6923810839653015
1291,598,4420,2643968,-0.670682966709137,-0.013541024690493942,-64.97884521484374,0.016046666,0.5620729923248291,233.76502466000002,0.16025390625,6281,300.0,0.0002,0.007405207213014364,0.2,0.6926157474517822
1292,596,4436,2646016,-0.6204918622970581,0.007581983809359372,-64.99130058288574,0.018063042,0.5605054497718811,234.09903732000004,0.217041015625,6283,300.0,0.0002,0.008037122956011444,0.2,0.6926968693733215
1293,593,4462,2648064,-0.6820310354232788,-0.014208166021853685,-65.00706100463867,0.01903152,0.6270312070846558,233.83932492,0.1916015625,6288,300.0,0.0002,0.007275221752934158,0.2,0.6929328441619873
1294,593,4465,2650112,-0.6057939529418945,0.01335987045119206,-65.01797993977864,0.020805804,0.6542737483978271,233.03701449000005,0.2721354166666667,6289,300.0,0.0002,0.008989195339381695,0.2,0.6929517984390259
1295,592,4473,2652160,-0.6737169027328491,-0.012773597100749611,-65.0317310333252,0.015677229,0.6588598489761353,231.64024308,0.19619140625,6294,300.0,0.0002,0.009866411285474896,0.2,0.6932944059371948
1296,592,4481,2654208,-0.6684548258781433,-0.012735344190150499,-65.06734275817871,0.014324413,0.6539100408554077,231.64024308,0.1890625,6299,300.0,0.0002,0.013953037187457084,0.2,0.6937243342399597
1297,591,4489,2656256,-0.6768874526023865,-0.013722328026778996,-65.10560340881348,0.016780924,0.5297538042068481,233.64701637000002,0.136328125,6304,300.0,0.0002,0.0057148938998579975,0.2,0.6941555142402649
1298,591,4497,2658304,-0.6835417151451111,-0.014086878206580878,-65.13967552185059,0.016613472,0.5611863136291504,232.72869149000005,0.15048828125,6309,300.0,0.0002,0.0071201685583218936,0.2,0.6944999098777771
1299,590,4505,2660352,-0.6723518371582031,-0.007566884090192616,-65.16851959228515,0.01899764,0.5468090772628784,233.66474359,0.19111328125,6314,300.0,0.0002,0.006583100510761141,0.2,0.6947979927062988
1300,589,4513,2662400,-0.6746952533721924,-0.013198559638112783,-65.2008056640625,0.014792208,0.6169769763946533,234.10782823999998,0.1560546875,6319,300.0,0.0002,0.007518240064382553,0.2,0.6952729821205139
1301,589,4520,2664448,-0.6672106385231018,-0.011168992379680276,-65.24041557312012,0.012251286,0.6295682191848755,233.91468844000002,0.14765625,6324,300.0,0.0002,0.006820930703543127,0.2,0.6956329941749573
1302,588,4528,2666496,-0.6813510656356812,-0.01611499160062522,-65.26904258728027,0.014916077,0.5718865394592285,233.65954361999997,0.1337890625,6329,300.0,0.0002,0.0073708035750314595,0.2,0.6959676146507263
1303,588,4532,2668544,-0.6421965956687927,-0.005353260125654439,-65.29322942097981,0.022182737,0.523659348487854,233.65954361999997,0.15869140625,6332,300.0,0.0002,0.007444088075620432,0.2,0.6961406469345093
1304,588,4540,2670592,-0.6809490919113159,-0.01610965100117028,-65.31234512329101,0.015185012,0.4309973120689392,234.77755362,0.15615234375,6337,300.0,0.0002,0.004143930703867227,0.2,0.6963717341423035
1305,587,4548,2672640,-0.6778454780578613,-0.009918282553553582,-65.33489761352538,0.012860854,0.6092718839645386,235.18168939999998,0.1796875,6342,300.0,0.0002,0.00789904547855258,0.2,0.6966751217842102
1306,587,4555,2674688,-0.6783533096313477,-0.011752282362431287,-65.36694984436035,0.013394635,0.6012777090072632,235.45501989999997,0.15166015625,6347,300.0,0.0002,0.008325726119801402,0.2,0.6970552206039429
1307,586,4562,2676736,-0.6825440526008606,-0.013982606632634998,-65.40155982971191,0.014409069,0.615487813949585,236.59517505,0.11142578125,6352,300.0,0.0002,0.0079763158923015,0.2,0.69742751121521
1308,586,4569,2678784,-0.6751331686973572,-0.01455693286843598,-65.43918228149414,0.021255452,0.480501651763916,237.02037872999998,0.207421875,6357,300.0,0.0002,0.00811594962142408,0.2,0.6979414224624634
1309,585,4576,2680832,-0.678682804107666,-0.015322477160952985,-65.4886978149414,0.017051876,0.5488967895507812,236.12367030000001,0.1708984375,6362,300.0,0.0002,0.00773361015599221,0.2,0.6985470652580261
1310,585,4583,2682880,-0.679449200630188,-0.013997757807374,-65.5352336883545,0.011928068,0.6061079502105713,236.12367030000001,0.1447265625,6367,300.0,0.0002,0.00870107316877693,0.2,0.6989170908927917
1311,584,4591,2684928,-0.6637334227561951,-0.008744878077413887,-65.56587409973145,0.018368943,0.48575150966644287,235.75298757000002,0.200390625,6372,300.0,0.0002,0.007260373723693192,0.2,0.6993116736412048
1312,584,4598,2686976,-0.6826183795928955,-0.015538591099902988,-65.60518226623535,0.014402161,0.6276963353157043,234.32981639000002,0.1548828125,6377,300.0,0.0002,0.008661596127785743,0.2,0.6997576355934143
1313,583,4606,2689024,-0.6746190190315247,-0.010296091297641396,-65.64340476989746,0.011589754,0.6181704998016357,233.74542309999998,0.19228515625,6382,300.0,0.0002,0.008952682046219707,0.2,0.7000946402549744
1314,583,4614,2691072,-0.6836948394775391,-0.013731199270114302,-65.67287178039551,0.01652041,0.6611249446868896,232.43669012,0.1802734375,6387,300.0,0.0002,0.008929516840726136,0.2,0.7004384398460388
1315,582,4621,2693120,-0.6776176691055298,-0.007004680531099439,-65.70633811950684,0.014261697,0.6480181217193604,232.0551106,0.21708984375,6392,300.0,0.0002,0.01025719908066094,0.2,0.7008110880851746
1316,582,4628,2695168,-0.6721734404563904,-0.01203326549148187,-65.73772354125977,0.016309844,0.6630166172981262,232.0551106,0.16142578125,6397,300.0,0.0002,0.01033996450714767,0.2,0.7011328935623169
1317,581,4636,2697216,-0.6658631563186646,-0.009613624541088939,-65.7682014465332,0.013798467,0.5828039646148682,232.84624885000002,0.15810546875,6402,300.0,0.0002,0.007205204665660858,0.2,0.7014840841293335
1318,581,4644,2699264,-0.6732190251350403,-0.01258385879918933,-65.80630836486816,0.02044587,0.4129183292388916,230.53214311,0.181640625,6407,300.0,0.0002,0.00791963271331042,0.2,0.7019844651222229
1319,580,4651,2701312,-0.6738386154174805,-0.014638290065340698,-65.84907112121581,0.019529302,0.5211416482925415,229.63120752999998,0.1748046875,6412,300.0,0.0002,0.006686884886585176,0.2,0.7023881077766418
1320,580,4658,2703360,-0.6850360035896301,-0.016820212267339228,-65.88644828796387,0.014401112,0.6501467823982239,228.24693547000004,0.20341796875,6417,300.0,0.0002,0.006606324715539813,0.2,0.7028582692146301
1321,579,4666,2705408,-0.6886716485023499,-0.017237909813411535,-65.92602005004883,0.014700709,0.6266130805015564,228.8542957,0.15048828125,6422,300.0,0.0002,0.006746452068910003,0.2,0.7032428979873657
1322,579,4674,2707456,-0.6736569404602051,-0.0059803396230563525,-65.95389518737792,0.014875774,0.6395406723022461,228.52472406999996,0.2015625,6427,300.0,0.0002,0.004944061115384102,0.2,0.7034897208213806
1323,578,4681,2709504,-0.6854698657989502,-0.012124588922597468,-65.96894645690918,0.013670993,0.4894701838493347,228.52472406999996,0.1775390625,6432,300.0,0.0002,0.004952910053543746,0.2,0.7035685777664185
1324,578,4689,2711552,-0.6881576776504517,-0.013244780711829662,-65.98027610778809,0.017819611,0.49270159006118774,228.44500961000003,0.1994140625,6437,300.0,0.0002,0.007013121293857694,0.2,0.7037859559059143
1325,577,4696,2713600,-0.6789035797119141,-0.01363681610673666,-66.01344833374023,0.016997162,0.6015584468841553,228.27241381999997,0.16220703125,6442,300.0,0.0002,0.008537033968605102,0.2,0.7043285965919495
1326,577,4703,2715648,-0.681492269039154,-0.012778430618345738,-66.05646438598633,0.012589753,0.5890511274337769,229.91183460000005,0.17197265625,6447,300.0,0.0002,0.006698145158588886,0.2,0.7047733068466187
1327,576,4711,2717696,-0.6703103184700012,-0.009336950327269732,-66.09723014831543,0.016429827,0.6134028434753418,230.15796337000003,0.14189453125,6452,300.0,0.0002,0.005321036651730537,0.2,0.7052859663963318
1328,576,4719,2719744,-0.6903638243675232,-0.00921361157670617,-66.14161224365235,0.014355582,0.6253048181533813,230.5642483,0.13984375,6457,300.0,0.0002,0.00617812555283308,0.2,0.7057653665542603
1329,575,4727,2721792,-0.6755460500717163,-0.011570025444962084,-66.18395118713379,0.011281854,0.6382898092269897,230.07532774999996,0.12919921875,6462,300.0,0.0002,0.01100968555547297,0.2,0.7062458992004395
1330,575,4735,2723840,-0.68515545129776,-0.012262717238627374,-66.22971382141114,0.01500334,0.56321120262146,230.07532774999996,0.20068359375,6467,300.0,0.0002,0.012073392886668444,0.2,0.7067897319793701
1331,574,4741,2725888,-0.6763067841529846,-0.012409566785208881,-66.27819480895997,0.0144179845,0.6155537962913513,230.19704952000004,0.1390625,6472,300.0,0.0002,0.010917797638103365,0.2,0.707316517829895
1332,574,4748,2727936,-0.663881242275238,-0.009510443668420377,-66.31960095857319,0.020671358,0.5191888809204102,230.0373469,0.2002467105263158,6477,300.0,0.0002,0.007279403899845324,0.2,0.7077115178108215
1333,573,4756,2729984,-0.6749049425125122,-0.014065370382741093,-66.34584350585938,0.021770144,0.5299761295318604,230.09336838000002,0.21171875,6482,300.0,0.0002,0.006119731231592596,0.2,0.7079253196716309
1334,573,4764,2732032,-0.6926040649414062,-0.012005791207775474,-66.3639705657959,0.01590585,0.602318525314331,231.35376717,0.15244140625,6487,300.0,0.0002,0.007543685659766197,0.2,0.7081931233406067
1335,572,4773,2734080,-0.6593853831291199,-0.011452437634579838,-66.39318542480468,0.026174292,0.5727903842926025,232.04767643,0.2302734375,6492,300.0,0.0002,0.009533470356836915,0.2,0.708522379398346
1336,572,4781,2736128,-0.6693263649940491,-0.009306632820516825,-66.4179931640625,0.01857442,0.6480912566184998,231.71959284000005,0.18740234375,6497,300.0,0.0002,0.006764076137915254,0.2,0.7088060975074768
1337,571,4789,2738176,-0.6899515390396118,-0.01207786207087338,-66.44473266601562,0.012675984,0.5428041815757751,231.71959284000005,0.199609375,6502,300.0,0.0002,0.008369671343825758,0.2,0.7090792059898376
1338,571,4796,2740224,-0.6863051056861877,-0.014993941411376,-66.46641616821289,0.015627233,0.5017815232276917,230.64775537000003,0.211328125,6507,300.0,0.0002,0.007090680720284581,0.2,0.7093098759651184
1339,570,4804,2742272,-0.6980370283126831,-0.014970970642752945,-66.488969039917,0.017532952,0.574428915977478,230.54091462,0.15068359375,6512,300.0,0.0002,0.007638206309638918,0.2,0.709632396697998
1340,570,4813,2744320,-0.6745446920394897,-0.007968753715977073,-66.52305374145507,0.0136712715,0.5891891717910767,230.39977376,0.1703125,6517,300.0,0.0002,0.00902643515728414,0.2,0.7099940776824951
1341,569,4822,2746368,-0.6836758852005005,-0.013791225105524062,-66.54977149963379,0.0150137,0.5077396035194397,230.41269435999996,0.18388671875,6522,300.0,0.0002,0.006561252428218723,0.2,0.7102671265602112
1342,568,4831,2748416,-0.6823332905769348,-0.015422954328823835,-66.57877769470215,0.015982598,0.6248049736022949,231.20096665,0.1677734375,6527,300.0,0.0002,0.006390210799872875,0.2,0.7107325792312622
1343,568,4839,2750464,-0.6919257044792175,-0.009653314156457782,-66.62287673950195,0.01726633,0.5687618255615234,231.46333549,0.2212890625,6532,300.0,0.0002,0.008756799204275013,0.2,0.7112303376197815
1344,567,4848,2752512,-0.6851991415023804,-0.01177660224493593,-66.65761871337891,0.012948252,0.5755684971809387,231.46333549,0.17978515625,6537,300.0,0.0002,0.005798201938159764,0.2,0.7115187644958496
1345,567,4857,2754560,-0.6970471739768982,-0.01829278834629804,-66.6849853515625,0.01716325,0.4606698155403137,231.87590046999998,0.16005859375,6542,300.0,0.0002,0.005113304941914976,0.2,0.71188884973526
1346,566,4865,2756608,-0.6936285495758057,-0.01757719209417701,-66.72410125732422,0.020012267,0.6448696851730347,233.22547279999998,0.19951171875,6547,300.0,0.0002,0.006645550113171339,0.2,0.7123845219612122
1347,565,4875,2758656,-0.6909699440002441,-0.011816530162468553,-66.76584243774414,0.01727429,0.6227983832359314,232.92246878000003,0.19501953125,6552,300.0,0.0002,0.0057815640233457085,0.2,0.712776780128479
1348,565,4883,2760704,-0.6738559603691101,-0.009856925811618567,-66.79180024799548,0.024929767,0.6134457588195801,232.94784520000002,0.20775082236842105,6557,300.0,0.0002,0.0074224361022444145,0.2,0.7129541039466858
1349,564,4893,2762752,-0.704475462436676,-0.01264110472984612,-66.80431175231934,0.015988516,0.6004849672317505,232.91053149000004,0.18671875,6562,300.0,0.0002,0.008136072428897023,0.2,0.7130619883537292
1350,564,4901,2764800,-0.697542130947113,-0.014830998773686589,-66.81699333190917,0.016512565,0.4903397560119629,232.11325850999998,0.17890625,6567,300.0,0.0002,0.007502832566387951,0.2,0.7132652997970581
1351,563,4910,2766848,-0.6911644339561462,-0.013773642107844352,-66.84369735717773,0.018995618,0.5488260984420776,232.11325850999998,0.17314453125,6572,300.0,0.0002,0.010406102519482374,0.2,0.7136567831039429
1352,562,4920,2768896,-0.6864427328109741,-0.014994714828208088,-66.88476333618163,0.015391405,0.5437413454055786,231.01365231999998,0.146484375,6577,300.0,0.0002,0.012817046185955406,0.2,0.7142226696014404
1353,562,4929,2770944,-0.6934092044830322,-0.016066385433077812,-66.93530349731445,0.0163555,0.6579229831695557,231.37687618,0.18388671875,6582,300.0,0.0002,0.005561672733165324,0.2,0.714750349521637
1354,561,4938,2772992,-0.6902059316635132,-0.015074492176063358,-66.9727596282959,0.017353982,0.6004996299743652,230.83363329,0.17216796875,6587,300.0,0.0002,0.005972368875518441,0.2,0.7150682210922241
1355,560,4947,2775040,-0.7066013216972351,-0.01904712268151343,-67.00595741271972,0.019687638,0.6278859972953796,229.77395945000004,0.17685546875,6592,300.0,0.0002,0.007257544132880866,0.2,0.7155914306640625
1356,560,4956,2777088,-0.7018371820449829,-0.015234184777364134,-67.05059051513672,0.0147154555,0.6586011648178101,229.11304011000001,0.15908203125,6597,300.0,0.0002,0.007594087836332619,0.2,0.716044545173645
1357,559,4966,2779136,-0.6856763362884521,-0.005968072963878512,-67.08402709960937,0.018414937,0.5901036262512207,229.11304011000001,0.2197265625,6602,300.0,0.0002,0.0066141568589955565,0.2,0.716408371925354
1358,558,4976,2781184,-0.6928493976593018,-0.017158440896309912,-67.11379928588867,0.015692199,0.6485803127288818,228.59839830999996,0.15078125,6607,300.0,0.0002,0.005449107149615884,0.2,0.7167523503303528
1359,558,4985,2783232,-0.6953559517860413,-0.01402479454409331,-67.14037055969239,0.01754731,0.6193543672561646,229.43536175999995,0.19609375,6612,300.0,0.0002,0.006173043535090983,0.2,0.7169352173805237
1360,557,4994,2785280,-0.6937992572784424,-0.016532573383301497,-67.16055793762207,0.01945336,0.6389297246932983,229.39703697000002,0.18779296875,6617,300.0,0.0002,0.00808231863193214,0.2,0.7173563838005066
1361,557,5002,2787328,-0.6969731450080872,-0.013630603346973658,-67.19981307983399,0.013959335,0.617149829864502,228.39229898000002,0.2123046875,6622,300.0,0.0002,0.007401035376824438,0.2,0.7177439332008362
1362,556,5013,2789376,-0.6864630579948425,-0.009655434708110987,-67.24215927124024,0.020991888,0.5455936789512634,229.7115025,0.1689453125,6627,300.0,0.0002,0.007869630260393024,0.2,0.7183856964111328
1363,555,5025,2791424,-0.7112661004066467,-0.020776757365092637,-67.29427680969238,0.019036302,0.6356996297836304,228.34245080999997,0.17333984375,6632,300.0,0.0002,0.007076619379222393,0.2,0.7189133167266846
1364,554,5036,2793472,-0.6957501769065857,-0.015470140799880027,-67.33515281677246,0.018625433,0.6249138116836548,228.34245080999997,0.209765625,6637,300.0,0.0002,0.01057553687132895,0.2,0.7193565368652344
1365,553,5047,2795520,-0.6941763758659363,-0.013798266043886542,-67.3707202911377,0.01629432,0.6163191795349121,228.86622386,0.154296875,6642,300.0,0.0002,0.009567530872300268,0.2,0.7197774052619934
1366,552,5059,2797568,-0.7021157741546631,-0.013018910877872259,-67.40094985961915,0.014549033,0.4914884567260742,230.15625297000003,0.1642578125,6647,300.0,0.0002,0.009286391688510776,0.2,0.7200134992599487
1367,552,5064,2799616,-0.6531897187232971,0.005678923201880285,-67.41275242396763,0.020398216,0.6316546201705933,231.34222921,0.15234375,6649,300.0,0.0002,0.008752370785389627,0.2,0.7200839519500732
1368,552,5075,2801664,-0.7008569836616516,-0.015821435104589908,-67.42764930725097,0.012357491,0.6250467300415039,231.31205909999997,0.15888671875,6654,300.0,0.0002,0.00921987476758659,0.2,0.7203803658485413
1369,551,5086,2803712,-0.7045655846595764,-0.017751152603887023,-67.45198860168458,0.01910906,0.6327834129333496,232.93762714000005,0.185546875,6659,300.0,0.0002,0.00984799130819738,0.2,0.720653772354126
1370,550,5096,2805760,-0.6947629451751709,-0.017119158222340048,-67.48093338012696,0.018257985,0.5874165296554565,233.07123756999997,0.1701171875,6664,300.0,0.0002,0.010314732417464256,0.2,0.7210635542869568
1371,549,5106,2807808,-0.6798439621925354,-0.01494185000192374,-67.52399482727051,0.018487588,0.6450251340866089,233.07123756999997,0.1603515625,6669,300.0,0.0002,0.007498548668809235,0.2,0.7216272950172424
1372,549,5117,2809856,-0.6971408724784851,-0.011326839169487356,-67.57063369750976,0.014099181,0.4798194169998169,232.00247111000002,0.18046875,6674,300.0,0.0002,0.008018821710720658,0.2,0.7221044898033142
1373,548,5127,2811904,-0.7016634345054626,-0.015503381588496267,-67.60676460266113,0.01966625,0.5986205339431763,231.62568840000003,0.2419921875,6679,300.0,0.0002,0.008652159781195223,0.2,0.7224223017692566
1374,547,5136,2813952,-0.6821928024291992,-0.012385569815523922,-67.63001976013183,0.019555453,0.6271844506263733,231.07783321000002,0.20869140625,6684,300.0,0.0002,0.005653823865577579,0.2,0.7226964235305786
1375,547,5143,2816000,-0.679105281829834,0.0010087775926177318,-67.64995751014122,0.035530113,0.6521618366241455,231.46114510000007,0.24474158653846154,6688,300.0,0.0002,0.005811394837040167,0.2,0.7228724360466003
1376,546,5154,2818048,-0.7025854587554932,-0.014784056297503411,-67.66933975219726,0.015055502,0.5822584629058838,231.72616612,0.1625,6693,300.0,0.0002,0.00560442334972322,0.2,0.7231889367103577
1377,546,5164,2820096,-0.7060777544975281,-0.014562045410275459,-67.7003303527832,0.018455362,0.5177991986274719,232.51699729000003,0.20517578125,6698,300.0,0.0002,0.004190555028617382,0.2,0.7235673666000366
1378,545,5175,2822144,-0.7130264043807983,-0.015703215869143604,-67.73295555114746,0.018037206,0.6402508020401001,232.51699729000003,0.19404296875,6703,300.0,0.0002,0.0056745335692539815,0.2,0.7239986658096313
1379,544,5185,2824192,-0.6982585787773132,-0.013789064274169505,-67.76841583251954,0.01832198,0.5520581603050232,233.53832998,0.1912109375,6708,300.0,0.0002,0.008597992197610437,0.2,0.7243892550468445
1380,544,5189,2826240,-0.6764360666275024,0.005791436492775877,-67.78951772054036,0.023307212,0.5347440838813782,232.47704514,0.16829427083333334,6710,300.0,0.0002,0.00626700185239315,0.2,0.724481999874115
1381,543,5199,2828288,-0.6899778246879578,-0.010992958513088524,-67.80996360778809,0.020343086,0.5810415744781494,233.67890000000003,0.19365234375,6715,300.0,0.0002,0.007511538150720298,0.2,0.7249058485031128
1382,543,5210,2830336,-0.7028628587722778,-0.013607015111483633,-67.84513816833496,0.015064765,0.5794246196746826,234.36726209000005,0.18955078125,6720,300.0,0.0002,0.008314489992335439,0.2,0.7252997159957886
1383,542,5221,2832384,-0.6983076333999634,-0.014557459694333374,-67.88163452148437,0.012134062,0.5105692148208618,234.53035979000003,0.16142578125,6725,300.0,0.0002,0.007083994918502867,0.2,0.7258064150810242
1384,541,5232,2834432,-0.7005442380905151,-0.010893410630524158,-67.92564086914062,0.017575273,0.5144277811050415,234.39314511999999,0.16142578125,6730,300.0,0.0002,0.006179303815588355,0.2,0.726310133934021
1385,540,5243,2836480,-0.6923097968101501,-0.013023552927188575,-67.96269035339355,0.018173799,0.6218603253364563,234.39314511999999,0.2044921875,6735,300.0,0.0002,0.005223520169965923,0.2,0.7266775369644165
1386,540,5254,2838528,-0.7002773284912109,-0.013299730792641639,-67.9950927734375,0.017177192,0.5207527875900269,236.25778492,0.19765625,6740,300.0,0.0002,0.006496088346466422,0.2,0.7270877957344055
1387,539,5265,2840576,-0.7008535861968994,-0.0168903773650527,-68.03345108032227,0.019071605,0.6292369365692139,236.43627474000002,0.1814453125,6745,300.0,0.0002,0.01115154051221907,0.2,0.7276087403297424
1388,538,5277,2842624,-0.7075117230415344,-0.012502520903944969,-68.08313484191895,0.01377029,0.597374677658081,235.17235262999998,0.1958984375,6750,300.0,0.0002,0.01035194261930883,0.2,0.7282782793045044
1389,537,5289,2844672,-0.7063857913017273,-0.011728157196193934,-68.14051475524903,0.012502305,0.5962638854980469,234.84839864000003,0.14462890625,6755,300.0,0.0002,0.010441295756027102,0.2,0.7288727164268494
1390,537,5298,2846720,-0.6975044012069702,-0.013452342375078134,-68.17842780219183,0.026760757,0.6537660956382751,233.33097979999994,0.19542100694444445,6760,300.0,0.0002,0.01322038316478332,0.2,0.7292087078094482
1391,536,5309,2848768,-0.7062554955482483,-0.016777906031347812,-68.20598983764648,0.017649144,0.5511355400085449,233.33097979999994,0.174609375,6765,300.0,0.0002,0.01475698403082788,0.2,0.7295602560043335
1392,535,5320,2850816,-0.702560305595398,-0.011924288515001536,-68.23611946105957,0.019435313,0.6084484457969666,232.26169792000005,0.19248046875,6770,300.0,0.0002,0.015481179812923074,0.2,0.7299556732177734
1393,535,5329,2852864,-0.6601774096488953,0.0005989561323076487,-68.26407178243001,0.024323065,0.41203808784484863,230.04437331,0.2041015625,6773,300.0,0.0002,0.01596420630812645,0.2,0.7301726937294006
1394,534,5341,2854912,-0.7122182250022888,-0.014252414694055915,-68.28750610351562,0.0143082,0.45076215267181396,229.89518644,0.16201171875,6778,300.0,0.0002,0.010214720526710153,0.2,0.730619490146637
1395,533,5353,2856960,-0.7050034999847412,-0.016069329949095844,-68.33024864196777,0.021314269,0.576431393623352,227.36288055999998,0.18603515625,6783,300.0,0.0002,0.008300598571076989,0.2,0.7311277985572815
1396,533,5363,2859008,-0.7034732103347778,-0.016043727134820072,-68.37373046875,0.020862512,0.5718942880630493,228.59241009000004,0.15625,6788,300.0,0.0002,0.0071433501085266474,0.2,0.7317570447921753
1397,532,5376,2861056,-0.7069708704948425,-0.01034543082350865,-68.42314834594727,0.016171262,0.4519994258880615,228.47722439,0.21767578125,6793,300.0,0.0002,0.007154006045311689,0.2,0.7322676777839661
1398,531,5384,2863104,-0.6600955128669739,-0.005586821647981802,-68.45267283121744,0.025432577,0.6552346348762512,228.47722439,0.222265625,6797,300.0,0.0002,0.012008540456493695,0.2,0.7324391007423401
1399,530,5396,2865152,-0.6932433843612671,-0.008805090538226068,-68.47128067016601,0.015266342,0.6320128440856934,225.21807888,0.22265625,6802,300.0,0.0002,0.012766425777226687,0.2,0.7327827215194702
1400,530,5408,2867200,-0.7155848145484924,-0.019321348005905747,-68.50519638061523,0.017495021,0.6431894898414612,224.97063450999997,0.15927734375,6807,300.0,0.0002,0.00841756088193506,0.2,0.7332233190536499
1401,529,5421,2869248,-0.7164618968963623,-0.013755578012205661,-68.54271202087402,0.014100968,0.5847108364105225,223.73911767,0.1923828125,6812,300.0,0.0002,0.00709650875069201,0.2,0.7336707711219788
1402,528,5432,2871296,-0.7150428295135498,-0.0163398023461923,-68.5747200012207,0.012327623,0.619695782661438,222.77600468999992,0.13671875,6817,300.0,0.0002,0.007350659440271556,0.2,0.7340224385261536
1403,527,5443,2873344,-0.7164474725723267,-0.012410418502986431,-68.60646057128906,0.018321313,0.5851147174835205,222.57072294000002,0.17275390625,6822,300.0,0.0002,0.00819672637153417,0.2,0.7344387173652649
1404,526,5456,2875392,-0.6998116374015808,-0.011765230051241814,-68.64581146240235,0.01853515,0.6264849305152893,223.68682785000001,0.17421875,6827,300.0,0.0002,0.008415853534825147,0.2,0.7349661588668823
1405,526,5467,2877440,-0.692363440990448,-0.011578827116050218,-68.68022035297595,0.025023753,0.49101799726486206,223.68682785000001,0.18359375,6832,300.0,0.0002,0.007317421345138236,0.2,0.7352278232574463
1406,525,5479,2879488,-0.7131866216659546,-0.012911191768944263,-68.70050201416015,0.01663124,0.5168783068656921,224.03238962000003,0.20048828125,6837,300.0,0.0002,0.00483858441002667,0.2,0.7354880571365356
1407,524,5491,2881536,-0.7122831344604492,-0.014618953224271536,-68.7241039276123,0.017703528,0.5990169048309326,224.62298565999998,0.17646484375,6842,300.0,0.0002,0.008318054839037359,0.2,0.735771894454956
1408,523,5504,2883584,-0.7175795435905457,-0.013432814180850983,-68.75417976379394,0.01702847,0.6295186281204224,226.32790404999997,0.17705078125,6847,300.0,0.0002,0.006845581158995628,0.2,0.7362732291221619
1409,523,5516,2885632,-0.7195048332214355,-0.011510737170465291,-68.79837455749512,0.0124227125,0.5301964282989502,226.76492571,0.1572265625,6852,300.0,0.0002,0.005157546349801123,0.2,0.7367761135101318
1410,522,5528,2887680,-0.7272501587867737,-0.013157015200704336,-68.84213294982911,0.013845486,0.5744276642799377,227.51680304,0.166015625,6857,300.0,0.0002,0.006552922306582332,0.2,0.737419605255127
1411,521,5538,2889728,-0.7105394601821899,-0.014295575034338981,-68.89091920852661,0.026195657,0.5862087607383728,225.70768724,0.2232666015625,6861,300.0,0.0002,0.009617624862585217,0.2,0.7378987669944763
1412,521,5550,2891776,-0.7147794961929321,-0.01545263088773936,-68.92324523925781,0.019381732,0.552869439125061,225.70768724,0.16953125,6866,300.0,0.0002,0.00556503334082663,0.2,0.7381479740142822
1413,520,5562,2893824,-0.7241967916488647,-0.018402363313362,-68.94218025207519,0.020278746,0.5018491148948669,227.70884008999997,0.19072265625,6871,300.0,0.0002,0.00380725305294618,0.2,0.7384703755378723
1414,519,5573,2895872,-0.7157754898071289,-0.012660212504367033,-68.96955490112305,0.028300177,0.6040076613426208,229.68013434000005,0.1931423611111111,6876,300.0,0.0002,0.0037208683400725326,0.2,0.7387553453445435
1415,518,5586,2897920,-0.7017083168029785,-0.011895197699777782,-68.9894515991211,0.01795787,0.5962809920310974,228.17989923999997,0.16669921875,6881,300.0,0.0002,0.007459405739791691,0.2,0.7389546036720276
1416,518,5598,2899968,-0.7071681022644043,-0.011235465668141842,-69.00699958801269,0.021244694,0.5915906429290771,229.557856,0.193359375,6886,300.0,0.0002,0.00727443986106664,0.2,0.7392405867576599
1417,517,5603,2902016,-0.6628148555755615,0.00831899931654334,-69.02332496643066,0.017217368,0.652911901473999,230.57640571000005,0.20458984375,6887,300.0,0.0002,0.006973012816160917,0.2,0.7393125891685486
1418,517,5615,2904064,-0.7193410992622375,-0.014201573631726205,-69.04737434387206,0.016502874,0.5625944137573242,230.67688674000001,0.2240234375,6892,300.0,0.0002,0.007034926139749586,0.2,0.7398402690887451
1419,516,5627,2906112,-0.7070563435554504,-0.008308943221345544,-69.0824966430664,0.020246629,0.6059146523475647,230.67688674000001,0.19609375,6897,300.0,0.0002,0.004267307242844254,0.2,0.7401384711265564
1420,515,5638,2908160,-0.7210176587104797,-0.012192293256521224,-69.10442581176758,0.0136059085,0.6247611045837402,231.97169644999997,0.15439453125,6902,300.0,0.0002,0.009392759110778571,0.2,0.7404183149337769
1421,515,5650,2910208,-0.7127764821052551,-0.014601066615432501,-69.13044929504395,0.017032975,0.49062639474868774,231.77652818000007,0.18056640625,6907,300.0,0.0002,0.0052204438718035815,0.2,0.7408311367034912
1422,514,5662,2912256,-0.7198378443717957,-0.014227984845638275,-69.16287765502929,0.01606043,0.6083889603614807,233.00240015999995,0.16630859375,6912,300.0,0.0002,0.005177845573052764,0.2,0.7411172986030579
1423,513,5674,2914304,-0.6954737901687622,-0.008218611916527152,-69.1861415863037,0.018438011,0.6125913262367249,232.43211098,0.21767578125,6917,300.0,0.0002,0.007892430946230888,0.2,0.7414463758468628
1424,512,5686,2916352,-0.6917282342910767,-0.008416246576234698,-69.20918693542481,0.020020647,0.5542980432510376,232.83370254000002,0.1947265625,6922,300.0,0.0002,0.009929740987718105,0.2,0.7416242957115173
1425,512,5698,2918400,-0.7222678661346436,-0.0118440032703802,-69.22121543884278,0.01200814,0.6268895864486694,232.43780815999997,0.1916015625,6927,300.0,0.0002,0.008339722733944654,0.2,0.741768479347229
1426,511,5710,2920448,-0.7044274210929871,-0.010634604282677174,-69.23735809326172,0.014573485,0.4410892724990845,232.43780815999997,0.17470703125,6932,300.0,0.0002,0.00694398742634803,0.2,0.7419902682304382
1427,510,5722,2922496,-0.7035136818885803,-0.010230474430136383,-69.25488319396973,0.017083526,0.6138532161712646,232.50031488000002,0.154296875,6937,300.0,0.0002,0.011824989318847656,0.2,0.7421754002571106
1428,510,5732,2924544,-0.6697037816047668,-0.003067737357923761,-69.2690863609314,0.021378752,0.6205904483795166,231.8657704,0.1488037109375,6941,300.0,0.0002,0.008436965086730197,0.2,0.7423789501190186
1429,509,5744,2926592,-0.7204915881156921,-0.017635643621906637,-69.29398536682129,0.017122678,0.5254151821136475,233.09721057,0.17060546875,6946,300.0,0.0002,0.008015965926460922,0.2,0.7427905797958374
1430,508,5756,2928640,-0.7163474559783936,-0.01158728045411408,-69.32686004638671,0.018345293,0.6304318904876709,232.98916047999998,0.19609375,6951,300.0,0.0002,0.006547632673755288,0.2,0.7431004643440247
1431,508,5767,2930688,-0.6987041234970093,-0.01084244903177023,-69.35440995958116,0.022652414,0.6475691795349121,232.71803743,0.1697048611111111,6956,300.0,0.0002,0.0071992348983056014,0.2,0.7434846758842468
1432,507,5778,2932736,-0.7316445112228394,-0.014023406850174069,-69.39389152526856,0.014577354,0.655728280544281,232.71803743,0.1775390625,6961,300.0,0.0002,0.00777756511233747,0.2,0.7440933585166931
1433,506,5790,2934784,-0.7229645848274231,-0.012330694124102592,-69.44243659973145,0.012602574,0.612669825553894,232.15569562999997,0.15419921875,6966,300.0,0.0002,0.005284586944617331,0.2,0.7445914149284363
1434,506,5802,2936832,-0.7256863713264465,-0.013382887397892774,-69.4820571899414,0.017299768,0.5284976959228516,233.65138824000002,0.17216796875,6971,300.0,0.0002,0.006719825486652553,0.2,0.745100200176239
1435,505,5816,2938880,-0.7251467704772949,-0.01605564528144896,-69.51829261779785,0.013226261,0.5593757629394531,232.6546466,0.1681640625,6976,300.0,0.0002,0.00899541073013097,0.2,0.7454534769058228
1436,504,5828,2940928,-0.7226266264915466,-0.01089080146048218,-69.54764976501465,0.014014608,0.5701324939727783,232.08088296999998,0.1794921875,6981,300.0,0.0002,0.007777227833867073,0.2,0.7458463311195374
1437,503,5839,2942976,-0.7225114703178406,-0.014425278874114156,-69.59460563659668,0.016942794,0.6131578087806702,231.32162767999998,0.1939453125,6986,300.0,0.0002,0.008395732473582029,0.2,0.7465572357177734
1438,502,5859,2945024,-0.721298098564148,-0.014103735494427384,-69.65288200378419,0.018940262,0.59678053855896,231.7013972,0.18408203125,6991,300.0,0.0002,0.010130532644689083,0.2,0.7472285032272339
1439,501,5873,2947072,-0.7146210074424744,-0.012838610517792403,-69.70140800476074,0.017626874,0.5909881591796875,231.7013972,0.187109375,6996,300.0,0.0002,0.0062090870924293995,0.2,0.7477090358734131
1440,500,5886,2949120,-0.7197591066360474,-0.013067491166293622,-69.73955459594727,0.01648035,0.5078580975532532,233.04996665999997,0.16787109375,7001,300.0,0.0002,0.006130688940174878,0.2,0.7482393383979797
1441,500,5900,2951168,-0.7347719669342041,-0.017001537687610833,-69.78573303222656,0.017768493,0.6375712752342224,232.76925362000003,0.165625,7006,300.0,0.0002,0.00685024147387594,0.2,0.7487764954566956
1442,499,5912,2953216,-0.714300274848938,-0.01430990844964981,-69.82358856201172,0.0130525585,0.589417040348053,233.36687143999995,0.15771484375,7011,300.0,0.0002,0.0099226510617882,0.2,0.7491396069526672
1443,498,5924,2955264,-0.7179661393165588,-0.011848012590780855,-69.85972290039062,0.017319085,0.6309699416160583,234.96446648,0.191015625,7016,300.0,0.0002,0.009915901441127061,0.2,0.7497410774230957
1444,498,5936,2957312,-0.7082530856132507,-0.014811140298843384,-69.9150234222412,0.027665809,0.6543473601341248,234.63323508999994,0.20810546875,7021,300.0,0.0002,0.008281193138100208,0.2,0.7504141926765442
1445,497,5943,2959360,-0.6798109412193298,-0.0009390169288963079,-69.95078563690186,0.020222396,0.6013877391815186,233.73729897000004,0.17919921875,7023,300.0,0.0002,0.010141502716578543,0.2,0.7506065368652344
1446,497,5955,2961408,-0.7282403707504272,-0.015833282331004738,-69.97365264892578,0.016870083,0.5942528247833252,233.73729897000004,0.2029296875,7028,300.0,0.0002,0.008537955395877362,0.2,0.7509782910346985
1447,496,5967,2963456,-0.714367151260376,-0.014248676400166005,-69.99934806823731,0.025074959,0.5890739560127258,234.19702438000004,0.212890625,7033,300.0,0.0002,0.0085966307669878,0.2,0.751214325428009
1448,495,5979,2965504,-0.7253414988517761,-0.014680979656986892,-70.01826362609863,0.015905421,0.4739897847175598,233.06232258000003,0.17548828125,7038,300.0,0.0002,0.0068638046272099015,0.2,0.7514591813087463
1449,495,5991,2967552,-0.727571427822113,-0.007869607605971395,-70.04050521850586,0.01885602,0.5534520745277405,231.25533529,0.22607421875,7043,300.0,0.0002,0.010977258393540978,0.2,0.7517407536506653
1450,494,6003,2969600,-0.7112827897071838,-0.011527466145344079,-70.07031173706055,0.016594995,0.5290689468383789,230.48794134,0.1626953125,7048,300.0,0.0002,0.008999012969434261,0.2,0.7522892355918884
1451,493,6015,2971648,-0.7363787293434143,-0.017968666600063445,-70.11114921569825,0.017328583,0.61360764503479,231.17264585,0.18681640625,7053,300.0,0.0002,0.005605183425359428,0.2,0.7526183724403381
1452,493,6028,2973696,-0.7070941925048828,-0.01566511940327473,-70.13778991699219,0.020389201,0.4996616840362549,231.50206096000002,0.175,7058,300.0,0.0002,0.0041176076862029735,0.2,0.7530514597892761
1453,492,6040,2975744,-0.7305909395217896,-0.013685344182886184,-70.17761611938477,0.014785106,0.2537214756011963,231.50206096000002,0.15439453125,7063,300.0,0.0002,0.005184925044886768,0.2,0.7535400986671448
1454,492,6046,2977792,-0.6846321225166321,0.0044996889773756266,-70.20042610168457,0.013869302,0.5306942462921143,231.09483282999997,0.17919921875,7064,300.0,0.0002,0.00832688482478261,0.2,0.7536045908927917
1455,492,6053,2979840,-0.6745845675468445,0.0025869025848805904,-70.20949745178223,0.017472912,0.45568037033081055,231.14289495,0.18212890625,7066,300.0,0.0002,0.005857838201336563,0.2,0.753768801689148
1456,491,6068,2981888,-0.7365282773971558,-0.015181210637092591,-70.23229026794434,0.022482187,0.5756736993789673,231.17039322,0.1849609375,7071,300.0,0.0002,0.00776647285092622,0.2,0.7541085481643677
1457,490,6080,2983936,-0.7220579981803894,-0.014920507906936109,-70.25642433166504,0.023021502,0.5526726245880127,230.92777965999997,0.205078125,7076,300.0,0.0002,0.009056498645804822,0.2,0.7543959021568298
1458,489,6099,2985984,-0.720101535320282,-0.013324130714560548,-70.27816645304362,0.0249797,0.619785487651825,229.77073651000003,0.21864149305555555,7081,300.0,0.0002,0.008981386923955547,0.2,0.7546587586402893
1459,488,6113,2988032,-0.7290624380111694,-0.01445165639743209,-70.29254570007325,0.019740479,0.5744239091873169,229.88860852999997,0.187890625,7086,300.0,0.0002,0.00588382980786264,0.2,0.7548009753227234
1460,487,6129,2990080,-0.7314788103103638,-0.012316279299557208,-70.301708984375,0.014908152,0.5594747066497803,229.88860852999997,0.19580078125,7091,300.0,0.0002,0.0073991815326735376,0.2,0.754920482635498
1461,486,6149,2992128,-0.7218858599662781,-0.012293268647044896,-70.31720657348633,0.01658291,0.5205817222595215,229.40819307,0.1978515625,7096,300.0,0.0002,0.009748385846614837,0.2,0.7552740573883057
1462,485,6162,2994176,-0.7314131855964661,-0.01770449741743505,-70.35652122497558,0.023513366,0.5840073823928833,229.6942526,0.2029296875,7101,300.0,0.0002,0.0073844091268256305,0.2,0.7558090686798096
1463,485,6174,2996224,-0.7298243045806885,-0.013759007770568132,-70.39716033935547,0.018320996,0.6313384771347046,230.71422967,0.19462890625,7106,300.0,0.0002,0.00801656215917319,0.2,0.7563058137893677
1464,484,6186,2998272,-0.7266453504562378,-0.014229254890233278,-70.44578170776367,0.013039164,0.6568436622619629,231.00526383999997,0.1662109375,7111,300.0,0.0002,0.010217352164909243,0.2,0.7570043802261353
1465,484,6195,3000320,-0.7154112458229065,-0.007607231692721446,-70.48905563354492,0.02513194,0.6035397052764893,232.08390963000002,0.17024739583333334,7114,300.0,0.0002,0.007241269845205049,0.2,0.7572712898254395
1466,483,6207,3002368,-0.7328280210494995,-0.01344080246053636,-70.51435737609863,0.014248306,0.6486265659332275,232.08390963000002,0.1587890625,7119,300.0,0.0002,0.006137189548462629,0.2,0.7576712965965271
1467,483,6219,3004416,-0.7180241346359253,-0.012781004118733109,-70.54741554260254,0.017971795,0.5982460975646973,232.90464965000004,0.16376953125,7124,300.0,0.0002,0.006121839163824916,0.2,0.7580878734588623
1468,482,6232,3006464,-0.72794508934021,-0.01524520111270249,-70.58447265625,0.019286431,0.5940471887588501,232.2525739,0.23876953125,7129,300.0,0.0002,0.011706533003598451,0.2,0.7585564851760864
1469,481,6244,3008512,-0.7284177541732788,-0.015272259921766817,-70.61944770812988,0.021061337,0.6241140961647034,231.93173216999995,0.18720703125,7134,300.0,0.0002,0.00791034484282136,0.2,0.7589283585548401
1470,481,6257,3010560,-0.7307451367378235,-0.015098616015166044,-70.65646705627441,0.02576914,0.6371796727180481,231.39626138999995,0.24912109375,7139,300.0,0.0002,0.008998901396989823,0.2,0.7595293521881104
1471,480,6268,3012608,-0.7240965962409973,-0.012834194488823414,-70.70473022460938,0.014793669,0.6018333435058594,232.36978621000003,0.1701171875,7144,300.0,0.0002,0.011056486750021577,0.2,0.7600616812705994
1472,480,6273,3014656,-0.6631075739860535,0.01598845887929201,-70.73028945922852,0.015164273,0.43760305643081665,232.28144484000003,0.20361328125,7145,300.0,0.0002,0.007683209725655615,0.2,0.7601338624954224
1473,479,6286,3016704,-0.7473779916763306,-0.018245698977261783,-70.74932174682617,0.019090641,0.4941585063934326,232.28144484000003,0.2166015625,7150,300.0,0.0002,0.009368156827986241,0.2,0.7605288624763489
1474,479,6298,3018752,-0.7200993299484253,-0.015198950888589025,-70.78700408935546,0.01989255,0.5677257180213928,232.61782308,0.19892578125,7155,300.0,0.0002,0.006982435774989426,0.2,0.7610880136489868
1475,478,6310,3020800,-0.7379287481307983,-0.004478969681076706,-70.83001098632812,0.014487051,0.5204180479049683,232.22893637999996,0.18271484375,7160,300.0,0.0002,0.00602574332151562,0.2,0.7615381479263306
1476,478,6319,3022848,-0.6892864108085632,-0.0006458239319423834,-70.85916137695312,0.019027933,0.5745419263839722,232.3829966,0.19775390625,7163,300.0,0.0002,0.008651468204334378,0.2,0.7617917656898499
1477,477,6330,3024896,-0.7379620671272278,-0.017951131984591483,-70.88204193115234,0.01621993,0.48161154985427856,233.81671145,0.1548828125,7168,300.0,0.0002,0.009194375155493617,0.2,0.7621225118637085
1478,477,6343,3026944,-0.7372632622718811,-0.013255737675353884,-70.91012802124024,0.016771067,0.5629161596298218,234.89862761,0.16328125,7173,300.0,0.0002,0.00837245024740696,0.2,0.7625603079795837
1479,477,6349,3028992,-0.6812983155250549,0.01170012354850769,-70.93259048461914,0.020089237,0.5586133003234863,235.53131993000002,0.25927734375,7174,300.0,0.0002,0.008635262958705425,0.2,0.7626214623451233
1480,475,6367,3031040,-0.7243202328681946,-0.014396457932889462,-70.9486083984375,0.015124245,0.5104173421859741,235.53131993000002,0.1599609375,7179,300.0,0.0002,0.011245462438091635,0.2,0.762955904006958
1481,475,6382,3033088,-0.7403143048286438,-0.017006006371229888,-70.97676124572754,0.018804343,0.5517418384552002,233.03368963,0.1880859375,7184,300.0,0.0002,0.007634119270369411,0.2,0.7633821964263916
1482,474,6391,3035136,-0.7286073565483093,-0.01019321014173329,-71.00951957702637,0.013717081,0.4911954402923584,231.23520219,0.15224609375,7189,300.0,0.0002,0.007687135529704392,0.2,0.7637614607810974
1483,474,6401,3037184,-0.7374576330184937,-0.01193527108989656,-71.04167175292969,0.015507849,0.5070583820343018,231.80823387,0.1958984375,7194,300.0,0.0002,0.007359515060670674,0.2,0.7641608715057373
1484,474,6411,3039232,-0.7239071726799011,-0.01111449273303151,-71.07251853942871,0.017366765,0.6017072200775146,231.08476334000002,0.171484375,7199,300.0,0.0002,0.007817060267552734,0.2,0.7644858956336975
1485,474,6415,3041280,-0.7328900098800659,-0.013158137863501906,-71.09548568725586,0.015504944,0.5429342985153198,231.84307871,0.1736328125,7204,300.0,0.0002,0.007937827077694238,0.2,0.7647297978401184
1486,474,6419,3043328,-0.7341309785842896,-0.012904708832502365,-71.12577629089355,0.014101906,0.6143712401390076,230.40303762000002,0.16015625,7209,300.0,0.0002,0.0062463251175358895,0.2,0.7653569579124451
1487,474,6423,3045376,-0.7250992655754089,-0.013642086671959413,-71.18413905093544,0.025502048,0.522929310798645,230.40303762000002,0.21206825657894737,7214,300.0,0.0002,0.006186709298115028,0.2,0.7660785913467407
1488,474,6426,3047424,-0.730423092842102,-0.014173278771340846,-71.23208923339844,0.016188899,0.5110306143760681,230.8432798,0.1623046875,7219,300.0,0.0002,0.00633007031865418,0.2,0.7666226625442505
1489,474,6430,3049472,-0.728209376335144,-0.01235791455837898,-71.27897911071777,0.014759928,0.6199519038200378,230.17290904,0.1748046875,7224,300.0,0.0002,0.006843001861125231,0.2,0.7673459053039551
1490,474,6434,3051520,-0.7115987539291382,-0.007127668097382411,-71.33266687393188,0.023413174,0.5349929332733154,231.24729249000004,0.210693359375,7228,300.0,0.0002,0.00446851464221254,0.2,0.7678195834159851
1491,474,6437,3053568,-0.6908238530158997,-0.0021789402023635125,-71.35843311656605,0.020008733,0.5905326008796692,230.33249671000002,0.14382102272727273,7231,300.0,0.0002,0.005994069940325889,0.2,0.7680289149284363
1492,474,6441,3055616,-0.7484482526779175,-0.012928187777288259,-71.38540000915528,0.014471916,0.5857040286064148,228.12869229000003,0.1798828125,7236,300.0,0.0002,0.010403881035745143,0.2,0.7685691118240356
1493,474,6445,3057664,-0.7291074395179749,-0.012899850565008818,-71.42868041992188,0.014253441,0.5803400278091431,228.41333819,0.15966796875,7241,300.0,0.0002,0.009784648334607482,0.2,0.768988311290741
1494,474,6448,3059712,-0.7347478270530701,-0.013070169370621443,-71.45811004638672,0.016030047,0.6028106808662415,228.41333819,0.16923828125,7246,300.0,0.0002,0.00610538877081126,0.2,0.7693231701850891
1495,474,6452,3061760,-0.7308065295219421,-0.012534527899697423,-71.480179977417,0.01563852,0.5290045738220215,228.1437646,0.1607421875,7251,300.0,0.0002,0.009262514626607299,0.2,0.7695143222808838
1496,474,6455,3063808,-0.7468968033790588,-0.014440040709450841,-71.50711593627929,0.014065035,0.5689007043838501,227.66955807,0.1318359375,7256,300.0,0.0002,0.00651838022749871,0.2,0.7700798511505127
1497,474,6458,3065856,-0.7193895578384399,-0.013049397372493618,-71.5532142237613,0.02743794,0.5436409115791321,229.46654642,0.19120065789473684,7261,300.0,0.0002,0.006345068276124566,0.2,0.7705453038215637
1498,474,6462,3067904,-0.7448107600212097,-0.013409269391559064,-71.58667831420898,0.014566554,0.5652241110801697,231.01479961,0.16181640625,7266,300.0,0.0002,0.005286251567304135,0.2,0.7709033489227295
1499,474,6465,3069952,-0.7308518290519714,-0.007125503212017448,-71.61073503996197,0.023401937,0.6434444189071655,229.43290216000003,0.23026315789473684,7271,300.0,0.0002,0.006166442763060331,0.2,0.7711264491081238
1500,474,6468,3072000,-0.7447001934051514,-0.0180624361615628,-71.6359130859375,0.022829385,0.5798596143722534,229.64632368000005,0.18759765625,7276,300.0,0.0002,0.009591589518822729,0.2,0.7716166377067566
1501,474,6472,3074048,-0.7322449088096619,-0.010467668692581356,-71.67975234985352,0.015865166,0.5965954065322876,229.64632368000005,0.18271484375,7281,300.0,0.0002,0.008806050941348075,0.2,0.7721953988075256
1502,475,6474,3076096,-0.6830372214317322,0.009826262714341283,-71.70809555053711,0.01543284,0.5567418336868286,228.30306781999997,0.20263671875,7282,300.0,0.0002,0.006148982560262084,0.2,0.7722843289375305
1503,475,6477,3078144,-0.7351922988891602,-0.006001887680031359,-71.72940483093262,0.013252628,0.645578920841217,228.99591138999997,0.2443359375,7287,300.0,0.0002,0.005716451816260815,0.2,0.7727422118186951
1504,475,6481,3080192,-0.7392102479934692,-0.013648208347149193,-71.76736717224121,0.015516407,0.6142265796661377,228.60422290999998,0.15537109375,7292,300.0,0.0002,0.007776965294033289,0.2,0.7732856273651123
1505,475,6484,3082240,-0.7207169532775879,-0.005761009687557816,-71.81484146118164,0.016976885,0.6136913299560547,228.1545059,0.25361328125,7297,300.0,0.0002,0.007668678066693246,0.2,0.7738834619522095
1506,475,6487,3084288,-0.7496688365936279,-0.016709014726802706,-71.85565185546875,0.01587801,0.5409892201423645,228.33955717,0.1751953125,7302,300.0,0.0002,0.007129387347958982,0.2,0.7743856310844421
1507,475,6489,3086336,-0.7443545460700989,-0.017811832041479646,-71.90150680541993,0.01913226,0.5465528964996338,228.33955717,0.1748046875,7307,300.0,0.0002,0.009832646884024143,0.2,0.7751461267471313
1508,475,6491,3088384,-0.7464150786399841,-0.016955131897702813,-71.9542682647705,0.013119288,0.4900178909301758,228.11741271,0.17431640625,7312,300.0,0.0002,0.00859535278286785,0.2,0.775629460811615
1509,476,6492,3090432,-0.7154034376144409,0.0017642101073371513,-71.97725568498883,0.020896832,0.5916997194290161,227.85001225000005,0.13253348214285715,7314,300.0,0.0002,0.007189024372824601,0.2,0.7757374048233032
1510,476,6494,3092480,-0.7494213581085205,-0.012796338368207216,-71.99809951782227,0.013395941,0.614395260810852,228.68815680999995,0.13916015625,7319,300.0,0.0002,0.00543352032545954,0.2,0.7762105464935303
1511,476,6496,3094528,-0.7416226863861084,-0.010629353299736976,-72.03773193359375,0.014407141,0.5891923904418945,230.45862433,0.20771484375,7324,300.0,0.0002,0.006967663881368935,0.2,0.7766873836517334
1512,476,6499,3096576,-0.7448520064353943,-0.01536168655147776,-72.06700057983399,0.016848078,0.5630679130554199,229.62773925,0.1611328125,7329,300.0,0.0002,0.007348561682738364,0.2,0.7769707441329956
1513,476,6501,3098624,-0.7525246739387512,-0.009999765618704259,-72.08353691101074,0.012769228,0.5651968717575073,230.27096663999998,0.18134765625,7334,300.0,0.0002,0.005889272643253207,0.2,0.7771561145782471
1514,476,6503,3100672,-0.7398561239242554,-0.01648608995601535,-72.10384521484374,0.019456176,0.5893039703369141,230.27096663999998,0.199609375,7339,300.0,0.0002,0.006658886559307575,0.2,0.7775784134864807
1515,476,6506,3102720,-0.7560150027275085,-0.01533328085206449,-72.14644279479981,0.012156144,0.6025654077529907,230.93378866000006,0.14130859375,7344,300.0,0.0002,0.006718496652320027,0.2,0.7782347202301025
1516,477,6508,3104768,-0.7537345290184021,-0.017721497733145953,-72.20308914184571,0.01648101,0.6555843353271484,230.56372703999997,0.169921875,7349,300.0,0.0002,0.006000030739232898,0.2,0.7789572477340698
1517,477,6509,3106816,-0.7142001986503601,-0.0006056272291711398,-72.2405286516462,0.020880029,0.507307767868042,230.39021459000003,0.125,7351,300.0,0.0002,0.010671717380838735,0.2,0.7791653871536255
1518,477,6512,3108864,-0.7551806569099426,-0.014061958086676896,-72.26844291687011,0.018120605,0.5982098579406738,231.0114578,0.20380859375,7356,300.0,0.0002,0.008069675252772867,0.2,0.7796651721000671
1519,477,6514,3110912,-0.756406843662262,-0.015497139224316924,-72.30897750854493,0.017902981,0.6351219415664673,229.89316812999996,0.21142578125,7361,300.0,0.0002,0.007182270800694823,0.2,0.7802351713180542
1520,477,6517,3112960,-0.7583636045455933,-0.015804224321618675,-72.35046081542968,0.013550287,0.5156991481781006,230.72907734999998,0.13876953125,7366,300.0,0.0002,0.007563647837378085,0.2,0.7806265950202942
1521,477,6519,3115008,-0.7523284554481506,-0.011963025247678161,-72.37976303100587,0.013874403,0.7002934217453003,230.72907734999998,0.15615234375,7371,300.0,0.0002,0.005120341409929096,0.2,0.7810554504394531
1522,477,6521,3117056,-0.7430542707443237,-0.012839467963203788,-72.4224349975586,0.013572865,0.5761939287185669,231.22886827000002,0.16328125,7376,300.0,0.0002,0.008967707445845009,0.2,0.7816532254219055
1523,478,6523,3119104,-0.7390556335449219,-0.009189549065195025,-72.46397514343262,0.013256265,0.6739732027053833,229.90458543999998,0.18916015625,7381,300.0,0.0002,0.005106232664547861,0.2,0.7820658087730408
1524,478,6524,3121152,-0.7117241024971008,-0.0035874147645451808,-72.48705777254972,0.024977071,0.6162117719650269,230.41075438999997,0.16424005681818182,7384,300.0,0.0002,0.007940448608926752,0.2,0.7822605967521667
1525,478,6526,3123200,-0.7466015815734863,-0.014857970946468412,-72.50863265991211,0.015867278,0.5402184724807739,228.9470031,0.16123046875,7389,300.0,0.0002,0.007904247124679386,0.2,0.7826870083808899
1526,478,6528,3125248,-0.7523931264877319,-0.016720120701938866,-72.54312934875489,0.018798897,0.6022865772247314,227.45023831999998,0.19580078125,7394,300.0,0.0002,0.007564050052314997,0.2,0.7831610441207886
1527,478,6529,3127296,-0.7276080846786499,-0.0017933688747386138,-72.57134183247884,0.023498606,0.6375571489334106,227.46991375,0.2565104166666667,7397,300.0,0.0002,0.005757534488414724,0.2,0.7833951115608215
1528,479,6532,3129344,-0.7508636116981506,-0.012891764054074883,-72.59257431030274,0.013118131,0.5462321639060974,227.46991375,0.14755859375,7402,300.0,0.0002,0.005243061482906342,0.2,0.7837538719177246
1529,479,6534,3131392,-0.7450892925262451,-0.010306428000330926,-72.629195022583,0.014512003,0.5534659624099731,227.75056745999998,0.19150390625,7407,300.0,0.0002,0.00570598819758743,0.2,0.7843737602233887
1530,479,6536,3133440,-0.7422584891319275,-0.010342875262722373,-72.67897605895996,0.020017209,0.5633299350738525,228.93765760999997,0.2083984375,7412,300.0,0.0002,0.006571412598714232,0.2,0.7849134206771851
1531,479,6538,3135488,-0.7555911540985107,-0.014516306994482874,-72.71520233154297,0.015310828,0.5460565090179443,231.10497528000005,0.1880859375,7417,300.0,0.0002,0.005724633950740099,0.2,0.785341203212738
1532,479,6540,3137536,-0.7526825666427612,-0.014790740050375461,-72.74831619262696,0.013456675,0.6119725704193115,229.31001160000002,0.129296875,7422,300.0,0.0002,0.006376543408259749,0.2,0.7857499718666077
1533,479,6542,3139584,-0.7611594796180725,-0.013634842587634921,-72.77892761230468,0.016396357,0.5093158483505249,229.56291534999997,0.173046875,7427,300.0,0.0002,0.006920534116216004,0.2,0.7860352396965027
1534,480,6544,3141632,-0.7483476996421814,-0.010465733986347914,-72.79907264709473,0.018418163,0.5817468166351318,231.28955825,0.2060546875,7432,300.0,0.0002,0.005591254262253642,0.2,0.786383330821991
1535,480,6546,3143680,-0.7548006772994995,-0.01624243869446218,-72.83734436035157,0.013373331,0.5439710021018982,231.28955825,0.176953125,7437,300.0,0.0002,0.004604960756842047,0.2,0.7870529890060425
1536,480,6548,3145728,-0.7418019771575928,-0.013874972448684275,-72.88878746032715,0.014854625,0.5751522779464722,231.78984991999997,0.18583984375,7442,300.0,0.0002,0.0058959165122359995,0.2,0.7876914143562317
1537,480,6550,3147776,-0.757344126701355,-0.01832009186036885,-72.93476905822754,0.017741658,0.5389660000801086,231.97371528000002,0.16708984375,7447,300.0,0.0002,0.009057214250788093,0.2,0.7881945371627808
1538,480,6552,3149824,-0.7176386713981628,-0.004027863219380379,-72.96665954589844,0.026883727,0.6568013429641724,232.94137120999997,0.237109375,7451,300.0,0.0002,0.007091362432887157,0.2,0.7884660959243774
1539,480,6554,3151872,-0.7647247910499573,-0.01614771531894803,-72.9923152923584,0.017467745,0.6132445931434631,231.91183058,0.18984375,7456,300.0,0.0002,0.006432828726246953,0.2,0.7889651656150818
1540,481,6556,3153920,-0.7361255288124084,-0.011001133045647293,-73.03427925109864,0.024273409,0.5491023063659668,232.37208022,0.2103515625,7461,300.0,0.0002,0.0065568041987717155,0.2,0.789469838142395
1541,481,6558,3155968,-0.7520094513893127,-0.015115712629631161,-73.0725112915039,0.01792995,0.5762985944747925,232.37208022,0.20419921875,7466,300.0,0.0002,0.008550505340099334,0.2,0.7900034785270691
1542,481,6560,3158016,-0.7553722858428955,-0.015812933607958258,-73.10887794494629,0.017564509,0.5125128030776978,231.37379258000004,0.1482421875,7471,300.0,0.0002,0.00921698056627065,0.2,0.790429949760437
1543,481,6562,3160064,-0.7597674131393433,-0.011282381229102611,-73.1407585144043,0.012581337,0.5603111982345581,229.37181050999996,0.15546875,7476,300.0,0.0002,0.008216158556751906,0.2,0.7907867431640625
1544,481,6564,3162112,-0.749294102191925,-0.009388769418001175,-73.16864318847657,0.012928747,0.5682987570762634,228.07544062999997,0.18427734375,7481,300.0,0.0002,0.007750869332812727,0.2,0.7911640405654907
1545,481,6566,3164160,-0.7398505210876465,-0.010615225718356668,-73.2036521911621,0.023873001,0.6409546136856079,226.62026627000003,0.23271484375,7486,300.0,0.0002,0.0058956863824278114,0.2,0.7916173338890076
1546,482,6568,3166208,-0.7440199255943298,-0.016035046684555708,-73.23487586975098,0.0154078975,0.5309543013572693,226.97180609000006,0.16337890625,7491,300.0,0.0002,0.006220961711369455,0.2,0.7919358015060425
1547,482,6570,3168256,-0.760001003742218,-0.014950227597728372,-73.2619255065918,0.020703208,0.5296657085418701,228.06049415,0.186328125,7496,300.0,0.0002,0.005894493730738759,0.2,0.7923359870910645
1548,482,6572,3170304,-0.7617313265800476,-0.018621087446808814,-73.28983154296876,0.01533969,0.5497432351112366,228.06049415,0.16044921875,7501,300.0,0.0002,0.006854042527265847,0.2,0.7925887703895569
1549,482,6573,3172352,-0.7505598068237305,-0.013456420204602183,-73.31285133361817,0.019986495,0.5079905986785889,227.11032276999998,0.21123046875,7506,300.0,0.0002,0.006477628136053681,0.2,0.7930060029029846
1550,482,6574,3174400,-0.7055063843727112,0.008242176612839103,-73.33396530151367,0.015695237,0.6110251545906067,226.00268251,0.2158203125,7507,300.0,0.0002,0.007823908468708396,0.2,0.793073296546936
1551,482,6576,3176448,-0.7580158710479736,-0.013557926239445805,-73.34936637878418,0.01474416,0.645898163318634,226.55009858999998,0.1755859375,7512,300.0,0.0002,0.005882619274780154,0.2,0.793367862701416
1552,483,6578,3178496,-0.7620915770530701,-0.01413974561728537,-73.37685432434083,0.014338432,0.6490660905838013,226.88316086999998,0.1587890625,7517,300.0,0.0002,0.006982596311718226,0.2,0.7938293814659119
1553,483,6580,3180544,-0.7512308359146118,-0.013560665212571621,-73.41277084350585,0.018523779,0.6514942646026611,226.55385812,0.1828125,7522,300.0,0.0002,0.006564796413294971,0.2,0.7942330241203308
1554,483,6582,3182592,-0.7602427005767822,-0.010315296286717058,-73.43836784362793,0.01212857,0.551819920539856,226.93921707,0.19560546875,7527,300.0,0.0002,0.006650548614561558,0.2,0.7945240139961243
1555,483,6584,3184640,-0.759855329990387,-0.01656356155872345,-73.4611572265625,0.019837663,0.6836620569229126,226.93921707,0.18779296875,7532,300.0,0.0002,0.005641915998421609,0.2,0.7948223948478699
1556,483,6586,3186688,-0.7620432376861572,-0.013972568442113698,-73.48052558898925,0.01665546,0.49532943964004517,227.27358738000004,0.1697265625,7537,300.0,0.0002,0.006222221930511296,0.2,0.7950179576873779
1557,484,6588,3188736,-0.7584930062294006,-0.01122054026927799,-73.49792442321777,0.01857559,0.634018063545227,228.95531426000002,0.17412109375,7542,300.0,0.0002,0.005857790959998966,0.2,0.7953360676765442
1558,484,6590,3190784,-0.7526886463165283,-0.013180665299296379,-73.52269096374512,0.017934803,0.6343883275985718,229.1469953,0.1328125,7547,300.0,0.0002,0.0070365084102377295,0.2,0.7955986857414246
1559,484,6592,3192832,-0.7415974140167236,-0.004946358897723257,-73.5418155670166,0.014092121,0.5655800104141235,230.88141069999998,0.241796875,7552,300.0,0.0002,0.007888942654244602,0.2,0.7958397269248962
1560,484,6594,3194880,-0.7597072720527649,-0.015851828595623375,-73.56587753295898,0.020967714,0.6197483539581299,231.54032541000004,0.1609375,7557,300.0,0.0002,0.007830259995535016,0.2,0.7962332963943481
1561,484,6596,3196928,-0.7606711387634277,-0.014934103190898895,-73.59362716674805,0.014697628,0.5731335878372192,230.00929149,0.1560546875,7562,300.0,0.0002,0.008755176258273423,0.2,0.7965075373649597
1562,484,6598,3198976,-0.7671886086463928,-0.018553974432870747,-73.6211540222168,0.020241514,0.6005295515060425,230.00929149,0.1923828125,7567,300.0,0.0002,0.008140524406917394,0.2,0.7970408201217651
1563,484,6600,3201024,-0.7576296329498291,-0.011732574831694365,-73.66440620422364,0.015675629,0.5610672831535339,229.01987032999997,0.168359375,7572,300.0,0.0002,0.010854487726464867,0.2,0.7975679039955139
1564,485,6602,3203072,-0.7611973285675049,-0.014524027751758695,-73.70481338500977,0.016466161,0.5473511219024658,229.56663355000003,0.19482421875,7577,300.0,0.0002,0.00880369485821575,0.2,0.7981191873550415
1565,485,6602,3205120,-0.7083446979522705,0.00982062378898263,-73.72904586791992,0.01425681,0.581767201423645,229.00667805000003,0.1787109375,7578,300.0,0.0002,0.012787318089976907,0.2,0.7981883883476257
1566,485,6603,3207168,-0.7269233465194702,-0.00016003439668565989,-73.73733615875244,0.022096734,0.58128821849823,229.52001967999996,0.194091796875,7580,300.0,0.0002,0.009763628127984703,0.2,0.798332154750824
1567,485,6605,3209216,-0.7621826529502869,-0.013231642218306661,-73.75573959350587,0.016115498,0.6011853218078613,228.66613856000004,0.20927734375,7585,300.0,0.0002,0.009520432353019715,0.2,0.7986392974853516
1568,485,6607,3211264,-0.7589336633682251,-0.011209535039961338,-73.77586212158204,0.014700229,0.6115682125091553,228.84615274000004,0.15419921875,7590,300.0,0.0002,0.007583476952277124,0.2,0.7989162802696228
1569,486,6609,3213312,-0.7458803057670593,-0.013220305810682476,-73.80410232543946,0.021103466,0.6070513725280762,228.84615274000004,0.21943359375,7595,300.0,0.0002,0.007183649390935898,0.2,0.7993972301483154
1570,486,6611,3215360,-0.7687556147575378,-0.016469121165573596,-73.84333267211915,0.015338403,0.5759437084197998,229.13589143,0.17802734375,7600,300.0,0.0002,0.008258126070722937,0.2,0.7998818755149841
1571,486,6613,3217408,-0.7609142661094666,-0.017021933011710642,-73.86990127563476,0.020412201,0.6150214672088623,227.90254038999998,0.1869140625,7605,300.0,0.0002,0.009792282525449992,0.2,0.8001022338867188
1572,486,6615,3219456,-0.7617619633674622,-0.010852366569451988,-73.89064826965333,0.01780679,0.5058534145355225,227.77984597999995,0.2046875,7610,300.0,0.0002,0.006518435780890286,0.2,0.8004929423332214
1573,486,6617,3221504,-0.7643260955810547,-0.015724730910733342,-73.92750549316406,0.015785597,0.6145052313804626,227.74606615999997,0.1853515625,7615,300.0,0.0002,0.00583867565728724,0.2,0.801031768321991
1574,487,6618,3223552,-0.754485547542572,-0.016502399847377093,-73.96740493774413,0.018332837,0.6721950769424438,226.51312897,0.1779296875,7620,300.0,0.0002,0.009107819898054004,0.2,0.8014981746673584
1575,487,6620,3225600,-0.759204626083374,-0.011361109162680804,-74.00935821533203,0.017349217,0.6013456583023071,226.22987619,0.1763671875,7625,300.0,0.0002,0.011768226278945804,0.2,0.8021108508110046
1576,487,6622,3227648,-0.7559903264045715,-0.008093522652052343,-74.05241928100585,0.010734058,0.5108630657196045,226.22987619,0.17041015625,7630,300.0,0.0002,0.009785471810027957,0.2,0.8026030659675598
1577,487,6625,3229696,-0.777422308921814,-0.015751346247270703,-74.09668884277343,0.021314962,0.5452461242675781,225.89329969000002,0.1611328125,7635,300.0,0.0002,0.0058615947607904674,0.2,0.803325355052948
1578,487,6627,3231744,-0.7837833762168884,-0.015273888176307083,-74.15121879577637,0.014353558,0.6363128423690796,226.78612749000004,0.1931640625,7640,300.0,0.0002,0.007422127132304013,0.2,0.803960382938385
1579,487,6629,3233792,-0.7570301294326782,-0.01320964638143778,-74.19739418029785,0.015571592,0.6000698208808899,226.27091273999997,0.19169921875,7645,300.0,0.0002,0.008304999605752528,0.2,0.8044954538345337
1580,487,6631,3235840,-0.767088770866394,-0.01628099549561739,-74.23685302734376,0.01935238,0.5874492526054382,226.90936498,0.15615234375,7650,300.0,0.0002,0.006702768267132342,0.2,0.804967999458313
1581,488,6633,3237888,-0.7664681673049927,-0.015516360523179173,-74.27258377075195,0.015796818,0.6310230493545532,226.0288863,0.14853515625,7655,300.0,0.0002,0.008083100290969014,0.2,0.8054448962211609
1582,488,6635,3239936,-0.761138379573822,-0.012183416774496436,-74.30743980407715,0.012088396,0.695864200592041,226.0288863,0.160546875,7660,300.0,0.0002,0.010964729310944676,0.2,0.8057903051376343
1583,488,6636,3241984,-0.7683011293411255,-0.00979992737993598,-74.33214645385742,0.017724039,0.5373659133911133,226.51775682000005,0.22578125,7665,300.0,0.0002,0.006621272279880941,0.2,0.8060895800590515
1584,488,6638,3244032,-0.7705518007278442,-0.015919343568384647,-74.35442123413085,0.020694967,0.5123422145843506,226.52925516,0.1853515625,7670,300.0,0.0002,0.007418140838854015,0.2,0.8063384890556335
1585,488,6640,3246080,-0.7591448426246643,-0.008698315708898008,-74.37698516845703,0.01214365,0.5772406458854675,228.49573524,0.18203125,7675,300.0,0.0002,0.00761230792850256,0.2,0.8067139387130737
1586,488,6642,3248128,-0.7665132284164429,-0.012996777426451445,-74.41325531005859,0.0205374,0.5460441708564758,229.17718621,0.19853515625,7680,300.0,0.0002,0.007102491543628275,0.2,0.8072317838668823
1587,489,6644,3250176,-0.7750197052955627,-0.010891922051087022,-74.44736747741699,0.017042557,0.5912901163101196,229.42579616,0.21630859375,7685,300.0,0.0002,0.007317766104824841,0.2,0.8076210021972656
1588,489,6646,3252224,-0.763180136680603,-0.012437073071487248,-74.47794914245605,0.021279104,0.64444500207901,230.1087483599999,0.18662109375,7690,300.0,0.0002,0.007193162152543664,0.2,0.8080480098724365
1589,489,6648,3254272,-0.7745122909545898,-0.018615723750554026,-74.5078239440918,0.020175435,0.6268854141235352,230.1087483599999,0.19677734375,7695,300.0,0.0002,0.009039678797125816,0.2,0.8084064722061157
1590,489,6650,3256320,-0.739647626876831,-0.001017563236767755,-74.5292309031767,0.04729362,0.547589898109436,231.79976526000007,0.23322610294117646,7700,300.0,0.0002,0.007570136530215249,0.2,0.8085991740226746
1591,489,6651,3258368,-0.7622595429420471,-0.011140888882800936,-74.55079002380371,0.01715967,0.5841002464294434,231.53216970999998,0.21416015625,7705,300.0,0.0002,0.010687141818925739,0.2,0.8089914917945862
1592,490,6653,3260416,-0.7862562537193298,-0.015091685554943978,-74.58139305114746,0.017478518,0.626747727394104,232.80637663000002,0.18095703125,7710,300.0,0.0002,0.007588330213911832,0.2,0.8093413710594177
1593,490,6655,3262464,-0.7715365290641785,-0.017998505430296064,-74.60936546325684,0.021694925,0.6013377904891968,232.40937018,0.18720703125,7715,300.0,0.0002,0.007302238582633435,0.2,0.8097394108772278
1594,490,6657,3264512,-0.7771742343902588,-0.015640055597759783,-74.64057884216308,0.016221752,0.6166032552719116,232.97551646000002,0.16708984375,7720,300.0,0.0002,0.007370061147958041,0.2,0.8101300597190857
1595,490,6659,3266560,-0.7629244923591614,-0.012570354994386435,-74.67910881042481,0.016997114,0.6528975963592529,232.45226845999997,0.2021484375,7725,300.0,0.0002,0.009020352829247713,0.2,0.8108043670654297
1596,490,6661,3268608,-0.7841382622718811,-0.013304608664475382,-74.72413177490235,0.01528172,0.5982002019882202,232.45226845999997,0.1564453125,7730,300.0,0.0002,0.007390042743645608,0.2,0.811279296875
1597,490,6663,3270656,-0.7739465832710266,-0.014081056090071797,-74.75487098693847,0.015886348,0.49241745471954346,233.88599613999997,0.205859375,7735,300.0,0.0002,0.008338786172680556,0.2,0.8116302490234375
1598,490,6665,3272704,-0.7764872312545776,-0.012537188129499555,-74.78630752563477,0.01731889,0.5819082260131836,233.18267657999996,0.224609375,7740,300.0,0.0002,0.013413626793771982,0.2,0.8121550679206848
1599,491,6667,3274752,-0.7700722813606262,-0.013402749528177082,-74.82678260803223,0.016507307,0.6052098274230957,234.62557746999994,0.16181640625,7745,300.0,0.0002,0.009936296753585339,0.2,0.8126686811447144
1600,491,6669,3276800,-0.7731195688247681,-0.014082265191245825,-74.86400871276855,0.019089649,0.5172383785247803,233.74999972000006,0.20537109375,7750,300.0,0.0002,0.006879158550873399,0.2,0.8131417036056519
1601,491,6671,3278848,-0.7590890526771545,-0.008844636334106325,-74.8962574005127,0.012378308,0.508001983165741,233.36796894999995,0.19150390625,7755,300.0,0.0002,0.007038566982373595,0.2,0.8135470747947693
1602,491,6673,3280896,-0.7688309550285339,-0.012515928642824293,-74.93178176879883,0.015632484,0.6115728616714478,233.01492824999994,0.1736328125,7760,300.0,0.0002,0.007475484069436789,0.2,0.8141389489173889
1603,491,6675,3282944,-0.7654186487197876,-0.016741567609929724,-74.97298592015316,0.030304708,0.5965293049812317,233.01492824999994,0.19891036184210525,7765,300.0,0.0002,0.006381823877362828,0.2,0.814507246017456
1604,491,6677,3284992,-0.7782732844352722,-0.013845754973590373,-75.00078086853027,0.019241583,0.3733876943588257,233.82713709000004,0.1884765625,7770,300.0,0.0002,0.003677602135576308,0.2,0.8148685097694397
1605,492,6679,3287040,-0.771468997001648,-0.012229383597150445,-75.02118301391602,0.0139516005,0.6506960988044739,234.97013538,0.19189453125,7775,300.0,0.0002,0.005810600519180298,0.2,0.8149777054786682
1606,492,6680,3289088,-0.7753003239631653,-0.0060221381485462185,-75.03353157043458,0.015396489,0.5828198194503784,236.17531205,0.22353515625,7780,300.0,0.0002,0.007358514307998121,0.2,0.8152683973312378
1607,492,6682,3291136,-0.7702035903930664,-0.01366065302863717,-75.06431732177734,0.017203674,0.6058368682861328,234.21067845000002,0.19013671875,7785,300.0,0.0002,0.006326440628618002,0.2,0.815754771232605
1608,492,6684,3293184,-0.788370668888092,-0.016023901221342386,-75.10246238708496,0.017022075,0.6346079111099243,233.93079885999998,0.1642578125,7790,300.0,0.0002,0.006777519872412085,0.2,0.816253662109375
1609,492,6686,3295232,-0.7792988419532776,-0.014268442941829561,-75.1396598815918,0.015384051,0.6677271127700806,233.72586091999997,0.212109375,7795,300.0,0.0002,0.00641176626086235,0.2,0.8166939616203308
1610,493,6688,3297280,-0.7708865404129028,-0.013480545487254858,-75.16506881713867,0.020823853,0.6328572034835815,233.72586091999997,0.2171875,7800,300.0,0.0002,0.008084552199579775,0.2,0.8169383406639099
1611,493,6690,3299328,-0.7865771651268005,-0.011839419684838504,-75.1828842163086,0.015102431,0.5497194528579712,234.17500272,0.240234375,7805,300.0,0.0002,0.0065464966231957075,0.2,0.8172420263290405
1612,493,6691,3301376,-0.7769972085952759,-0.017057803831994532,-75.21175804138184,0.015327877,0.6175938844680786,234.07685556999996,0.19765625,7810,300.0,0.0002,0.008444739645347,0.2,0.8176223039627075
1613,493,6693,3303424,-0.768995463848114,-0.015053296647965907,-75.23469619750976,0.0147653455,0.5148634910583496,233.16896800999996,0.15361328125,7815,300.0,0.0002,0.008793085254728794,0.2,0.817847490310669
1614,493,6695,3305472,-0.7714331150054932,-0.016098222648724913,-75.26212768554687,0.02222948,0.5962161421775818,232.25425906999993,0.1998046875,7820,300.0,0.0002,0.005266228108666837,0.2,0.8183845281600952
1615,493,6697,3307520,-0.7732579708099365,-0.013604381354525685,-75.30197067260742,0.013771118,0.6346945762634277,231.54111081,0.20009765625,7825,300.0,0.0002,0.00634017817210406,0.2,0.818783700466156
1616,494,6699,3309568,-0.734178364276886,-0.0028299050560841956,-75.32493654886882,0.019590931,0.6480798721313477,231.54111081,0.15250651041666666,7828,300.0,0.0002,0.008182285741592446,0.2,0.8190178275108337
1617,494,6700,3311616,-0.7762766480445862,-0.012243380350992084,-75.35523834228516,0.0136908805,0.5671553611755371,231.26240205000002,0.17099609375,7833,300.0,0.0002,0.008197276969440281,0.2,0.8196473717689514
1618,494,6702,3313664,-0.772179365158081,-0.01603248338215053,-75.40017166137696,0.01587395,0.5741360187530518,230.47896827,0.2078125,7838,300.0,0.0002,0.008661180082708598,0.2,0.8201624751091003
1619,494,6704,3315712,-0.7675983309745789,-0.011135731637477875,-75.43806419372558,0.01795042,0.612060546875,229.45748637999998,0.18505859375,7843,300.0,0.0002,0.007196090673096478,0.2,0.8207111954689026
1620,494,6706,3317760,-0.7872005701065063,-0.012405166926328093,-75.4776741027832,0.015208891,0.5557268261909485,229.30240770999998,0.21162109375,7848,300.0,0.0002,0.007122961524873972,0.2,0.8211783170700073
1621,494,6708,3319808,-0.7785488963127136,-0.01410479163751006,-75.50444221496582,0.014972228,0.5891886949539185,227.93600321000002,0.16953125,7853,300.0,0.0002,0.007232374930754304,0.2,0.8214030265808105
1622,495,6710,3321856,-0.7943264245986938,-0.01745262632612139,-75.52156219482421,0.016975746,0.5799601674079895,228.38391810000005,0.16337890625,7858,300.0,0.0002,0.00789314927533269,0.2,0.8217235803604126
1623,495,6712,3323904,-0.7829993367195129,-0.015117747103795409,-75.55455894470215,0.023994314,0.5963300466537476,228.38391810000005,0.20439453125,7863,300.0,0.0002,0.007796259690076112,0.2,0.8222637176513672
1624,495,6713,3325952,-0.7790699005126953,-0.01536418478935957,-75.5997127532959,0.02023765,0.6043041944503784,230.03182232999998,0.1763671875,7868,300.0,0.0002,0.007296074391342699,0.2,0.8228572010993958
1625,495,6715,3328000,-0.7784368991851807,-0.012725434731692076,-75.64314193725586,0.020527987,0.4431273937225342,229.22674532999997,0.2078125,7873,300.0,0.0002,0.009708818793296815,0.2,0.8234123587608337
1626,495,6717,3330048,-0.7765272855758667,-0.011758553236722947,-75.68469352722168,0.012449257,0.5117557048797607,230.15593373000004,0.18505859375,7878,300.0,0.0002,0.005953453783877194,0.2,0.8239967823028564
1627,495,6719,3332096,-0.7789258360862732,-0.015458793682046234,-75.73276977539062,0.018970128,0.5409475564956665,229.81018968999996,0.18583984375,7883,300.0,0.0002,0.006051955232396722,0.2,0.8245827555656433
1628,496,6721,3334144,-0.779869019985199,-0.016639922745525837,-75.76860237121582,0.020456264,0.569863498210907,229.14396313,0.1876953125,7888,300.0,0.0002,0.009149767505005003,0.2,0.8249366283416748
1629,496,6723,3336192,-0.7666322588920593,-0.009537138533778489,-75.79503784179687,0.01852201,0.5429120063781738,229.05173548000002,0.21455078125,7893,300.0,0.0002,0.009918402414768934,0.2,0.8253651261329651
1630,496,6725,3338240,-0.7771193981170654,-0.014678492909297347,-75.81906242370606,0.015096685,0.5813804268836975,229.05173548000002,0.16875,7898,300.0,0.0002,0.008731826674193144,0.2,0.8254834413528442
1631,496,6727,3340288,-0.7896395921707153,-0.013213084475137294,-75.82943420410156,0.016989341,0.4007710814476013,230.39407313999996,0.1912109375,7903,300.0,0.0002,0.005057737394236028,0.2,0.825792133808136
1632,496,6728,3342336,-0.7867208123207092,-0.015427288226783275,-75.86184310913086,0.015668655,0.5787391066551208,230.63061538,0.19228515625,7908,300.0,0.0002,0.005471405759453774,0.2,0.8263238072395325
1633,496,6730,3344384,-0.7841787338256836,-0.01333206701092422,-75.89546928405761,0.011283374,0.5719740390777588,230.84338637999997,0.16015625,7913,300.0,0.0002,0.005608379817567765,0.2,0.8266627788543701
1634,497,6732,3346432,-0.7852297425270081,-0.01439457070082426,-75.9234832763672,0.014320923,0.59984290599823,231.48640786999997,0.1669921875,7918,300.0,0.0002,0.005501559469848871,0.2,0.8272372484207153
1635,497,6734,3348480,-0.7918269634246826,-0.011061107204295696,-75.96840400695801,0.0135941515,0.6615251302719116,231.84412446,0.14326171875,7923,300.0,0.0002,0.006237728078849614,0.2,0.8277761340141296
1636,497,6736,3350528,-0.7694357633590698,-0.011745854234322905,-76.00002098083496,0.01248711,0.5956577062606812,231.28841763999998,0.1501953125,7928,300.0,0.0002,0.008910639118403197,0.2,0.828112006187439
1637,497,6738,3352576,-0.7884317636489868,-0.017991986125707626,-76.02530288696289,0.01596627,0.6208289861679077,231.28841763999998,0.1607421875,7933,300.0,0.0002,0.008718716120347381,0.2,0.8285245299339294
1638,497,6740,3354624,-0.764274537563324,-0.004535485967062413,-76.05912742614746,0.013350985,0.6164367198944092,232.45793125000003,0.1875,7938,300.0,0.0002,0.005458681122399866,0.2,0.828971266746521
1639,497,6742,3356672,-0.7835851311683655,-0.019351735059171916,-76.08964958190919,0.017991614,0.514796257019043,232.35727731,0.2041015625,7943,300.0,0.0002,0.006391954701393842,0.2,0.829392671585083
1640,498,6743,3358720,-0.7751182317733765,-0.007447953479221234,-76.11254178560696,0.030668173,0.6227697134017944,231.51902830000003,0.19471153846153846,7947,300.0,0.0002,0.006668583454134373,0.2,0.8295699954032898
1641,498,6745,3360768,-0.7809945940971375,-0.012407815200276673,-76.12949256896972,0.014880135,0.6032593250274658,231.30565476,0.1697265625,7952,300.0,0.0002,0.008374518901109695,0.2,0.8299499750137329
1642,498,6747,3362816,-0.7904974222183228,-0.0127105379011482,-76.16435050964355,0.017949007,0.6456838846206665,232.14559050000003,0.16953125,7957,300.0,0.0002,0.010107081569731235,0.2,0.8304481506347656
1643,498,6749,3364864,-0.7920408248901367,-0.02004485544748604,-76.2008888244629,0.017623587,0.6771934628486633,231.36330095000002,0.18837890625,7962,300.0,0.0002,0.00722859448287636,0.2,0.8308976888656616
1644,498,6750,3366912,-0.7807196378707886,-0.01764127879869193,-76.23743705749511,0.017864786,0.6222786903381348,231.36330095000002,0.16171875,7967,300.0,0.0002,0.011064974078908562,0.2,0.831413745880127
1645,498,6752,3368960,-0.7864810228347778,-0.014037350891157985,-76.27382049560546,0.019420281,0.5820262432098389,231.81314662000005,0.16240234375,7972,300.0,0.0002,0.005713430326431989,0.2,0.8318347930908203
1646,499,6754,3371008,-0.7915037274360657,-0.015277346642687917,-76.30577812194824,0.018707661,0.6007089614868164,231.31900743999998,0.17294921875,7977,300.0,0.0002,0.008699562260881066,0.2,0.8322674036026001
1647,499,6756,3373056,-0.7918436527252197,-0.009275483898818493,-76.33894805908203,0.01931495,0.6520049571990967,232.73220526000006,0.200390625,7982,300.0,0.0002,0.006470034341327846,0.2,0.8327682018280029
1648,499,6757,3375104,-0.7773096561431885,-0.015143231488764286,-76.37709121704101,0.0137233725,0.7009574174880981,231.99140856000005,0.17783203125,7987,300.0,0.0002,0.007274135295301676,0.2,0.8332318663597107
1649,499,6759,3377152,-0.7835947871208191,-0.014320759801194072,-76.40995140075684,0.020021576,0.7042861580848694,230.54478618000002,0.1984375,7992,300.0,0.0002,0.00970017844811082,0.2,0.833667516708374
1650,499,6761,3379200,-0.7852022647857666,-0.016616172378417105,-76.44671821594238,0.021459375,0.5121088027954102,231.97624998,0.22890625,7997,300.0,0.0002,0.01012089680880308,0.2,0.8341822624206543
1651,499,6762,3381248,-0.779371440410614,-0.008972173390377845,-76.48048673357282,0.027769033,0.5849297046661377,231.97624998,0.20354352678571427,8001,300.0,0.0002,0.011642391394291605,0.2,0.8345508575439453
1652,500,6764,3383296,-0.7802998423576355,-0.011141690937802196,-76.51324882507325,0.016419832,0.5204070806503296,230.62758018999997,0.2138671875,8006,300.0,0.0002,0.009278593864291907,0.2,0.8351072669029236
1653,500,6766,3385344,-0.7945084571838379,-0.016119650611653925,-76.55651054382324,0.015863989,0.5496039986610413,229.30329315,0.14658203125,8011,300.0,0.0002,0.008660858077928425,0.2,0.8357623219490051
1654,500,6767,3387392,-0.793067455291748,-0.012615269422531128,-76.60171203613281,0.018448424,0.559815526008606,229.34370806000004,0.14423828125,8016,300.0,0.0002,0.008674651430919767,0.2,0.8362282514572144
1655,500,6769,3389440,-0.7838042974472046,-0.012293138122186065,-76.62313728332519,0.013094386,0.6333640813827515,231.39964994,0.1939453125,8021,300.0,0.0002,0.008033880754373968,0.2,0.8364385962486267
1656,500,6771,3391488,-0.7845622897148132,-0.011282825795933604,-76.65241279602051,0.014781087,0.6101386547088623,231.00309732999997,0.1474609375,8026,300.0,0.0002,0.00606608057860285,0.2,0.8371252417564392
1657,501,6772,3393536,-0.8010090589523315,-0.012677458371035755,-76.70083999633789,0.01311584,0.460235059261322,231.00309732999997,0.17119140625,8031,300.0,0.0002,0.006949106138199568,0.2,0.8376383781433105
1658,501,6774,3395584,-0.8055678606033325,-0.013144249096512794,-76.73070907592773,0.016935142,0.5953381061553955,230.27917489,0.2201171875,8036,300.0,0.0002,0.01114444937556982,0.2,0.8379805684089661
1659,501,6776,3397632,-0.7921085357666016,-0.016156736528500915,-76.76266250610351,0.019470956,0.5511471629142761,229.51220814000004,0.17568359375,8041,300.0,0.0002,0.008055380592122675,0.2,0.8385665416717529
1660,501,6778,3399680,-0.8011645674705505,-0.014881840348243714,-76.809566116333,0.014135083,0.5672656893730164,230.58618033000002,0.1724609375,8046,300.0,0.0002,0.007923941966146231,0.2,0.8392225503921509
1661,501,6780,3401728,-0.7962300777435303,-0.015091726696118713,-76.85369415283203,0.015967725,0.5331264138221741,230.74902283,0.14599609375,8051,300.0,0.0002,0.0052987897070124745,0.2,0.8397074341773987
1662,501,6781,3403776,-0.791776180267334,-0.013175283372402192,-76.8811809539795,0.018587215,0.5628327131271362,229.65118414000005,0.22119140625,8056,300.0,0.0002,0.005585785210132599,0.2,0.840002715587616
1663,502,6782,3405824,-0.7493875622749329,0.008563409559428692,-76.89432716369629,0.017841272,0.6327034831047058,231.33349819,0.2392578125,8057,300.0,0.0002,0.005884216167032719,0.2,0.8400536179542542
1664,502,6783,3407872,-0.7605974674224854,-0.006833716927628432,-76.90591430664062,0.024800668,0.6621925830841064,231.33349819,0.17215401785714285,8061,300.0,0.0002,0.006479140337822693,0.2,0.8403000235557556
1665,502,6784,3409920,-0.7385665774345398,0.007882863632403314,-76.91848278045654,0.019723076,0.6380162239074707,231.53276953000005,0.203857421875,8063,300.0,0.0002,0.009090549661777914,0.2,0.8404097557067871
1666,502,6786,3411968,-0.7931320667266846,-0.010852243402041495,-76.93603439331055,0.01559416,0.5400623083114624,232.38979371999997,0.174609375,8068,300.0,0.0002,0.006429936341010034,0.2,0.8408027291297913
1667,502,6788,3414016,-0.7819123268127441,-0.012138060294091702,-76.96967849731445,0.015908645,0.6016100645065308,234.03993398,0.18115234375,8073,300.0,0.0002,0.007376504223793745,0.2,0.8413527607917786
1668,503,6789,3416064,-0.8092600107192993,-0.012086635222658515,-77.0083438873291,0.018010527,0.612525463104248,234.48044791999996,0.1982421875,8078,300.0,0.0002,0.005080027133226394,0.2,0.8418698310852051
1669,503,6791,3418112,-0.8023061156272888,-0.01486935345456004,-77.05212059020997,0.016280744,0.6046152114868164,232.61720663999998,0.171484375,8083,300.0,0.0002,0.005804239585995674,0.2,0.8425547480583191
1670,503,6793,3420160,-0.7943403124809265,-0.014806252671405673,-77.09820442199707,0.017510522,0.6480797529220581,232.12426943,0.16572265625,8088,300.0,0.0002,0.007962372363545,0.2,0.8430752754211426
1671,503,6795,3422208,-0.7889554500579834,-0.013956132787279784,-77.12472724914551,0.013173459,0.6375678777694702,232.12426943,0.14453125,8093,300.0,0.0002,0.0075661899289116265,0.2,0.8433597087860107
1672,503,6796,3424256,-0.7980276942253113,-0.018900294532068075,-77.14828605651856,0.02167616,0.5607601404190063,232.87750431999996,0.22607421875,8098,300.0,0.0002,0.00593618827406317,0.2,0.8438072204589844
1673,503,6798,3426304,-0.8018739819526672,-0.02107365392148495,-77.1867691040039,0.020698287,0.5625652074813843,234.00702282000006,0.2017578125,8103,300.0,0.0002,0.00774250696413219,0.2,0.8443653583526611
1674,504,6800,3428352,-0.79180908203125,-0.012979543046094477,-77.22683296203613,0.017869681,0.5862557888031006,234.11556861999998,0.17177734375,8108,300.0,0.0002,0.009725632052868605,0.2,0.8448286652565002
1675,504,6802,3430400,-0.7853216528892517,-0.011091778636910021,-77.25787963867188,0.013214995,0.5894049406051636,233.00756374999997,0.1841796875,8113,300.0,0.0002,0.009609813243150711,0.2,0.8452345728874207
1676,504,6803,3432448,-0.791545569896698,-0.018761973129585385,-77.29159431457519,0.017252628,0.5745221376419067,232.81704010000004,0.1720703125,8118,300.0,0.0002,0.008366885362192988,0.2,0.8457480669021606
1677,504,6805,3434496,-0.8006232976913452,-0.014637007657438517,-77.33001556396485,0.012405141,0.5307927131652832,231.87751362999998,0.12861328125,8123,300.0,0.0002,0.00838031533639878,0.2,0.8463060259819031
1678,504,6807,3436544,-0.8086540699005127,-0.019728185888379813,-77.37267990112305,0.018783178,0.5411345958709717,231.87751362999998,0.18134765625,8128,300.0,0.0002,0.008628582581877708,0.2,0.8469486832618713
1679,505,6809,3438592,-0.803321897983551,-0.01181846079416573,-77.4160369873047,0.013672792,0.4933178424835205,231.99466205000002,0.19228515625,8133,300.0,0.0002,0.0077026613056659695,0.2,0.8474871516227722
1680,505,6809,3440640,-0.7593006491661072,-0.0013559897197410464,-77.44433498382568,0.018499738,0.555467963218689,231.23675050999998,0.15234375,8135,300.0,0.0002,0.00867463555186987,0.2,0.8476690649986267
1681,505,6811,3442688,-0.7990431785583496,-0.010174174176063389,-77.46405448913575,0.0149092795,0.6403661966323853,231.25290037999994,0.16591796875,8140,300.0,0.0002,0.00697068702429533,0.2,0.848025918006897
1682,505,6813,3444736,-0.7972540855407715,-0.015198261057958008,-77.49448013305664,0.015721388,0.5935215950012207,230.63699180000003,0.17294921875,8145,300.0,0.0002,0.006680843560025096,0.2,0.8485592603683472
1683,505,6815,3446784,-0.7905214428901672,-0.01613558051176369,-77.53061752319336,0.017494503,0.5787583589553833,229.91704378000003,0.1548828125,8150,300.0,0.0002,0.007518372870981694,0.2,0.848953366279602
1684,505,6816,3448832,-0.8078597784042358,-0.013007719628512859,-77.55746955871582,0.022873819,0.5850876569747925,231.58580137,0.20791015625,8155,300.0,0.0002,0.008028117939829826,0.2,0.849355161190033
1685,506,6818,3450880,-0.7999254465103149,-0.013791297562420368,-77.58236923217774,0.015237156,0.5241758823394775,231.58580137,0.1716796875,8160,300.0,0.0002,0.009129469376057386,0.2,0.8496249914169312
1686,506,6819,3452928,-0.7779922485351562,-0.0021594309677871373,-77.5960194514348,0.03702648,0.4764041304588318,230.94824361999997,0.22340745192307693,8164,300.0,0.0002,0.009013160776633482,0.2,0.849789023399353
1687,506,6821,3454976,-0.816428005695343,-0.015222844434902072,-77.61201858520508,0.023626443,0.6141723394393921,230.89920152,0.2046875,8169,300.0,0.0002,0.009091639355756343,0.2,0.8500415682792664
1688,506,6823,3457024,-0.7989056706428528,-0.013845835626125336,-77.6363311767578,0.015110102,0.6046693325042725,230.8307668,0.176953125,8174,300.0,0.0002,0.008074621763080358,0.2,0.8505172729492188
1689,506,6825,3459072,-0.8064489364624023,-0.018436656962148846,-77.67209129333496,0.01596197,0.645675539970398,229.95447420000005,0.15986328125,8179,300.0,0.0002,0.009049321222119034,0.2,0.8509803414344788
1690,506,6826,3461120,-0.7873342037200928,-0.01428078874014318,-77.70266952514649,0.019009905,0.5935419797897339,229.4443919,0.2083984375,8184,300.0,0.0002,0.011327713401988149,0.2,0.8514220714569092
1691,507,6828,3463168,-0.8004593849182129,-0.011404277710244059,-77.73509521484375,0.011660364,0.621182382106781,229.4443919,0.1865234375,8189,300.0,0.0002,0.008285473473370076,0.2,0.8518841862678528
1692,507,6830,3465216,-0.8228965997695923,-0.018739875336177648,-77.76827583312988,0.018946761,0.5756964683532715,230.91654562000002,0.18681640625,8194,300.0,0.0002,0.006984751997515559,0.2,0.8523110151290894
1693,507,6832,3467264,-0.8077957630157471,-0.017308479349594563,-77.79991149902344,0.018842526,0.6165075302124023,231.03071957,0.1740234375,8199,300.0,0.0002,0.007260919013060629,0.2,0.8528428077697754
1694,507,6834,3469312,-0.8121414184570312,-0.018164183874614537,-77.83589057922363,0.017643865,0.645443856716156,230.04727323999998,0.18056640625,8204,300.0,0.0002,0.007281771302223206,0.2,0.8532603979110718
1695,507,6835,3471360,-0.817064642906189,-0.019301726459525527,-77.87207870483398,0.015164547,0.6249454021453857,230.04005699000004,0.17490234375,8209,300.0,0.0002,0.010502003086730837,0.2,0.8539337515830994
1696,507,6837,3473408,-0.8110952377319336,-0.015905755874700844,-77.91712875366211,0.015124709,0.6721402406692505,229.25009194999998,0.1521484375,8214,300.0,0.0002,0.008946401672437787,0.2,0.8543887138366699
1697,508,6839,3475456,-0.8079008460044861,-0.01566644546110183,-77.94866065979004,0.01296515,0.613210141658783,228.76410540999998,0.16494140625,8219,300.0,0.0002,0.007058718567714095,0.2,0.8548890948295593
1698,508,6841,3477504,-0.8145334124565125,-0.01744397347792983,-77.97529106140136,0.015582787,0.5333960056304932,228.76410540999998,0.162890625,8224,300.0,0.0002,0.0077155341627076265,0.2,0.8549996614456177
1699,508,6843,3479552,-0.8117123246192932,-0.017877576895989476,-77.97962799072266,0.02275978,0.6308547258377075,229.06324227000002,0.18427734375,8229,300.0,0.0002,0.01463476805947721,0.2,0.8551706671714783
1700,508,6844,3481600,-0.8018795251846313,-0.01579432066064328,-78.00139808654785,0.02063812,0.6083481311798096,228.32119409000003,0.1869140625,8234,300.0,0.0002,0.011428854940459133,0.2,0.8556258082389832
1701,508,6846,3483648,-0.8052863478660583,-0.01559481912991032,-78.03615379333496,0.015953958,0.5995821952819824,229.49908948,0.18984375,8239,300.0,0.0002,0.00846810454968363,0.2,0.8560419678688049
1702,508,6848,3485696,-0.8045378923416138,-0.015008807368576526,-78.06370468139649,0.01603233,0.5856342315673828,229.07025965,0.20595703125,8244,300.0,0.0002,0.007611365313641727,0.2,0.856469452381134
1703,509,6849,3487744,-0.8078219294548035,-0.016916816914454104,-78.1004566192627,0.022428805,0.6226677894592285,228.59398086,0.18515625,8249,300.0,0.0002,0.007886577700264751,0.2,0.8570683598518372
1704,509,6851,3489792,-0.8098171353340149,-0.01602964526973665,-78.14246864318848,0.017699119,0.5662888288497925,229.71740146000005,0.19912109375,8254,300.0,0.0002,0.007731596543453634,0.2,0.8576449751853943
1705,509,6853,3491840,-0.8004265427589417,-0.011965839588083328,-78.18381576538086,0.020121356,0.4689403772354126,229.71740146000005,0.2005859375,8259,300.0,0.0002,0.005974696390330792,0.2,0.8581874966621399
1706,509,6855,3493888,-0.8174737095832825,-0.016632830584421755,-78.21828689575196,0.020353485,0.575239896774292,230.22701195999997,0.176171875,8264,300.0,0.0002,0.005304499692283571,0.2,0.8586233258247375
1707,509,6856,3495936,-0.8206858038902283,-0.017172303330153228,-78.25395355224609,0.018312223,0.4820452928543091,230.12118669999995,0.1689453125,8269,300.0,0.0002,0.007434713817201555,0.2,0.8591992855072021
1708,510,6858,3497984,-0.7981160879135132,-0.013541632215492427,-78.29502372741699,0.019422283,0.5633492469787598,229.02558896999994,0.17197265625,8274,300.0,0.0002,0.008632577257230878,0.2,0.8597946166992188
1709,510,6860,3500032,-0.8074951171875,-0.012921901792287827,-78.33470916748047,0.017037973,0.5730456113815308,229.19904391,0.1828125,8279,300.0,0.0002,0.006385096954181791,0.2,0.8602485656738281
1710,510,6862,3502080,-0.808640718460083,-0.019050047697965054,-78.35889854431153,0.023007665,0.4880942106246948,229.90974343,0.19443359375,8284,300.0,0.0002,0.006199731328524649,0.2,0.8604378700256348
1711,510,6863,3504128,-0.8142151832580566,-0.014859640528447926,-78.36789245605469,0.019504525,0.5771393775939941,231.13744854,0.21630859375,8289,300.0,0.0002,0.00567769082263112,0.2,0.8605794310569763
1712,510,6865,3506176,-0.8173796534538269,-0.010468459245748818,-78.38358650207519,0.012340738,0.56455397605896,231.13744854,0.15869140625,8294,300.0,0.0002,0.0066731494385749105,0.2,0.8608986735343933
1713,510,6867,3508224,-0.8037365674972534,-0.016035311715677382,-78.40717315673828,0.017344994,0.5535061359405518,230.0481417,0.1427734375,8299,300.0,0.0002,0.00890593845397234,0.2,0.8612061738967896
1714,511,6869,3510272,-0.8066645264625549,-0.019542904384434224,-78.4350975036621,0.016769685,0.5794203281402588,229.29970064,0.1693359375,8304,300.0,0.0002,0.006457986170426011,0.2,0.8617540597915649
1715,511,6870,3512320,-0.8090466260910034,-0.015181523747742176,-78.47920608520508,0.021238143,0.604859471321106,229.89498313999997,0.178515625,8309,300.0,0.0002,0.006786399125121534,0.2,0.8624177575111389
1716,511,6872,3514368,-0.8146657943725586,-0.014986450574360788,-78.52240600585938,0.017589128,0.6534847021102905,230.71877304,0.205859375,8314,300.0,0.0002,0.008947120746597648,0.2,0.8629743456840515
1717,511,6874,3516416,-0.8043930530548096,-0.014260732778348028,-78.5636474609375,0.012881642,0.6275535821914673,231.73539712000004,0.1560546875,8319,300.0,0.0002,0.008845796925015748,0.2,0.8636622428894043
1718,511,6876,3518464,-0.8142597079277039,-0.01522075911052525,-78.61705741882324,0.01498907,0.5299038887023926,231.47686699,0.1591796875,8324,300.0,0.0002,0.006155484588816762,0.2,0.8644209504127502
1719,511,6878,3520512,-0.8036803007125854,-0.00864764570724219,-78.66115455627441,0.022501348,0.5124667882919312,231.47686699,0.2046875,8329,300.0,0.0002,0.007863502437248825,0.2,0.8648654818534851
1720,512,6879,3522560,-0.8063594698905945,-0.018146024271845817,-78.68927001953125,0.020216277,0.6681278944015503,231.18756041,0.191015625,8334,300.0,0.0002,0.008781958231702447,0.2,0.8652691841125488
1721,512,6881,3524608,-0.8086910843849182,-0.015766565687954426,-78.71546859741211,0.019112455,0.612415075302124,230.80238092,0.16650390625,8339,300.0,0.0002,0.008289002371020615,0.2,0.8655571341514587
1722,512,6883,3526656,-0.8143694400787354,-0.014938187319785357,-78.7342758178711,0.010408969,0.5774902105331421,231.65791864,0.13916015625,8344,300.0,0.0002,0.009072416555136442,0.2,0.8658144474029541
1723,512,6884,3528704,-0.8078579902648926,-0.016484671318903566,-78.76039237976075,0.016292986,0.5769951343536377,231.73282216000004,0.183203125,8349,300.0,0.0002,0.008145174873061479,0.2,0.8662511706352234
1724,512,6886,3530752,-0.7927688360214233,-0.009007609239779413,-78.7937629699707,0.019722838,0.5780782699584961,230.89530389999996,0.184375,8354,300.0,0.0002,0.00967288282699883,0.2,0.8666417002677917
1725,512,6888,3532800,-0.8172264695167542,-0.011024250788614154,-78.82235221862793,0.014977459,0.3794102668762207,231.21816531999997,0.16552734375,8359,300.0,0.0002,0.007599052134901285,0.2,0.8671019673347473
1726,513,6889,3534848,-0.8040887117385864,-0.008472704294356792,-78.8602658440085,0.032973133,0.619295597076416,231.21816531999997,0.19244025735294118,8364,300.0,0.0002,0.007432789295254385,0.2,0.8676238059997559
1727,513,6891,3536896,-0.8143273591995239,-0.013286657258868217,-78.90465660095215,0.014072206,0.5794021487236023,230.7296127,0.1681640625,8369,300.0,0.0002,0.0107886107172817,0.2,0.8683803081512451
1728,513,6893,3538944,-0.8085650205612183,-0.014723284682258964,-78.95567054748535,0.018891614,0.6191948652267456,231.01699297,0.16962890625,8374,300.0,0.0002,0.009111733874306083,0.2,0.8690164685249329
1729,513,6894,3540992,-0.8216866254806519,-0.013200105167925358,-79.00106582641601,0.020801917,0.6006695032119751,231.76267292999998,0.223046875,8379,300.0,0.0002,0.008096549496985971,0.2,0.8696061372756958
1730,513,6896,3543040,-0.8233845829963684,-0.01700441460125148,-79.04257850646972,0.016052183,0.571099579334259,230.57569052999995,0.16181640625,8384,300.0,0.0002,0.008650050614960492,0.2,0.8702365159988403
1731,513,6898,3545088,-0.8194145560264587,-0.017697031528223307,-79.08470420837402,0.019487645,0.6011536121368408,229.82121908000002,0.2099609375,8389,300.0,0.0002,0.007394737144932151,0.2,0.8707360029220581
1732,514,6900,3547136,-0.8047299385070801,-0.011654221711473333,-79.11449601915147,0.027973905,0.6021029949188232,229.82121908000002,0.2384982638888889,8394,300.0,0.0002,0.007323429298897584,0.2,0.8711482286453247
1733,514,6902,3549184,-0.8085325360298157,-0.016351788595784456,-79.14583854675293,0.016867377,0.6380701661109924,230.26121603999997,0.1537109375,8399,300.0,0.0002,0.007994408952072263,0.2,0.8716945648193359
1734,514,6903,3551232,-0.8153154850006104,-0.012413611263036728,-79.1846923828125,0.019207526,0.6187702417373657,230.11149540000002,0.218359375,8404,300.0,0.0002,0.007203927310183644,0.2,0.8722357749938965
1735,514,6905,3553280,-0.8191642165184021,-0.013620867766439915,-79.22064514160157,0.015436824,0.6406790614128113,230.35464335000003,0.17353515625,8409,300.0,0.0002,0.006988583132624626,0.2,0.8727350831031799
1736,514,6907,3555328,-0.8196561336517334,-0.015406237519346177,-79.25806922912598,0.0155749675,0.6791212558746338,229.31428705000002,0.1544921875,8414,300.0,0.0002,0.009457525471225381,0.2,0.8733068108558655
1737,514,6909,3557376,-0.8248300552368164,-0.014997973875142633,-79.2910099029541,0.014581455,0.6717516183853149,229.36916429999997,0.16826171875,8419,300.0,0.0002,0.008644680911675095,0.2,0.8736339807510376
1738,515,6911,3559424,-0.8165715336799622,-0.012987137492746114,-79.32693557739258,0.0127589125,0.7111520767211914,229.37464889999998,0.15673828125,8424,300.0,0.0002,0.0067280848976224664,0.2,0.8744097352027893
1739,515,6912,3561472,-0.8162829875946045,-0.010844521783292293,-79.3781837463379,0.01185685,0.5678695440292358,229.37464889999998,0.15498046875,8429,300.0,0.0002,0.007547100330702961,0.2,0.8749554753303528
1740,515,6914,3563520,-0.8254820108413696,-0.02077568587847054,-79.41664009094238,0.018721886,0.5453879833221436,229.17336188,0.20419921875,8434,300.0,0.0002,0.006262718909420073,0.2,0.8755906820297241
1741,515,6916,3565568,-0.8105711340904236,-0.008653892716392875,-79.46556816101074,0.016330939,0.5485833883285522,229.83792769999994,0.1740234375,8439,300.0,0.0002,0.009098572051152587,0.2,0.8763188719749451
1742,515,6918,3567616,-0.8300689458847046,-0.01673305914737284,-79.51171417236328,0.015291989,0.5778518915176392,229.39087404999998,0.1763671875,8444,300.0,0.0002,0.007765107904560864,0.2,0.8768187165260315
1743,515,6919,3569664,-0.8160878419876099,-0.010779153741896152,-79.54104881286621,0.017220294,0.5677139163017273,230.0234775,0.2298828125,8449,300.0,0.0002,0.007789840269833803,0.2,0.8772546648979187
1744,516,6921,3571712,-0.8290290236473083,-0.014470387203618883,-79.57407493591309,0.013667155,0.6278654336929321,229.01845110000002,0.1650390625,8454,300.0,0.0002,0.007692870777100324,0.2,0.8778449296951294
1745,516,6923,3573760,-0.8339256048202515,-0.01589764333330095,-79.61865043640137,0.017115332,0.6047118902206421,228.98270528000003,0.172265625,8459,300.0,0.0002,0.007168366922996938,0.2,0.8784823417663574
1746,516,6923,3575808,-0.7597470283508301,0.013142095257838568,-79.64346822102864,0.018857365,0.6379503011703491,228.98270528000003,0.22916666666666666,8460,300.0,0.0002,0.006102735797564189,0.2,0.8785493969917297
1747,516,6925,3577856,-0.8261540532112122,-0.013826069561764598,-79.66523704528808,0.02210134,0.4874957203865051,227.96159001,0.21337890625,8465,300.0,0.0002,0.008705826313234865,0.2,0.8791043162345886
1748,516,6927,3579904,-0.8368077278137207,-0.01416228418238461,-79.70290412902833,0.016609717,0.624022364616394,227.30153755999996,0.171875,8470,300.0,0.0002,0.00885107982903719,0.2,0.8796935677528381
1749,516,6928,3581952,-0.8290135860443115,-0.018962552770972252,-79.7518367767334,0.021250654,0.533993124961853,227.80890498,0.1927734375,8475,300.0,0.0002,0.006406221725046635,0.2,0.8804150819778442
1750,517,6930,3584000,-0.8192027807235718,-0.01181867707055062,-79.80065612792968,0.014467366,0.5748680830001831,229.22627611999997,0.17158203125,8480,300.0,0.0002,0.006778245139867067,0.2,0.8810363411903381
1751,517,6932,3586048,-0.8097987771034241,-0.014644847391173244,-79.8332908630371,0.023534665,0.5950934290885925,229.61484884,0.21142578125,8485,300.0,0.0002,0.007502954406663776,0.2,0.8813212513923645
1752,517,6934,3588096,-0.8013651967048645,-0.01601063476409763,-79.85704879760742,0.017906772,0.5758614540100098,229.59161178000002,0.14677734375,8490,300.0,0.0002,0.006814591120928526,0.2,0.8818545341491699
1753,517,6935,3590144,-0.8212373852729797,-0.011739083146676422,-79.8960391998291,0.019240107,0.6305934190750122,229.59161178000002,0.179296875,8495,300.0,0.0002,0.005071715754456818,0.2,0.8823022246360779
1754,517,6937,3592192,-0.8263421654701233,-0.012821382051333785,-79.92044372558594,0.016994014,0.5148153305053711,230.45427570000004,0.21005859375,8500,300.0,0.0002,0.006875286786817014,0.2,0.8825929760932922
1755,517,6939,3594240,-0.8143662214279175,-0.016257661557756365,-79.9525318145752,0.021552779,0.5304721593856812,229.81961819,0.1748046875,8505,300.0,0.0002,0.006637038453482092,0.2,0.8832643628120422
1756,518,6941,3596288,-0.8200890421867371,-0.014341562846675515,-79.99953842163086,0.020577187,0.5339707136154175,227.61208699000002,0.16865234375,8510,300.0,0.0002,0.007150776777416467,0.2,0.8839164972305298
1757,518,6942,3598336,-0.831623911857605,-0.017968387273140252,-80.04062309265137,0.014340561,0.5504087805747986,228.23332767,0.14873046875,8515,300.0,0.0002,0.008160556759685278,0.2,0.8844023942947388
1758,518,6944,3600384,-0.8339384198188782,-0.017292024148628116,-80.07313842773438,0.020029495,0.5814803838729858,228.35846317,0.173828125,8520,300.0,0.0002,0.0064132873667404056,0.2,0.8849731087684631
1759,518,6946,3602432,-0.8335722088813782,-0.017456409311853348,-80.10971908569336,0.017975619,0.573071300983429,227.97336815999995,0.21435546875,8525,300.0,0.0002,0.006403204938396812,0.2,0.885341465473175
1760,518,6948,3604480,-0.835059404373169,-0.016489248489961028,-80.13425407409667,0.02189433,0.6258021593093872,227.97336815999995,0.21884765625,8530,300.0,0.0002,0.006315928138792515,0.2,0.8856942057609558
1761,518,6949,3606528,-0.8338245749473572,-0.015621115337125957,-80.16286849975586,0.015041526,0.539120078086853,228.23661815000003,0.1767578125,8535,300.0,0.0002,0.006063259090296924,0.2,0.8861579895019531
1762,519,6951,3608576,-0.8221163153648376,-0.00946957035921514,-80.19404945373535,0.01703519,0.5847721099853516,229.10901615000003,0.17578125,8540,300.0,0.0002,0.006557932286523282,0.2,0.8865731954574585
1763,519,6953,3610624,-0.8248042464256287,-0.010413170023821295,-80.2175106048584,0.01420644,0.563793420791626,228.97150313000003,0.1953125,8545,300.0,0.0002,0.007634301506914199,0.2,0.8868039846420288
1764,519,6954,3612672,-0.8328330516815186,-0.013297430239617825,-80.23660430908203,0.012751102,0.6031530499458313,228.51570433,0.16728515625,8550,300.0,0.0002,0.006861242791637778,0.2,0.8872328996658325
1765,519,6956,3614720,-0.8326305150985718,-0.015131976851262153,-80.27724761962891,0.021818675,0.5784227848052979,229.57177775999997,0.1609375,8555,300.0,0.0002,0.007762213610112667,0.2,0.8879911303520203
1766,519,6958,3616768,-0.8220115900039673,-0.01161511349491775,-80.31975975036622,0.013173634,0.6242194175720215,229.57177775999997,0.1533203125,8560,300.0,0.0002,0.009867754997685552,0.2,0.8883314728736877
1767,519,6959,3618816,-0.7948975563049316,-0.0017816045393164342,-80.33021604097806,0.049350824,0.4917839765548706,230.65564757,0.24083533653846154,8564,300.0,0.0002,0.008658316201315476,0.2,0.8883740901947021
1768,520,6961,3620864,-0.8252254724502563,-0.019666380994021893,-80.34722900390625,0.014891967,0.45009374618530273,229.73257223000002,0.1748046875,8569,300.0,0.0002,0.011747019877657295,0.2,0.8889568448066711
1769,520,6962,3622912,-0.8336613178253174,-0.016756933368742465,-80.39197082519532,0.013384464,0.5911209583282471,231.16814085999994,0.14501953125,8574,300.0,0.0002,0.010006709536537529,0.2,0.8895435929298401
1770,520,6964,3624960,-0.8341600894927979,-0.013098420388996602,-80.42953224182129,0.015391306,0.6170257925987244,232.79696458,0.1638671875,8579,300.0,0.0002,0.008776490297168493,0.2,0.8900578618049622
1771,520,6966,3627008,-0.8211258053779602,-0.008996270294301213,-80.46575736999512,0.014784316,0.5281462669372559,235.07852400000004,0.20537109375,8584,300.0,0.0002,0.010198183171451092,0.2,0.8906063437461853
1772,520,6967,3629056,-0.819989800453186,-0.014170090318657458,-80.50595664978027,0.018084172,0.6365700364112854,233.91157274000005,0.1583984375,8589,300.0,0.0002,0.009825966972857713,0.2,0.8912628889083862
1773,520,6969,3631104,-0.8378139734268188,-0.015234726411290467,-80.55706214904785,0.0149773825,0.5058940649032593,233.91157274000005,0.14375,8594,300.0,0.0002,0.009388297097757459,0.2,0.8920952677726746
1774,521,6970,3633152,-0.778804361820221,0.009361598931718618,-80.59278678894043,0.016087689,0.5777412056922913,233.35260798,0.20849609375,8595,300.0,0.0002,0.009322316152974963,0.2,0.8922299742698669
1775,521,6971,3635200,-0.8372429609298706,-0.017825764988083394,-80.6199291229248,0.017749801,0.5709110498428345,233.73066581,0.221875,8600,300.0,0.0002,0.009672771580517292,0.2,0.8928569555282593
1776,521,6973,3637248,-0.8321075439453125,-0.014278173702768982,-80.6553123474121,0.012503954,0.5644351243972778,233.41494707,0.180859375,8605,300.0,0.0002,0.009191102022305131,0.2,0.8933511972427368
1777,521,6975,3639296,-0.830819845199585,-0.014319939631968736,-80.69174194335938,0.013067256,0.5396000742912292,235.07284143000004,0.18662109375,8610,300.0,0.0002,0.006776390271261335,0.2,0.8938475251197815
1778,521,6977,3641344,-0.8346866965293884,-0.01664936924353242,-80.72504844665528,0.01272347,0.5397323369979858,234.53718299,0.15302734375,8615,300.0,0.0002,0.007269292930141091,0.2,0.8943291902542114
1779,522,6979,3643392,-0.8231530785560608,-0.015218850015662611,-80.76491355895996,0.015010223,0.5654749870300293,233.51584423,0.18076171875,8620,300.0,0.0002,0.006395024643279612,0.2,0.8950018882751465
1780,522,6980,3645440,-0.829256534576416,-0.015231912839226425,-80.81259727478027,0.012978165,0.6044343113899231,233.51584423,0.148828125,8625,300.0,0.0002,0.007971812249161303,0.2,0.8957017660140991
1781,522,6982,3647488,-0.8375677466392517,-0.015366000682115554,-80.86568908691406,0.0118153,0.6413471698760986,231.74857895000002,0.11748046875,8630,300.0,0.0002,0.011577383335679769,0.2,0.8965315222740173
1782,522,6984,3649536,-0.8357946872711182,-0.01435587254818529,-80.91925926208496,0.015461228,0.5996596813201904,230.59037885000006,0.1583984375,8635,300.0,0.0002,0.006668493314646184,0.2,0.8971572518348694
1783,522,6986,3651584,-0.83763587474823,-0.013460244238376617,-80.95527267456055,0.013065383,0.6256554126739502,230.64820039000003,0.14208984375,8640,300.0,0.0002,0.010220244433730841,0.2,0.8976292610168457
1784,522,6987,3653632,-0.8363231420516968,-0.019212564639747142,-80.9978530883789,0.016780628,0.6337502002716064,230.36202137,0.1923828125,8645,300.0,0.0002,0.006798332720063627,0.2,0.8984575867652893
1785,523,6989,3655680,-0.8099561929702759,-0.008642276981845498,-81.05089721679687,0.02048092,0.5669426918029785,229.45558932999995,0.2216796875,8650,300.0,0.0002,0.006852974696084857,0.2,0.8990296125411987
1786,523,6990,3657728,-0.8090797066688538,-0.0045259824022650715,-81.07363357543946,0.031439498,0.649358332157135,226.71470227999995,0.1791015625,8653,300.0,0.0002,0.010186724644154311,0.2,0.8992483019828796
1787,523,6992,3659776,-0.8333566188812256,-0.014178342348895968,-81.10264511108399,0.019194031,0.6548672318458557,226.71470227999995,0.21025390625,8658,300.0,0.0002,0.013619381608441472,0.2,0.8998748064041138
1788,523,6993,3661824,-0.8360043168067932,-0.012362138740718365,-81.1459732055664,0.01238649,0.6053158044815063,228.13147545,0.1712890625,8663,300.0,0.0002,0.010771929938346147,0.2,0.900447428226471
1789,523,6995,3663872,-0.8402000665664673,-0.015142647491302341,-81.18685607910156,0.02107945,0.616187572479248,227.27446915000002,0.2279296875,8668,300.0,0.0002,0.010267679346725345,0.2,0.9010288119316101
1790,523,6997,3665920,-0.8282541036605835,-0.010188218485563994,-81.22764778137207,0.010415833,0.6098357439041138,226.34299541000004,0.1341796875,8673,300.0,0.0002,0.009391506388783454,0.2,0.9015937447547913
1791,524,6999,3667968,-0.8343377709388733,-0.01705421395599842,-81.26310768127442,0.016938362,0.6891235113143921,226.54934113000002,0.18291015625,8678,300.0,0.0002,0.009970559272915125,0.2,0.9020485281944275
1792,524,7000,3670016,-0.8196588158607483,-0.007406796189025044,-81.28884162902833,0.014647171,0.5913681983947754,226.27833535000005,0.1921875,8683,300.0,0.0002,0.00888697332702577,0.2,0.9024285078048706
1793,524,7002,3672064,-0.836911141872406,-0.01680920789949596,-81.31949043273926,0.016388852,0.5025901794433594,226.13541303000002,0.153515625,8688,300.0,0.0002,0.006262080976739526,0.2,0.9029350280761719
1794,524,7004,3674112,-0.8475503325462341,-0.014435566705651581,-81.35437278747558,0.02199325,0.5818985104560852,226.13541303000002,0.21044921875,8693,300.0,0.0002,0.005861486168578267,0.2,0.9034402966499329
1795,524,7006,3676160,-0.8452494740486145,-0.016850639623589812,-81.3863338470459,0.014656955,0.5459545850753784,226.49591907,0.19521484375,8698,300.0,0.0002,0.006950882542878389,0.2,0.903836727142334
1796,524,7008,3678208,-0.8436228036880493,-0.010684541193768382,-81.41915588378906,0.012781126,0.5828921794891357,226.60053098999998,0.20234375,8703,300.0,0.0002,0.007444469723850489,0.2,0.9044657945632935
1797,524,7010,3680256,-0.8263327479362488,-0.013323523814324289,-81.4645435333252,0.015597632,0.57685387134552,226.02851019999997,0.16181640625,8708,300.0,0.0002,0.00801134912762791,0.2,0.9051615595817566
1798,525,7012,3682304,-0.8367396593093872,-0.014064596127718687,-81.50578384399414,0.017253106,0.5677639245986938,226.62257901,0.18203125,8713,300.0,0.0002,0.007350720837712288,0.2,0.9056075811386108
1799,525,7014,3684352,-0.8340726494789124,-0.009630246460437775,-81.52595748901368,0.016564064,0.5982245206832886,226.17739142000005,0.17294921875,8718,300.0,0.0002,0.0077158976579085,0.2,0.9057126045227051
1800,525,7016,3686400,-0.8476055264472961,-0.01576647786423564,-81.54193496704102,0.017084362,0.4765394926071167,228.15601651999998,0.198046875,8723,300.0,0.0002,0.009416379872709513,0.2,0.9061863422393799
1801,525,7018,3688448,-0.8419435620307922,-0.015861856797710062,-81.58716049194337,0.016206397,0.37924718856811523,228.15601651999998,0.16572265625,8728,300.0,0.0002,0.006171067501418293,0.2,0.9069235920906067
1802,525,7020,3690496,-0.8471262454986572,-0.015960943745449187,-81.6399700164795,0.017500913,0.6388168334960938,230.68164391000005,0.16552734375,8733,300.0,0.0002,0.006984519166871905,0.2,0.9077571034431458
1803,525,7022,3692544,-0.837425172328949,-0.013411440746858716,-81.69592628479003,0.021524929,0.6449220180511475,230.98085843,0.16982421875,8738,300.0,0.0002,0.008503333618864416,0.2,0.9085086584091187
1804,525,7024,3694592,-0.8456491827964783,-0.014597544725984336,-81.74590797424317,0.018047456,0.6445756554603577,231.43262908,0.14443359375,8743,300.0,0.0002,0.007650789734907448,0.2,0.9093505144119263
1805,526,7026,3696640,-0.8234058618545532,-0.010898606993982362,-81.80331378512912,0.02607821,0.5930042266845703,231.37013460999998,0.1509331597222222,8748,300.0,0.0002,0.008520065289404657,0.2,0.9100983738899231
1806,526,7028,3698688,-0.8421717882156372,-0.008414787030778826,-81.85033493041992,0.013189781,0.6203770637512207,230.92834727000005,0.19677734375,8753,300.0,0.0002,0.008925928152166307,0.2,0.9107239246368408
1807,526,7030,3700736,-0.8421534895896912,-0.012640083767473697,-81.88352737426757,0.015947644,0.6542812585830688,230.92834727000005,0.201171875,8758,300.0,0.0002,0.008971393993124365,0.2,0.9111248254776001
1808,526,7030,3702784,-0.7828083038330078,0.009293953306041658,-81.89839363098145,0.01421515,0.561028242111206,229.73238007,0.1787109375,8759,300.0,0.0002,0.009690322447568178,0.2,0.9111643433570862
1809,526,7032,3704832,-0.8374038338661194,-0.014625373808667064,-81.91423110961914,0.018439058,0.5989539623260498,230.78165629,0.21015625,8764,300.0,0.0002,0.010196516942232847,0.2,0.9116880297660828
1810,526,7034,3706880,-0.8552073836326599,-0.016136949392966927,-81.9537353515625,0.014812593,0.6238111853599548,230.81736736999994,0.171484375,8769,300.0,0.0002,0.007426825095899403,0.2,0.9122346639633179
1811,527,7036,3708928,-0.8489955067634583,-0.013678524270653724,-81.98411750793457,0.011799116,0.5339521169662476,232.33833452,0.13681640625,8774,300.0,0.0002,0.007392011792398989,0.2,0.9126006960868835
1812,527,7038,3710976,-0.8454922437667847,-0.015238067274913192,-82.01603393554687,0.012062842,0.5979484915733337,232.76014431,0.16640625,8779,300.0,0.0002,0.005701842671260238,0.2,0.9132499098777771
1813,527,7040,3713024,-0.8484066724777222,-0.0150754923815839,-82.061527633667,0.0222766,0.6020042896270752,231.47243117,0.17763671875,8784,300.0,0.0002,0.008272337773814798,0.2,0.9138873815536499
1814,527,7041,3715072,-0.8128530383110046,-0.0011151557644972433,-82.09205979567308,0.03751652,0.6839679479598999,231.47243117,0.21484375,8788,300.0,0.0002,0.011246474101566352,0.2,0.9142048954963684
1815,527,7043,3717120,-0.8406756520271301,-0.01610403920058161,-82.12293891906738,0.018979877,0.5293049812316895,232.40371367000003,0.19462890625,8793,300.0,0.0002,0.005546775972470641,0.2,0.914833128452301
1816,527,7045,3719168,-0.8492209911346436,-0.013564904709346593,-82.16045875549317,0.016487721,0.6717522740364075,231.53315204999998,0.193359375,8798,300.0,0.0002,0.005885166069492698,0.2,0.9153019189834595
1817,528,7047,3721216,-0.8343514204025269,-0.012492166017182171,-82.18632202148437,0.018361025,0.6871399283409119,230.67381712999997,0.2158203125,8803,300.0,0.0002,0.007133338903076947,0.2,0.9156514406204224
1818,528,7049,3723264,-0.8402169346809387,-0.016105863032862544,-82.21597137451172,0.018708378,0.5855058431625366,230.38902114999996,0.17744140625,8808,300.0,0.0002,0.0067364373477175835,0.2,0.9162493348121643
1819,528,7051,3725312,-0.8511671423912048,-0.01666269914712757,-82.25798873901367,0.014031721,0.49551981687545776,231.66305554,0.140625,8813,300.0,0.0002,0.004877376998774707,0.2,0.9168410897254944
1820,528,7052,3727360,-0.8466238975524902,-0.015950690308171842,-82.28579584757487,0.023455963,0.6175999641418457,231.22190802,0.16786024305555555,8818,300.0,0.0002,0.005121821408263511,0.2,0.9170846343040466
1821,528,7054,3729408,-0.8443548679351807,-0.01496250694617629,-82.30443000793457,0.014362487,0.5580108761787415,231.22190802,0.159375,8823,300.0,0.0002,0.007951271510683,0.2,0.9175251722335815
1822,528,7056,3731456,-0.8565949201583862,-0.01296092856209725,-82.34048118591309,0.016660303,0.6407977342605591,230.13750857,0.1923828125,8828,300.0,0.0002,0.009220346552319824,0.2,0.9181286692619324
1823,528,7058,3733504,-0.8529783487319946,-0.016799542750231922,-82.38520965576171,0.014531394,0.5700081586837769,231.47044462999997,0.17978515625,8833,300.0,0.0002,0.007709759869612753,0.2,0.9188789129257202
1824,529,7060,3735552,-0.841799795627594,-0.011716475733555854,-82.43464736938476,0.012085909,0.6111742854118347,230.72304216999999,0.16689453125,8838,300.0,0.0002,0.007729666098020971,0.2,0.9196194410324097
1825,529,7062,3737600,-0.842542290687561,-0.010784549382515251,-82.47972106933594,0.01599411,0.5795023441314697,229.70627711000006,0.2162109375,8843,300.0,0.0002,0.009145985916256904,0.2,0.9201083183288574
1826,529,7064,3739648,-0.8597931265830994,-0.02103128850576468,-82.51303443908691,0.018179605,0.6271275281906128,229.00127781000003,0.15849609375,8848,300.0,0.0002,0.008077031699940562,0.2,0.9207109212875366
1827,529,7066,3741696,-0.856590747833252,-0.016889240057207645,-82.5586009979248,0.017434882,0.6412280797958374,228.13612618,0.21591796875,8853,300.0,0.0002,0.008407532144337893,0.2,0.9213687777519226
1828,529,7068,3743744,-0.8539000749588013,-0.018121332465671002,-82.59800262451172,0.023127042,0.6115765571594238,228.13612618,0.20869140625,8858,300.0,0.0002,0.01082090912386775,0.2,0.9219334125518799
1829,529,7070,3745792,-0.8476125597953796,-0.01268394934013486,-82.63352012634277,0.017783854,0.46070510149002075,228.34688383000005,0.17822265625,8863,300.0,0.0002,0.006128648342564702,0.2,0.9223860502243042
1830,529,7072,3747840,-0.8537667989730835,-0.01580362885724753,-82.65096855163574,0.021842636,0.6378514766693115,228.86659629,0.19833984375,8868,300.0,0.0002,0.007318428275175393,0.2,0.9223122000694275
1831,530,7074,3749888,-0.8525992631912231,-0.010806332575157285,-82.64762077331542,0.017257467,0.689532995223999,228.67248182999995,0.18759765625,8873,300.0,0.0002,0.009050574945285916,0.2,0.922495424747467
1832,530,7076,3751936,-0.8531298041343689,-0.0155777791980654,-82.66959953308105,0.0216132,0.6645783185958862,228.35896755,0.20556640625,8878,300.0,0.0002,0.007901309430599213,0.2,0.9227913022041321
1833,530,7078,3753984,-0.8608681559562683,-0.018366783298552035,-82.692826461792,0.015279654,0.6225091218948364,227.77847661999994,0.16357421875,8883,300.0,0.0002,0.007620592531748116,0.2,0.9232132434844971
1834,530,7080,3756032,-0.8303417563438416,-0.010570684215053916,-82.72558517456055,0.022756545,0.5882872343063354,227.48096146,0.17744140625,8888,300.0,0.0002,0.008217621291987599,0.2,0.9236462712287903
1835,530,7081,3758080,-0.8463995456695557,-0.012254311586730182,-82.75692634582519,0.013779467,0.5502414703369141,227.48096146,0.1595703125,8893,300.0,0.0002,0.007070803386159241,0.2,0.924211323261261
1836,530,7083,3760128,-0.8562970161437988,-0.017296294774860145,-82.79348411560059,0.015476912,0.5866491198539734,228.97410566000002,0.16748046875,8898,300.0,0.0002,0.006237839814275503,0.2,0.9246605634689331
1837,530,7085,3762176,-0.8523800373077393,-0.01667381637962535,-82.82232437133788,0.018373426,0.6353805661201477,228.91193549000002,0.16611328125,8903,300.0,0.0002,0.007384106190875173,0.2,0.9250977635383606
1838,531,7087,3764224,-0.8612284660339355,-0.014348523854278029,-82.85560493469238,0.015870132,0.6546775698661804,229.97001474000004,0.19794921875,8908,300.0,0.0002,0.007273301552049816,0.2,0.9256750345230103
1839,531,7089,3766272,-0.8571187853813171,-0.015850943129044025,-82.89859046936036,0.013286615,0.6008576154708862,229.94083546000002,0.1595703125,8913,300.0,0.0002,0.008182731526903807,0.2,0.926353931427002
1840,531,7091,3768320,-0.8624526262283325,-0.018229427945334463,-82.94242515563965,0.01585947,0.5944645404815674,229.38447847999998,0.178125,8918,300.0,0.0002,0.007167668407782912,0.2,0.9269523024559021
1841,531,7093,3770368,-0.8573504090309143,-0.019621885381639004,-82.97374725341797,0.017374728,0.6107465028762817,229.38447847999998,0.169921875,8923,300.0,0.0002,0.008487163227982819,0.2,0.9273273348808289
1842,531,7095,3772416,-0.8514181971549988,-0.0067983567481860515,-82.99932632446288,0.01632624,0.6050742864608765,230.00249877,0.21806640625,8928,300.0,0.0002,0.006621597171761096,0.2,0.927722692489624
1843,531,7097,3774464,-0.8616978526115417,-0.015602511120960116,-83.02942771911621,0.0126934815,0.6731740236282349,229.67006476000003,0.12646484375,8933,300.0,0.0002,0.009922699769958854,0.2,0.9283036589622498
1844,531,7099,3776512,-0.8685935735702515,-0.016883737547323106,-83.0721378326416,0.014772017,0.5332691669464111,229.63684777000003,0.2193359375,8938,300.0,0.0002,0.01022666897624731,0.2,0.9289653301239014
1845,532,7101,3778560,-0.8558139204978943,-0.013855638913810253,-83.11479339599609,0.016869338,0.6205056309700012,229.7967872,0.15419921875,8943,300.0,0.0002,0.008348159189336003,0.2,0.9296188950538635
1846,532,7103,3780608,-0.8508374691009521,-0.012800727505236864,-83.15621795654297,0.01525305,0.5952162742614746,229.06860339000005,0.1986328125,8948,300.0,0.0002,0.00859612408094108,0.2,0.9301926493644714
1847,532,7103,3782656,-0.8101687431335449,0.004678591503761709,-83.17900466918945,0.0135189155,0.6181024312973022,228.81771916999998,0.1748046875,8949,300.0,0.0002,0.007879694923758507,0.2,0.930266261100769
1848,532,7105,3784704,-0.8707398176193237,-0.0184633495984599,-83.20114440917969,0.016669568,0.5036026835441589,228.81771916999998,0.1849609375,8954,300.0,0.0002,0.005792769719846547,0.2,0.9308618903160095
1849,532,7107,3786752,-0.8553619384765625,-0.016014337656088173,-83.24478530883789,0.018837448,0.4862375855445862,229.38022980999997,0.158984375,8959,300.0,0.0002,0.007084032823331654,0.2,0.931534469127655
1850,532,7109,3788800,-0.8457406759262085,-0.010683233104646205,-83.27572822570801,0.016825547,0.5842956304550171,228.63683659000003,0.20869140625,8964,300.0,0.0002,0.010592299653217197,0.2,0.9318103194236755
1851,533,7111,3790848,-0.8603163957595825,-0.011188660794869066,-83.29956436157227,0.017585304,0.5624423623085022,227.13435895999996,0.18310546875,8969,300.0,0.0002,0.008911684062331915,0.2,0.9323166608810425
1852,533,7113,3792896,-0.8604943156242371,-0.014983908459544181,-83.33775062561035,0.01526019,0.6103979349136353,225.89634734999996,0.16708984375,8974,300.0,0.0002,0.01105537535622716,0.2,0.932970404624939
1853,533,7115,3794944,-0.856253981590271,-0.01729403028730303,-83.38555450439453,0.01518341,0.6092134714126587,226.26466238999993,0.185546875,8979,300.0,0.0002,0.008590149297378957,0.2,0.9337062239646912
1854,533,7117,3796992,-0.8723001480102539,-0.017023375700227918,-83.42430419921875,0.014626332,0.5489143133163452,226.53639648,0.155078125,8984,300.0,0.0002,0.006139980466105044,0.2,0.9341026544570923
1855,533,7119,3799040,-0.8529149889945984,-0.012782775098457932,-83.4457618713379,0.019021269,0.5992684364318848,226.53639648,0.16630859375,8989,300.0,0.0002,0.008985925000160933,0.2,0.9343908429145813
1856,533,7121,3801088,-0.8621683716773987,-0.009985914616845549,-83.47274513244629,0.012743205,0.5810067653656006,226.71433191000003,0.17666015625,8994,300.0,0.0002,0.011137644853442907,0.2,0.9349604249000549
1857,534,7121,3803136,-0.7932382822036743,0.012902102433145046,-83.49775695800781,0.014554865,0.5819636583328247,226.79917578999996,0.1943359375,8995,300.0,0.0002,0.013090496417135,0.2,0.9350582361221313
1858,534,7123,3805184,-0.8659050464630127,-0.01604319643229246,-83.52052803039551,0.016329471,0.6491827964782715,226.87304865,0.17783203125,9000,300.0,0.0002,0.008984922338277102,0.2,0.9356630444526672
1859,534,7125,3807232,-0.8641671538352966,-0.01745817551854998,-83.5524974822998,0.01802874,0.6208384037017822,227.37787269999998,0.178125,9005,300.0,0.0002,0.007925174105912447,0.2,0.936018168926239
1860,534,7127,3809280,-0.8622323274612427,-0.01647657055873424,-83.56788749694825,0.022140227,0.5497177839279175,228.92661679000005,0.20869140625,9010,300.0,0.0002,0.00706142233684659,0.2,0.9361803531646729
1861,534,7129,3811328,-0.8595499396324158,-0.010288499132730066,-83.5834831237793,0.017077645,0.6423983573913574,228.78567653,0.173046875,9015,300.0,0.0002,0.007770927413366735,0.2,0.9365301728248596
1862,534,7131,3813376,-0.8656193017959595,-0.013065328658558428,-83.61363983154297,0.012109748,0.6357018947601318,228.78567653,0.1587890625,9020,300.0,0.0002,0.008397491741925478,0.2,0.9370890259742737
1863,534,7133,3815424,-0.8734157681465149,-0.015532214613631367,-83.64925994873047,0.01379196,0.5473416447639465,227.37397007999996,0.1568359375,9025,300.0,0.0002,0.00950229591690004,0.2,0.937592625617981
1864,534,7135,3817472,-0.8697078227996826,-0.01693689255043864,-83.6852466583252,0.014313809,0.557680606842041,228.28170543,0.1603515625,9030,300.0,0.0002,0.008387993928045035,0.2,0.9381788969039917
1865,535,7137,3819520,-0.876787543296814,-0.014547610236331821,-83.72091064453124,0.015214184,0.5357053875923157,229.18728338,0.15634765625,9035,300.0,0.0002,0.006884965673089027,0.2,0.9386624693870544
1866,535,7139,3821568,-0.8637048602104187,-0.018170063383877277,-83.75093040466308,0.02014101,0.5456191301345825,228.71690005999994,0.17177734375,9040,300.0,0.0002,0.007361197308637202,0.2,0.9392348527908325
1867,535,7141,3823616,-0.8672230839729309,-0.016005851374939085,-83.79838981628419,0.020685483,0.6429951190948486,231.40389226,0.1822265625,9045,300.0,0.0002,0.008246680931188166,0.2,0.9400387406349182
1868,535,7143,3825664,-0.867793083190918,-0.01602915347320959,-83.84639854431153,0.013034296,0.6459590196609497,230.30434398,0.19296875,9050,300.0,0.0002,0.008920615445822478,0.2,0.9406973123550415
1869,535,7145,3827712,-0.8698991537094116,-0.01731262931134552,-83.89109115600586,0.01513613,0.6213663220405579,230.30434398,0.21123046875,9055,300.0,0.0002,0.007926670229062438,0.2,0.9413467645645142
1870,535,7147,3829760,-0.8700085878372192,-0.01763379080221057,-83.92718963623047,0.01628815,0.6623722314834595,230.61415915999999,0.14521484375,9060,300.0,0.0002,0.011110889445990323,0.2,0.9418302774429321
1871,535,7149,3831808,-0.8539528846740723,-0.014887706865556538,-83.96276245117187,0.018673152,0.6526435613632202,231.4551256,0.1662109375,9065,300.0,0.0002,0.009451423864811659,0.2,0.9424598217010498
1872,536,7150,3833856,-0.8738256692886353,-0.013724457682110369,-84.00202407836915,0.0114001315,0.5885894298553467,230.47283491000002,0.13359375,9070,300.0,0.0002,0.006731936428695917,0.2,0.9430040717124939
1873,536,7152,3835904,-0.8667314648628235,-0.020251770224422216,-84.03021965026855,0.019852206,0.6359771490097046,231.46722706,0.21826171875,9075,300.0,0.0002,0.006514916452579201,0.2,0.9432771801948547
1874,536,7154,3837952,-0.8769639134407043,-0.015540540660731494,-84.04593696594239,0.021371033,0.7168644070625305,230.08593983,0.196484375,9080,300.0,0.0002,0.007262070826254785,0.2,0.9435766935348511
1875,536,7155,3840000,-0.8236629962921143,0.008345821499824524,-84.05806884765624,0.030448405,0.6320194602012634,230.71697408,0.203515625,9082,300.0,0.0002,0.013744940981268883,0.2,0.9436494708061218
1876,536,7157,3842048,-0.876719057559967,-0.015214937273412943,-84.07274475097657,0.018227808,0.4868195652961731,230.71697408,0.20634765625,9087,300.0,0.0002,0.007467397255823016,0.2,0.94402015209198
1877,536,7159,3844096,-0.8600165247917175,-0.014341571275144816,-84.10284805297852,0.022609996,0.5479476451873779,230.42665255,0.21142578125,9092,300.0,0.0002,0.012274670461192728,0.2,0.9446542859077454
1878,537,7161,3846144,-0.8738556504249573,-0.014090874046087266,-84.14276237487793,0.01711339,0.5446099638938904,231.94608080999998,0.185546875,9097,300.0,0.0002,0.006644057901576161,0.2,0.945107638835907
1879,537,7163,3848192,-0.8700641989707947,-0.013316999725066125,-84.17739410400391,0.015811386,0.6066991090774536,231.41466430000003,0.1900390625,9102,300.0,0.0002,0.00846366435289383,0.2,0.9457729458808899
1880,537,7165,3850240,-0.8690316081047058,-0.015012746769934892,-84.2174747467041,0.012068812,0.6062046885490417,232.1497795,0.148046875,9107,300.0,0.0002,0.009870690340176225,0.2,0.9463909268379211
1881,537,7167,3852288,-0.87345290184021,-0.015509195742197335,-84.26029319763184,0.01381136,0.628449022769928,232.92173065000003,0.16689453125,9112,300.0,0.0002,0.00839190324768424,0.2,0.9470173120498657
1882,537,7169,3854336,-0.8767174482345581,-0.010928604705259203,-84.29889717102051,0.0179343,0.582356333732605,232.92173065000003,0.209765625,9117,300.0,0.0002,0.00828451053239405,0.2,0.9476154446601868
1883,537,7170,3856384,-0.8781489133834839,-0.011826882988680154,-84.33137130737305,0.02038454,0.5448030829429626,232.76262257000002,0.20654296875,9122,300.0,0.0002,0.006281679426319897,0.2,0.94792640209198
1884,537,7172,3858432,-0.8714513182640076,-0.009963226970285177,-84.3442008972168,0.014739603,0.5665559768676758,233.25058255000005,0.20009765625,9127,300.0,0.0002,0.008033153647556902,0.2,0.948127269744873
1885,538,7174,3860480,-0.8715527653694153,-0.015845469129271806,-84.36487884521485,0.016841777,0.5651823282241821,233.84740984,0.162109375,9132,300.0,0.0002,0.00742258180398494,0.2,0.948623538017273
1886,538,7176,3862528,-0.8411505222320557,-0.008544073583414922,-84.39599081186148,0.033299956,0.457807719707489,232.72034082999994,0.20192307692307693,9136,300.0,0.0002,0.007552437806645265,0.2,0.9489565491676331
1887,538,7178,3864576,-0.8719769716262817,-0.014911402971483767,-84.42093849182129,0.015071079,0.6136334538459778,233.08520253000006,0.16572265625,9141,300.0,0.0002,0.007863968471065163,0.2,0.9494054913520813
1888,538,7180,3866624,-0.8713206052780151,-0.01169338293839246,-84.44943122863769,0.015625782,0.6890621781349182,231.68829121999997,0.16806640625,9146,300.0,0.0002,0.00980285513214767,0.2,0.9498416781425476
1889,538,7181,3868672,-0.8773624897003174,-0.018274369928985835,-84.48058052062989,0.018920181,0.5951933860778809,231.68829121999997,0.17724609375,9151,300.0,0.0002,0.012991853896528483,0.2,0.9502686858177185
1890,538,7183,3870720,-0.8561235666275024,-0.015376137057319283,-84.51385040283203,0.021034174,0.46984314918518066,233.19889596000002,0.1892578125,9156,300.0,0.0002,0.008471085713244975,0.2,0.9508848786354065
1891,538,7185,3872768,-0.8764352202415466,-0.018082454241812228,-84.56088790893554,0.014312981,0.565935492515564,231.96388689000003,0.15498046875,9161,300.0,0.0002,0.006225092918612063,0.2,0.9518774151802063
1892,539,7186,3874816,-0.8710402250289917,-0.016153022460639477,-84.63250274658203,0.019046353,0.5630080699920654,231.79089863999997,0.20654296875,9166,300.0,0.0002,0.00915641556493938,0.2,0.9528490304946899
1893,539,7188,3876864,-0.8729110956192017,-0.013063452020287514,-84.68595428466797,0.019605031,0.508316695690155,231.76429947999998,0.14775390625,9171,300.0,0.0002,0.006842298689298332,0.2,0.9536239504814148
1894,539,7189,3878912,-0.8807553648948669,-0.009378367289900779,-84.7271339416504,0.01970432,0.5854051113128662,231.4887293,0.2109375,9176,300.0,0.0002,0.006340373400598764,0.2,0.9540802240371704
1895,539,7191,3880960,-0.8738689422607422,-0.017316725384444,-84.7575439453125,0.016393142,0.626008152961731,229.61469123000003,0.149609375,9181,300.0,0.0002,0.008654542174190283,0.2,0.9546986818313599
1896,539,7192,3883008,-0.8802047371864319,-0.018024279177188872,-84.79954261779785,0.01586387,0.5944160223007202,229.61469123000003,0.17509765625,9186,300.0,0.0002,0.008819797355681658,0.2,0.9553259611129761
1897,540,7194,3885056,-0.8675169348716736,-0.009201805992051958,-84.8316665649414,0.014442956,0.48220235109329224,229.01471039999996,0.20234375,9191,300.0,0.0002,0.00488091807346791,0.2,0.9556902050971985
1898,540,7195,3887104,-0.8864076733589172,-0.014009752043057233,-84.85323753356934,0.013387776,0.5957682132720947,229.3856403,0.17138671875,9196,300.0,0.0002,0.006430189800448715,0.2,0.9560387134552002
1899,540,7197,3889152,-0.8854466080665588,-0.017629337520338594,-84.88224182128906,0.013882656,0.650181770324707,229.88619264000002,0.1607421875,9201,300.0,0.0002,0.006870461511425674,0.2,0.9566806554794312
1900,540,7198,3891200,-0.8715840578079224,-0.012341254018247127,-84.92712745666503,0.014936575,0.6685539484024048,229.50241631,0.187109375,9206,300.0,0.0002,0.010990149108693004,0.2,0.9573295712471008
1901,540,7200,3893248,-0.8801508545875549,-0.016062077647075058,-84.96194686889649,0.018279899,0.6847947239875793,230.43295053999998,0.15341796875,9211,300.0,0.0002,0.010368450172245502,0.2,0.9578102827072144
1902,540,7201,3895296,-0.8768518567085266,-0.014521384087856859,-84.99009284973144,0.017501751,0.6308099031448364,228.73504008999996,0.1966796875,9216,300.0,0.0002,0.01041376730427146,0.2,0.958242654800415
1903,541,7203,3897344,-0.8650524616241455,-0.010505075473338366,-85.01834144592286,0.015545704,0.7183752059936523,228.73504008999996,0.2044921875,9221,300.0,0.0002,0.012544113770127296,0.2,0.9586949348449707
1904,541,7204,3899392,-0.8569446802139282,-0.009697063057683409,-85.04717445373535,0.016555086,0.7003118991851807,228.79465313000003,0.18681640625,9226,300.0,0.0002,0.010701755015179514,0.2,0.9591354727745056
1905,541,7205,3901440,-0.8524012565612793,-0.006140924866000811,-85.06993204752604,0.022229105,0.6890906691551208,228.89418162,0.196484375,9230,300.0,0.0002,0.009598297874132793,0.2,0.959372878074646
1906,541,7207,3903488,-0.8686418533325195,-0.007172660925425589,-85.089697265625,0.01367639,0.5788646936416626,229.4744082,0.20263671875,9235,300.0,0.0002,0.00857046078890562,0.2,0.9598570466041565
1907,541,7208,3905536,-0.8708154559135437,-0.01631660118000582,-85.13130493164063,0.017236695,0.5360608696937561,229.41138977,0.16396484375,9240,300.0,0.0002,0.006715238699689508,0.2,0.9606263637542725
1908,541,7209,3907584,-0.8572075366973877,-0.011396264608361219,-85.17697143554688,0.021750286,0.6375036239624023,228.31025659999995,0.18585526315789475,9245,300.0,0.0002,0.00847403491896234,0.2,0.9612199664115906
1909,542,7211,3909632,-0.8885815143585205,-0.017498630564659834,-85.21202697753907,0.013122402,0.6085039377212524,228.85481285000003,0.18515625,9250,300.0,0.0002,0.010555510502308607,0.2,0.9618009924888611
1910,542,7212,3911680,-0.8846181035041809,-0.014455271046608686,-85.24956016540527,0.013868229,0.5102307796478271,228.85481285000003,0.16015625,9255,300.0,0.0002,0.007302872883155942,0.2,0.9622776508331299
1911,542,7213,3913728,-0.8557428121566772,-0.00554148056026962,-85.27000088161893,0.031651147,0.49214988946914673,229.32715436999996,0.16493055555555555,9258,300.0,0.0002,0.007370194678919183,0.2,0.962455153465271
1912,542,7215,3915776,-0.876544713973999,-0.01590602982323617,-85.28948402404785,0.018192764,0.5315244197845459,228.94554172000005,0.17998046875,9263,300.0,0.0002,0.005996398231945932,0.2,0.9629092216491699
1913,542,7216,3917824,-0.8718076348304749,-0.01625603826250881,-85.31896209716797,0.015888635,0.485522985458374,229.09761591999998,0.184375,9268,300.0,0.0002,0.0043470616568811234,0.2,0.9633659720420837
1914,543,7218,3919872,-0.8793959617614746,-0.01873464590722793,-85.35046748111122,0.025301864,0.6312830448150635,229.34799007,0.20230263157894737,9273,300.0,0.0002,0.004070036848516841,0.2,0.9638313055038452
1915,543,7219,3921920,-0.8736844062805176,-0.013152715905259052,-85.38239754570856,0.029686555,0.5877360105514526,228.6453876,0.1909722222222222,9278,300.0,0.0002,0.00513147728310691,0.2,0.9643558263778687
1916,543,7220,3923968,-0.8793355822563171,-0.015389542654156685,-85.4166130065918,0.015231251,0.6336890459060669,228.6453876,0.17392578125,9283,300.0,0.0002,0.005995288584381342,0.2,0.9648920893669128
1917,543,7222,3926016,-0.8905035257339478,-0.01650394645985216,-85.45390663146972,0.01860841,0.4985758066177368,229.24223949,0.170703125,9288,300.0,0.0002,0.007168394397012889,0.2,0.9655486941337585
1918,543,7223,3928064,-0.8747684955596924,-0.016519141348544507,-85.49038696289062,0.02276923,0.5607791543006897,229.66051201,0.19072265625,9293,300.0,0.0002,0.01041412092745304,0.2,0.9659836292266846
1919,543,7225,3930112,-0.8885976672172546,-0.01682117769960314,-85.52227058410645,0.018349346,0.6265188455581665,228.53316437999993,0.18173828125,9298,300.0,0.0002,0.007514402689412236,0.2,0.9666013121604919
1920,544,7226,3932160,-0.8754287958145142,-0.014979162719100714,-85.56642036437988,0.015327562,0.6239292025566101,229.36825349,0.19150390625,9303,300.0,0.0002,0.00829159701243043,0.2,0.9673155546188354
1921,544,7228,3934208,-0.8853665590286255,-0.016854370571672918,-85.61301727294922,0.01970926,0.5765681266784668,229.29812375999998,0.16826171875,9308,300.0,0.0002,0.00669626456219703,0.2,0.9681257009506226
1922,544,7229,3936256,-0.8756088018417358,-0.010964305768720806,-85.6578254699707,0.020422552,0.6608959436416626,229.59927090000005,0.2146484375,9313,300.0,0.0002,0.007549558486789465,0.2,0.9686618447303772
1923,544,7231,3938304,-0.8777505159378052,-0.01398444278165698,-85.68690757751465,0.014800994,0.5523794293403625,229.59927090000005,0.1439453125,9318,300.0,0.0002,0.008288765349425376,0.2,0.9691396355628967
1924,544,7232,3940352,-0.8904221653938293,-0.015518806921318174,-85.71794548034669,0.019426428,0.590023398399353,229.65394555,0.17568359375,9323,300.0,0.0002,0.010808525560423731,0.2,0.9696552753448486
1925,544,7234,3942400,-0.879257321357727,-0.010732551803812385,-85.75105133056641,0.015632618,0.6327245831489563,230.54782316,0.19873046875,9328,300.0,0.0002,0.005080443585757166,0.2,0.9701498746871948
1926,545,7235,3944448,-0.8557472229003906,-0.0006481317104771733,-85.77989959716797,0.017421614,0.6362617015838623,231.15708078,0.1396484375,9331,300.0,0.0002,0.006835673159609239,0.2,0.9705331325531006
1927,545,7236,3946496,-0.8907574415206909,-0.016264650458469986,-85.80508193969726,0.01871673,0.5906789302825928,231.09302119,0.20908203125,9336,300.0,0.0002,0.0067363417940214275,0.2,0.9709299206733704
1928,545,7237,3948544,-0.8784555792808533,-0.011819622083567082,-85.82533264160156,0.016601129,0.5313676595687866,229.50718737,0.22197265625,9341,300.0,0.0002,0.00930144831072539,0.2,0.9713348746299744
1929,545,7239,3950592,-0.8965170979499817,-0.01667272935155779,-85.85408592224121,0.014585871,0.5681459307670593,229.63584577999998,0.17880859375,9346,300.0,0.0002,0.007930809422396124,0.2,0.9718082547187805
1930,545,7240,3952640,-0.8829980492591858,-0.012985747703351081,-85.88027000427246,0.013398821,0.5888420343399048,229.63584577999998,0.17822265625,9351,300.0,0.0002,0.006070756725966931,0.2,0.972259521484375
1931,546,7241,3954688,-0.8619520664215088,0.00034616561606526375,-85.90760485331218,0.01910077,0.5566604733467102,228.91191705,0.2158203125,9354,300.0,0.0002,0.011092781942958633,0.2,0.9725469946861267
1932,546,7243,3956736,-0.8867043852806091,-0.015441420837305486,-85.93183975219726,0.014566043,0.5607069134712219,228.43577178999996,0.16806640625,9359,300.0,0.0002,0.009057642007246614,0.2,0.9730416536331177
1933,546,7244,3958784,-0.8832288980484009,-0.013285435270518064,-85.96327514648438,0.013941919,0.6136138439178467,229.47964971999994,0.1466796875,9364,300.0,0.0002,0.008637196850031614,0.2,0.9735074639320374
1934,546,7246,3960832,-0.8874229192733765,-0.017616017116233708,-85.99380645751953,0.018534418,0.5940729379653931,229.44423191,0.2072265625,9369,300.0,0.0002,0.007331903441809118,0.2,0.9739744067192078
1935,546,7247,3962880,-0.8962815999984741,-0.011225907527841628,-86.02012519836425,0.011997488,0.5657639503479004,229.04196891000007,0.1796875,9374,300.0,0.0002,0.005421068053692579,0.2,0.9742836356163025
1936,546,7249,3964928,-0.8802271485328674,-0.01502983933314681,-86.04077796936035,0.0151027385,0.5175876021385193,228.37438752000003,0.20595703125,9379,300.0,0.0002,0.008192947320640086,0.2,0.9745963215827942
1937,547,7250,3966976,-0.891058623790741,-0.013497539330273867,-86.06621398925782,0.015281883,0.47027987241744995,228.37438752000003,0.16884765625,9384,300.0,0.0002,0.006028124177828431,0.2,0.9751335978507996
1938,547,7252,3969024,-0.8827195763587952,-0.011616601841524243,-86.09798889160156,0.016008938,0.4647763967514038,228.96315287,0.19580078125,9389,300.0,0.0002,0.006109934952110052,0.2,0.975486159324646
1939,547,7253,3971072,-0.8620001077651978,-0.011302518169395625,-86.11570243835449,0.024242569,0.6081652045249939,228.40029860000007,0.22998046875,9394,300.0,0.0002,0.00873133996501565,0.2,0.9757944345474243
1940,547,7255,3973120,-0.879854142665863,-0.013496592198498547,-86.14100646972656,0.015378965,0.6276867985725403,227.80296113999998,0.203125,9399,300.0,0.0002,0.008819402474910022,0.2,0.9763613343238831
1941,547,7256,3975168,-0.8823720812797546,-0.017270350363105536,-86.18383750915527,0.019537268,0.6745901107788086,225.19176819,0.17861328125,9404,300.0,0.0002,0.009896199405193328,0.2,0.9771124124526978
1942,547,7258,3977216,-0.892020046710968,-0.020603086287155747,-86.22329444885254,0.020160938,0.6565335392951965,226.25450077999997,0.20703125,9409,300.0,0.0002,0.011719055334106087,0.2,0.9775881767272949
1943,548,7259,3979264,-0.8889738321304321,-0.017580978880869225,-86.25261726379395,0.016561313,0.6807745695114136,226.78923918,0.15576171875,9414,300.0,0.0002,0.00747448243200779,0.2,0.9780425429344177
1944,548,7261,3981312,-0.8858242630958557,-0.013911774195730687,-86.27700805664062,0.015609892,0.5692917108535767,226.78923918,0.17890625,9419,300.0,0.0002,0.004683804349042475,0.2,0.978359580039978
1945,548,7261,3983360,-0.8550800681114197,0.001123869325965643,-86.28933868408203,0.034107797,0.6043052077293396,227.40729734999996,0.1703125,9421,300.0,0.0002,0.005436727590858936,0.2,0.9784353375434875
1946,548,7263,3985408,-0.8834452629089355,-0.015972829004749656,-86.30993423461913,0.012243388,0.6794595122337341,227.45384544000004,0.1099609375,9426,300.0,0.0002,0.005832726624794305,0.2,0.9791134595870972
1947,548,7264,3987456,-0.8892146944999695,-0.017526854830794036,-86.35632400512695,0.020216519,0.677902340888977,227.90052269,0.2017578125,9431,300.0,0.0002,0.0072421635966748,0.2,0.9797957539558411
1948,549,7265,3989504,-0.8597212433815002,-0.015813093108590692,-86.39847564697266,0.020814229,0.6255235075950623,227.49377943,0.1853515625,9436,300.0,0.0002,0.007546659675426781,0.2,0.9805079698562622
1949,549,7267,3991552,-0.8927657604217529,-0.017881680559366942,-86.44100303649903,0.02041709,0.5730888247489929,227.69860901999996,0.1873046875,9441,300.0,0.0002,0.006018452276475727,0.2,0.9810735583305359
1950,549,7268,3993600,-0.8889296650886536,-0.014805766800418497,-86.47197341918945,0.022160025,0.6709920167922974,227.91679385,0.17802734375,9446,300.0,0.0002,0.008759741624817251,0.2,0.9815902709960938
1951,549,7269,3995648,-0.8453974723815918,0.00916848867200315,-86.49100494384766,0.015714321,0.6509945392608643,227.91679385,0.20556640625,9447,300.0,0.0002,0.007712255930528045,0.2,0.9816749095916748
1952,549,7270,3997696,-0.9091622829437256,-0.01880587914492935,-86.51437149047851,0.017088618,0.3442012071609497,228.3666927,0.16015625,9452,300.0,0.0002,0.005322059686295688,0.2,0.982445240020752
1953,549,7272,3999744,-0.8873153924942017,-0.012439795630052685,-86.55940818786621,0.015859257,0.5878548622131348,226.63664029999995,0.183203125,9457,300.0,0.0002,0.012577837100252509,0.2,0.9830288887023926
1954,550,7273,4001792,-0.887640118598938,-0.016663580643944444,-86.59583168029785,0.017202007,0.6400320529937744,226.56551616000002,0.1884765625,9462,300.0,0.0002,0.010009567625820637,0.2,0.9835917949676514
