time/total_timesteps,time/iterations,time/time_elapsed,time/fps,train/loss,train/clip_range,train/n_updates,rollout/ep_rew_mean,train/entropy_loss,train/clip_fraction,train/value_loss,train/std,rollout/ep_len_mean,train/approx_kl,train/policy_gradient_loss,train/learning_rate,train/explained_variance
2048,1,0,5686,,,,,,,,,,,,,
4096,2,2,1911,0.5098495483398438,0.2,5,238.0197245,-25.970984363555907,0.03046875,1.353396910429001,0.3678525984287262,300.0,0.004014178,-0.003141753072850406,0.0002,0.03620809316635132
6144,3,3,1582,0.02432371862232685,0.2,10,240.4890084375,-25.970691108703612,0.0345703125,0.08282939344644547,0.3678666949272156,300.0,0.0036105246,-0.0027337545529007913,0.0002,-0.42930591106414795
8192,4,5,1453,0.0008819871582090855,0.2,15,234.730660625,-25.972635173797606,0.01533203125,0.03743503950536251,0.3678804337978363,300.0,0.0035007782,-0.002220803778618574,0.0002,-1.9253339767456055
10240,5,7,1381,0.002862725406885147,0.2,20,232.96101518749998,-25.976586151123048,0.03583984375,0.02862500390037894,0.3679109513759613,300.0,0.001493247,-0.0019841007189825175,0.0002,-0.37906551361083984
12288,6,9,1328,-0.00209963321685791,0.2,25,231.97729824999996,-25.97945442199707,0.02255859375,0.01863978332839906,0.3679065704345703,300.0,0.005715157,-0.0011895327595993876,0.0002,0.24860316514968872
14336,7,11,1289,-0.0006532249972224236,0.2,30,231.97729824999996,-25.977473258972168,0.03056640625,0.016968288738280535,0.36789894104003906,300.0,0.0013101231,-0.0020661492832005023,0.0002,0.24319696426391602
16384,8,13,1260,0.005286308936774731,0.2,35,230.2401480625,-25.97257375717163,0.01171875,0.01590448888018727,0.3678229749202728,300.0,0.0044832625,-0.0024498751619830726,0.0002,0.4323378801345825
18432,9,14,1246,-0.004685449413955212,0.2,40,229.45301316071428,-25.959119510650634,0.01123046875,0.012426960049197078,0.36777791380882263,300.0,0.002090312,-0.002602140442468226,0.0002,0.01126319169998169
20480,10,16,1235,-0.00579896429553628,0.2,45,226.98741962499997,-25.962429428100585,0.0154296875,0.010254191677086055,0.36787229776382446,300.0,0.0050684684,-0.0025497396010905502,0.0002,0.45244312286376953
22528,11,18,1227,-0.001604312565177679,0.2,50,226.76222818055555,-25.97168712615967,0.00390625,0.009614669112488627,0.3678525388240814,300.0,0.002290582,-0.0019987990846857427,0.0002,0.35952866077423096
24576,12,20,1221,0.0019771927036345005,0.2,55,224.9985990875,-25.957418155670165,0.01201171875,0.009140012483112515,0.36767658591270447,300.0,0.0018173241,-0.002095014089718461,0.0002,0.274308443069458
26624,13,21,1217,-0.0011942877899855375,0.2,60,224.59472229545455,-25.931408405303955,0.0205078125,0.010139576788060368,0.3676190972328186,300.0,0.0017883589,-0.003103971318341792,0.0002,0.41457271575927734
28672,14,23,1208,-0.0006460566073656082,0.2,65,224.59472229545455,-25.925030517578126,0.033984375,0.008803351595997811,0.3675573170185089,300.0,0.007952219,-0.0018553059548139573,0.0002,0.43676525354385376
30720,15,25,1204,-0.006876970175653696,0.2,70,225.85400490625,-25.912015438079834,0.0392578125,0.011175333987921476,0.3674825429916382,300.0,0.0043286476,-0.0031325991032645105,0.0002,0.4742041826248169
32768,16,27,1201,0.0014500347897410393,0.2,75,225.89175678000004,-25.899130630493165,0.02041015625,0.007543189660646021,0.36739373207092285,300.0,0.0044507226,-0.0021493055974133313,0.0002,0.11846649646759033
34816,17,29,1199,-0.0021607186645269394,0.2,80,225.07768545000002,-25.894933795928956,0.03681640625,0.009342923271469772,0.3674866557121277,300.0,0.0023268887,-0.002288603549823165,0.0002,0.5193318128585815
36864,18,30,1197,-0.004766614176332951,0.2,85,223.42703451999998,-25.90839195251465,0.03662109375,0.008264629961922764,0.36746448278427124,300.0,0.0040261946,-0.003881767229177058,0.0002,0.6007320284843445
38912,19,32,1196,-0.007211060728877783,0.2,90,223.47976226,-25.895671367645264,0.03115234375,0.007418529246933758,0.3673853576183319,300.0,0.003979083,-0.002787580760195851,0.0002,0.4893611669540405
40960,20,34,1195,-0.00779911270365119,0.2,95,223.04031334000004,-25.888103771209718,0.02802734375,0.006514949398115278,0.3673885762691498,300.0,0.0050778543,-0.004068652424030006,0.0002,0.4968087077140808
43008,21,35,1194,0.00424183439463377,0.2,100,223.04031334000004,-25.892047500610353,0.04482421875,0.0063790152315050365,0.36743423342704773,300.0,0.005561243,-0.0029155829921364783,0.0002,0.32133299112319946
45056,22,37,1193,0.010805967263877392,0.2,105,223.98684973,-25.896657276153565,0.049609375,0.006305454741232097,0.3674224317073822,300.0,0.008010301,-0.0030321970116347075,0.0002,0.3334355354309082
47104,23,39,1190,-0.0016900040209293365,0.2,110,222.87551404,-25.891736125946046,0.0509765625,0.007315010041929781,0.36738914251327515,300.0,0.0042062122,-0.001720262982416898,0.0002,0.32937973737716675
49152,24,41,1186,-0.0013285912573337555,0.2,115,223.34971963999996,-25.890256690979005,0.00546875,0.005470785847865045,0.367407888174057,300.0,0.0020031887,-0.0018590363906696439,0.0002,0.46503162384033203
51200,25,43,1183,-0.0026570865884423256,0.2,120,222.93243881,-25.895095443725587,0.0466796875,0.006974920607171952,0.3674352765083313,300.0,0.005208871,-0.0030601252801716328,0.0002,0.46778690814971924
53248,26,45,1181,-4.0067825466394424e-05,0.2,125,223.60951863,-25.896620082855225,0.054296875,0.0074206767836585644,0.3674258589744568,300.0,0.0056351377,-0.003678127517923713,0.0002,0.3757386803627014
55296,27,46,1180,-0.008554929867386818,0.2,130,225.32369716999997,-25.899443531036376,0.058984375,0.006275139562785625,0.367482453584671,300.0,0.009345107,-0.00260680818464607,0.0002,0.4268370270729065
57344,28,48,1180,-0.0019877359736710787,0.2,135,225.32369716999997,-25.90513277053833,0.0734375,0.004989671893417836,0.3674769699573517,300.0,0.009729153,-0.0018535333219915628,0.0002,0.5003308057785034
59392,29,50,1180,-0.004379779100418091,0.2,140,225.25183139000004,-25.904463481903075,0.0455078125,0.009036358795128763,0.3675082325935364,300.0,0.00398949,-0.0018937424756586552,0.0002,0.5322992205619812
61440,30,52,1179,0.009357701987028122,0.2,145,224.47468648999998,-25.913474750518798,0.08759765625,0.0065657322527840735,0.36756250262260437,300.0,0.008181633,-0.0029285073629580437,0.0002,0.4085645079612732
63488,31,53,1179,-0.004596366547048092,0.2,150,223.62663419,-25.923922634124757,0.05458984375,0.009567311313003302,0.3676363229751587,300.0,0.006354724,-0.0024433650309219957,0.0002,0.5009449124336243
65536,32,55,1179,-0.00425439840182662,0.2,155,224.85399593999998,-25.93303165435791,0.066796875,0.008554261177778244,0.36765438318252563,300.0,0.008833066,-0.0033829135296400636,0.0002,0.5754959583282471
67584,33,57,1179,-0.002476610243320465,0.2,160,226.33734611000008,-25.93412494659424,0.1126953125,0.006584649416618049,0.36767205595970154,300.0,0.009385542,-8.297921158373357e-06,0.0002,0.6061784029006958
69632,34,59,1179,-0.0065901572816073895,0.2,165,226.68823772000005,-25.938407993316652,0.07099609375,0.005858402326703071,0.36769065260887146,300.0,0.0074780406,-0.005354719702154398,0.0002,0.5185841917991638
71680,35,60,1179,-0.0007057012990117073,0.2,170,226.68823772000005,-25.936922359466553,0.04658203125,0.005211673048324883,0.36765816807746887,300.0,0.004807083,-0.0037867153529077767,0.0002,0.4741344451904297
73728,36,62,1180,-0.0027741757221519947,0.2,175,226.87225068000004,-25.93439130783081,0.041015625,0.006404318171553314,0.367683470249176,300.0,0.004951765,-0.003441114956513047,0.0002,0.49118566513061523
75776,37,64,1181,-0.0047816326841712,0.2,180,226.18669763000003,-25.940055942535402,0.0810546875,0.007700611581094563,0.3677070438861847,300.0,0.01055882,-0.0034371771034784615,0.0002,0.4918246269226074
77824,38,65,1180,-0.0040435586124658585,0.2,185,226.13680595000005,-25.932520866394043,0.0390625,0.009019009210169316,0.3675600588321686,300.0,0.0055594957,-0.002078759460709989,0.0002,0.5609941482543945
79872,39,67,1179,0.0034279441460967064,0.2,190,226.54093316,-25.9055006980896,0.02734375,0.012121903430670499,0.3674536347389221,300.0,0.005133786,-0.0021629896480590107,0.0002,0.628966212272644
81920,40,69,1177,-0.003465837799012661,0.2,195,226.24404761000002,-25.892075729370116,0.03486328125,0.011642144946381449,0.36737051606178284,300.0,0.0047801198,-0.003120698709972203,0.0002,0.6049882173538208
83968,41,71,1176,-0.007035058923065662,0.2,200,226.24404761000002,-25.876870822906493,0.067578125,0.006007048999890685,0.36727410554885864,300.0,0.005428467,-0.004406883602496236,0.0002,0.4132114052772522
86016,42,73,1175,-0.004624286200851202,0.2,205,226.19049342999998,-25.86319351196289,0.04111328125,0.00801813576836139,0.36722734570503235,300.0,0.007584179,-0.003095323359593749,0.0002,0.5549839735031128
88064,43,74,1175,-0.002800493035465479,0.2,210,226.15938514,-25.86204538345337,0.03095703125,0.009669915540143847,0.36725786328315735,300.0,0.0041149138,-0.0032540530199185016,0.0002,0.5069337487220764
90112,44,76,1175,0.0007700435817241669,0.2,215,225.15026471,-25.865715408325194,0.03740234375,0.010835547605529428,0.3672600984573364,300.0,0.0048047462,-0.0035536822862923144,0.0002,0.5748708248138428
92160,45,78,1174,0.00026240432634949684,0.2,220,224.43325051,-25.86567916870117,0.07822265625,0.009333022963255643,0.36727580428123474,300.0,0.008444402,-0.003781043575145304,0.0002,0.46161597967147827
94208,46,80,1173,-0.006314051803201437,0.2,225,223.63673679,-25.871107578277588,0.0623046875,0.006222212733700871,0.3673290014266968,300.0,0.0059530726,-0.0034560309257358314,0.0002,0.5642448663711548
96256,47,82,1172,-0.0075586456805467606,0.2,230,222.96184978000002,-25.88105192184448,0.04736328125,0.004817187180742621,0.3673694431781769,300.0,0.0073446548,-0.001214616314973682,0.0002,0.5720051527023315
98304,48,83,1171,-0.0046851071529090405,0.2,235,222.96184978000002,-25.883951663970947,0.0302734375,0.005329191056080163,0.36738044023513794,300.0,0.0041157175,-0.003489255905151367,0.0002,0.49542510509490967
100352,49,85,1168,-0.0011495193466544151,0.2,240,222.26244594999997,-25.885933494567873,0.025390625,0.00834714963566512,0.36738598346710205,300.0,0.0036813382,-0.0026817563688382507,0.0002,0.5186983346939087
102400,50,87,1165,-0.007766015827655792,0.2,245,222.11218483000005,-25.88463258743286,0.0474609375,0.0067610291996970774,0.36735400557518005,300.0,0.0049719615,-0.004010599746834487,0.0002,0.5123175382614136
104448,51,90,1153,-0.002233229111880064,0.2,250,222.94428003000004,-25.875614833831786,0.0607421875,0.009922366729006172,0.3672788441181183,300.0,0.0042214463,-0.0016996548627503216,0.0002,0.571198582649231
106496,52,92,1149,-0.0045325420796871185,0.2,255,222.22635216000003,-25.86720561981201,0.06748046875,0.009583438280969858,0.36728519201278687,300.0,0.0040941895,-0.004108061082661152,0.0002,0.6119929552078247
108544,53,94,1146,-0.0011250018142163754,0.2,260,224.47290707,-25.869139671325684,0.0630859375,0.008051773277111351,0.3672711253166199,300.0,0.0028774703,-0.00322750813793391,0.0002,0.6164221167564392
110592,54,96,1140,0.003983975388109684,0.2,265,224.44803149999998,-25.86334810256958,0.04306640625,0.008250395953655242,0.36722302436828613,300.0,0.0076976996,-0.0024687349097803233,0.0002,0.5978171825408936
112640,55,99,1136,-0.00015275739133358002,0.2,270,224.44803149999998,-25.85956916809082,0.06904296875,0.007614322821609676,0.36725038290023804,300.0,0.007794737,-0.006324931234121323,0.0002,0.5438306331634521
114688,56,101,1132,-0.005576992407441139,0.2,275,224.87377874999999,-25.86036911010742,0.05146484375,0.00931564848870039,0.36719104647636414,300.0,0.0071671177,-0.005128974094986916,0.0002,0.5742400884628296
116736,57,103,1131,-0.004325557965785265,0.2,280,224.58519340999993,-25.85140151977539,0.03251953125,0.009229182777926326,0.36719653010368347,300.0,0.004197653,-0.0045586380176246164,0.0002,0.5982428789138794
118784,58,104,1131,-0.0009833993390202522,0.2,285,224.37300306999995,-25.857569694519043,0.0369140625,0.007763307122513652,0.36722469329833984,300.0,0.0061928644,-0.002864745049737394,0.0002,0.5502136945724487
120832,59,106,1130,-0.0010846061632037163,0.2,290,224.84292223999998,-25.856928062438964,0.04443359375,0.007745191967114806,0.36720940470695496,300.0,0.0040406315,-0.002799944719299674,0.0002,0.5182799100875854
122880,60,108,1128,-0.00172766437754035,0.2,295,224.52171246,-25.86099967956543,0.01962890625,0.007959528174251319,0.3672946095466614,300.0,0.0038426407,-0.003015769133344293,0.0002,0.6427847146987915
124928,61,110,1127,-0.0008617425337433815,0.2,300,224.53551176000002,-25.871628093719483,0.0162109375,0.007762483367696404,0.36729177832603455,300.0,0.0032517696,-0.0022883984493091702,0.0002,0.63718581199646
126976,62,112,1125,-0.008472948335111141,0.2,305,224.53551176000002,-25.862036609649657,0.04599609375,0.006472184066660702,0.36719951033592224,300.0,0.008900593,-0.0025355511461384594,0.0002,0.5639617443084717
129024,63,114,1124,-0.0029825596138834953,0.2,310,224.82868984999996,-25.85091152191162,0.10478515625,0.010078431339934468,0.36718669533729553,300.0,0.012144832,-0.0024950060760602355,0.0002,0.5389933586120605
131072,64,116,1123,-0.009733062237501144,0.2,315,225.73681385,-25.853221797943114,0.06171875,0.006623373203910887,0.36719998717308044,300.0,0.009616038,-0.0060007298365235325,0.0002,0.49668818712234497
133120,65,118,1122,-0.003400360466912389,0.2,320,225.13821374,-25.85127773284912,0.0443359375,0.005860410165041685,0.367156982421875,300.0,0.0033851382,-0.0038204830372706054,0.0002,0.48542219400405884
135168,66,120,1120,-0.004937991499900818,0.2,325,225.21562926,-25.84850902557373,0.03798828125,0.008094937773421407,0.3672003448009491,300.0,0.005861869,-0.002658963273279369,0.0002,0.549034595489502
137216,67,122,1118,0.0007207575254142284,0.2,330,225.01320178000006,-25.84688482284546,0.02861328125,0.007029777322895825,0.36706969141960144,300.0,0.0032997113,-0.003959668526658788,0.0002,0.5990754961967468
139264,68,124,1116,-0.003817993914708495,0.2,335,226.42833283999997,-25.81546096801758,0.04345703125,0.005003240494988859,0.3669010400772095,300.0,0.006661146,-0.003849595389328897,0.0002,0.5380716919898987
141312,69,126,1114,-0.007928766310214996,0.2,340,226.42833283999997,-25.796412086486818,0.07509765625,0.00427059605717659,0.36683380603790283,300.0,0.0041967686,-0.0020705907605588435,0.0002,0.25138622522354126
143360,70,128,1113,0.001886937185190618,0.2,345,225.90162215999996,-25.78721685409546,0.02783203125,0.00444599506445229,0.36678382754325867,300.0,0.006017247,-0.003192750352900475,0.0002,0.41766679286956787
145408,71,130,1111,-5.8338744565844536e-05,0.2,350,226.01536467000003,-25.780776691436767,0.0427734375,0.006237130216322839,0.36677274107933044,300.0,0.0054347366,-0.0034577067708596587,0.0002,0.5775869488716125
147456,72,132,1109,0.0047891996800899506,0.2,355,226.76389428000005,-25.782431221008302,0.04189453125,0.0067122738342732195,0.3667856454849243,300.0,0.006907412,-0.003519508778117597,0.0002,0.5852723121643066
149504,73,134,1108,-0.0006527034565806389,0.2,360,226.74287140999996,-25.786930561065674,0.02177734375,0.009083354054018855,0.3668604791164398,300.0,0.0042744963,-0.003600912448018789,0.0002,0.504784345626831
151552,74,137,1105,-0.0037241673562675714,0.2,365,227.39427038999997,-25.79726572036743,0.06552734375,0.004875455237925053,0.3668772280216217,300.0,0.010264657,-0.0017357482807710766,0.0002,0.48941755294799805
153600,75,139,1100,-0.003367495257407427,0.2,370,227.09615999,-25.80361032485962,0.03232421875,0.004896487225778401,0.3669871687889099,300.0,0.004594864,-0.002593958214856684,0.0002,0.6005550622940063
155648,76,141,1100,-0.007978815585374832,0.2,375,227.09615999,-25.821183300018312,0.04052734375,0.0077528697438538074,0.36702606081962585,300.0,0.0072744098,-0.0051294873701408505,0.0002,0.5160911679267883
157696,77,143,1101,-0.007603962905704975,0.2,380,228.22167670000002,-25.81219892501831,0.022265625,0.0068389166379347445,0.366891086101532,300.0,0.0030940066,-0.003236386785283685,0.0002,0.5095622539520264
159744,78,145,1099,-0.006115573458373547,0.2,385,228.41521973,-25.796884727478027,0.0455078125,0.007208880665712058,0.3668866455554962,300.0,0.0054514236,-0.004782796883955598,0.0002,0.6321685314178467
161792,79,146,1100,0.000413606408983469,0.2,390,227.57202823000003,-25.80439567565918,0.04833984375,0.006315497634932399,0.3669644892215729,300.0,0.0054780664,-0.0028480860753916206,0.0002,0.6579254865646362
163840,80,148,1100,-0.004476561676710844,0.2,395,227.74370266999998,-25.82061824798584,0.04501953125,0.007080312236212194,0.3670728802680969,300.0,0.0034008506,-0.001492419233545661,0.0002,0.6000968813896179
165888,81,150,1099,-0.004697756376117468,0.2,400,226.80850185000003,-25.83176212310791,0.0955078125,0.006729836598969996,0.36708053946495056,300.0,0.00783824,-0.002565504820086062,0.0002,0.5431650280952454
167936,82,152,1099,-0.0033420766703784466,0.2,405,226.80850185000003,-25.823679542541505,0.05078125,0.0051585592096671466,0.3669672906398773,300.0,0.0029002565,-0.0036739092436619105,0.0002,0.6361395716667175
169984,83,154,1099,-0.005988026969134808,0.2,410,226.48078816999998,-25.808334255218504,0.04375,0.004623115970753133,0.3669464588165283,300.0,0.003507309,-0.004016047925688326,0.0002,0.5891228914260864
172032,84,156,1100,0.003036870388314128,0.2,415,224.8643106199999,-25.80671615600586,0.061328125,0.005915969028137624,0.3669157326221466,300.0,0.0056125154,-0.0007444589864462614,0.0002,0.6198787093162537
174080,85,158,1101,0.004426458850502968,0.2,420,225.12156993,-25.80092010498047,0.011328125,0.008044604025781155,0.3668900430202484,300.0,0.0031724842,-0.003465944202616811,0.0002,0.6020479202270508
176128,86,159,1102,-0.006070520728826523,0.2,425,223.43526554000005,-25.799195194244383,0.04345703125,0.0053902297047898175,0.36690977215766907,300.0,0.004993211,-0.0031489789951592686,0.0002,0.6655460596084595
178176,87,161,1102,-0.001700752880424261,0.2,430,224.27553274,-25.799298763275146,0.06474609375,0.006046193861402571,0.36687225103378296,300.0,0.006979167,-0.003455681446939707,0.0002,0.5874276161193848
180224,88,163,1103,0.001975631108507514,0.2,435,223.89563176,-25.795793533325195,0.0455078125,0.0057206647237762805,0.3669146001338959,300.0,0.0068527074,-0.004013660713098943,0.0002,0.5418677926063538
182272,89,165,1103,-0.011536133475601673,0.2,440,223.89563176,-25.80568027496338,0.0513671875,0.0046314672799780965,0.36695703864097595,300.0,0.006296794,-0.002799101290293038,0.0002,0.4132457375526428
184320,90,167,1103,-0.004445279017090797,0.2,445,223.74213204000003,-25.802621841430664,0.0501953125,0.005371402669698,0.3668537735939026,300.0,0.007448527,-0.0028393204556778073,0.0002,0.4758380651473999
186368,91,168,1102,-0.006064204964786768,0.2,450,223.34971552,-25.787882709503172,0.0708984375,0.006684628082439303,0.36684009432792664,300.0,0.0112168845,-0.0013643841492012143,0.0002,0.5722441673278809
188416,92,170,1102,-0.0051603070460259914,0.2,455,224.02734199000002,-25.79037389755249,0.09931640625,0.005447735451161862,0.3668481111526489,300.0,0.0092071025,0.0005169773008674383,0.0002,0.5668169260025024
190464,93,172,1102,0.00044491165317595005,0.2,460,224.69108083999998,-25.792597007751464,0.04169921875,0.007333455514162779,0.3668777048587799,300.0,0.003848141,-0.0026299338322132828,0.0002,0.4410461187362671
192512,94,174,1102,-0.0036521232686936855,0.2,465,223.96736783999998,-25.792545986175536,0.04990234375,0.0072356173768639565,0.36681950092315674,300.0,0.005800998,-0.0051686908584088085,0.0002,0.5753315091133118
194560,95,176,1102,-0.011302920989692211,0.2,470,225.95287667999997,-25.78407564163208,0.05986328125,0.006999566801823676,0.3668084740638733,300.0,0.008149367,-0.0042800530209206045,0.0002,0.5809290409088135
196608,96,178,1100,-0.0028523693326860666,0.2,475,225.95287667999997,-25.782592678070067,0.05947265625,0.006962649361230433,0.3667627274990082,300.0,0.007338756,-0.0037844659527763724,0.0002,0.6409494876861572
198656,97,180,1100,-0.007809702306985855,0.2,480,224.77620035,-25.773794174194336,0.05478515625,0.01020655045285821,0.36674463748931885,300.0,0.0043364493,-0.001950405293609947,0.0002,0.5725812911987305
200704,98,182,1100,-0.007827633060514927,0.2,485,226.36943764000003,-25.774072074890135,0.05546875,0.004157835606019944,0.3667382001876831,300.0,0.006056888,-0.0035156303783878684,0.0002,0.6382128000259399
202752,99,184,1097,-0.01504536159336567,0.2,490,226.68687873,-25.77036848068237,0.0546875,0.005753601901233196,0.3667123019695282,300.0,0.005226288,-0.005454921687487513,0.0002,0.5500644445419312
204800,100,186,1098,-0.0030349744483828545,0.2,495,227.24664013999998,-25.75833854675293,0.0380859375,0.009102868335321545,0.3665778338909149,300.0,0.004734068,-0.004515653755515814,0.0002,0.5753506422042847
206848,101,188,1098,0.00133943697437644,0.2,500,227.48870345000003,-25.736922836303712,0.04755859375,0.01114213615655899,0.36650344729423523,300.0,0.0067361635,-0.0030187333235517145,0.0002,0.6345070600509644
208896,102,190,1099,-0.0006615929305553436,0.2,505,226.10643805000004,-25.72870445251465,0.0376953125,0.011367573076859117,0.3664441406726837,300.0,0.004728577,-0.0031978524290025233,0.0002,0.6557568907737732
210944,103,192,1097,-0.002221269067376852,0.2,510,226.10643805000004,-25.713483619689942,0.03388671875,0.009776177071034908,0.36633747816085815,300.0,0.004381115,-0.0042780964984558524,0.0002,0.6232900619506836
212992,104,194,1095,-0.006375689059495926,0.2,515,226.91118570000003,-25.697867965698244,0.03603515625,0.005135374981909991,0.3662627339363098,300.0,0.0022575422,-0.002166693448089063,0.0002,0.5312221646308899
215040,105,197,1090,-0.0021836471278220415,0.2,520,225.99136720000007,-25.68363094329834,0.03994140625,0.00719006760045886,0.3661690056324005,300.0,0.004568494,-0.0030100114876404406,0.0002,0.6397928595542908
217088,106,199,1089,-0.0020741019397974014,0.2,525,225.86795356000002,-25.670588970184326,0.04013671875,0.005239295330829919,0.3661096692085266,300.0,0.0057844827,-0.005037859780713916,0.0002,0.5769069194793701
219136,107,201,1089,0.0063751935958862305,0.2,530,226.44650066000003,-25.65830020904541,0.0759765625,0.006295738089829683,0.3660258948802948,300.0,0.007918291,-0.0032740669907070697,0.0002,0.4616377353668213
221184,108,202,1090,-0.0014519162941724062,0.2,535,226.18482193,-25.640903854370116,0.04501953125,0.006388173461891711,0.36588504910469055,300.0,0.004197182,-0.0022100862581282852,0.0002,0.5925018787384033
223232,109,204,1090,-0.007327312603592873,0.2,540,226.94599025000002,-25.622603702545167,0.06455078125,0.006905616144649684,0.36585450172424316,300.0,0.0066198343,-0.005602388782426715,0.0002,0.577576756477356
225280,110,206,1089,-0.004684539511799812,0.2,545,226.94599025000002,-25.627015781402587,0.03271484375,0.010326923057436942,0.3659183382987976,300.0,0.0050046053,-0.0028953772271052003,0.0002,0.4213058352470398
227328,111,208,1089,-0.01053927093744278,0.2,550,226.32633468,-25.62336254119873,0.05517578125,0.008238700567744672,0.3657756447792053,300.0,0.005358879,-0.004317157086916268,0.0002,0.572286069393158
229376,112,210,1089,-0.0008969544433057308,0.2,555,226.93485086,-25.597858428955078,0.0341796875,0.00854349029250443,0.3656584322452545,300.0,0.006375811,-0.002359428629279137,0.0002,0.6560611724853516
231424,113,212,1090,-0.004018508363515139,0.2,560,226.89564512999996,-25.585154056549072,0.08115234375,0.007417890639044344,0.36563000082969666,300.0,0.007648511,-0.005340031860396266,0.0002,0.6297745704650879
233472,114,214,1090,-0.005016964394599199,0.2,565,226.99375928999999,-25.582661437988282,0.06298828125,0.0076569005148485305,0.3656160533428192,300.0,0.003380155,-0.004339170921593904,0.0002,0.6501343250274658
235520,115,215,1090,-0.010090233758091927,0.2,570,226.47806288000004,-25.576280975341795,0.03984375,0.008115407754667103,0.3655271828174591,300.0,0.0042338874,-0.004180104983970523,0.0002,0.6215640306472778
237568,116,217,1090,0.01312766969203949,0.2,575,226.47806288000004,-25.562833309173584,0.06865234375,0.005661615822464228,0.3655168116092682,300.0,0.011969187,-0.0011159038753248752,0.0002,0.6640629768371582
239616,117,219,1090,0.0025042500346899033,0.2,580,228.19049971000004,-25.568993854522706,0.0564453125,0.007955954736098647,0.3655563294887543,300.0,0.004726085,-0.00423141501378268,0.0002,0.5538409352302551
241664,118,221,1089,-0.0038730036467313766,0.2,585,228.80686025,-25.568636226654053,0.01220703125,0.006512005277909338,0.36550965905189514,300.0,0.0026870056,-0.003003251925110817,0.0002,0.6521749496459961
243712,119,223,1088,-0.005143204238265753,0.2,590,228.79881523,-25.557338428497314,0.06708984375,0.005742940912023186,0.3654261529445648,300.0,0.0065542934,-0.0043461419409140944,0.0002,0.56427001953125
245760,120,226,1087,-0.008095718920230865,0.2,595,228.18414203,-25.545545768737792,0.04365234375,0.006940272892825306,0.36539337038993835,300.0,0.0058668433,-0.001755076425615698,0.0002,0.5600614547729492
247808,121,227,1087,-0.005139711778610945,0.2,600,227.53937199,-25.54591703414917,0.03857421875,0.006006426946260035,0.36543115973472595,300.0,0.0066242265,-0.0028379477094858884,0.0002,0.5415675640106201
249856,122,229,1088,-0.010992052964866161,0.2,605,227.57573401000002,-25.548072338104248,0.0564453125,0.0060283595230430365,0.36538898944854736,300.0,0.0060782875,-0.0026042805518954994,0.0002,0.5508226156234741
251904,123,231,1088,-0.00618401076644659,0.2,610,227.57573401000002,-25.536438846588133,0.13525390625,0.005056514986790717,0.3653198480606079,300.0,0.0112006,-0.0032304404769092796,0.0002,0.529781699180603
253952,124,233,1088,-0.006106263492256403,0.2,615,227.65551832999998,-25.528758335113526,0.05654296875,0.005483052530325949,0.36530056595802307,300.0,0.004756135,-0.002485596970655024,0.0002,0.5775914192199707
256000,125,235,1089,0.0013289866037666798,0.2,620,227.86209834,-25.524712467193602,0.0896484375,0.007527368678711355,0.3652673363685608,300.0,0.01247186,-0.0036568626877851785,0.0002,0.5386768579483032
258048,126,237,1088,-0.006873533129692078,0.2,625,227.83155553999998,-25.5224570274353,0.11220703125,0.006275514606386423,0.365284264087677,300.0,0.0070419507,-0.003420903068035841,0.0002,0.5473718047142029
260096,127,239,1086,-0.008343704044818878,0.2,630,226.48418297,-25.526812934875487,0.0498046875,0.008203176036477088,0.3653220236301422,300.0,0.0045227096,-0.0028266111854463815,0.0002,0.5830775499343872
262144,128,241,1083,-0.00723362248390913,0.2,635,225.59145429,-25.53195152282715,0.0595703125,0.011755290441215038,0.36533263325691223,300.0,0.009893902,-0.00452503846026957,0.0002,0.5964404344558716
264192,129,243,1083,-0.007753546349704266,0.2,640,225.60259799,-25.529115772247316,0.1205078125,0.009239468770101667,0.3652985095977783,300.0,0.008042319,-0.005619999067857861,0.0002,0.5465579032897949
266240,130,245,1082,-0.009092114865779877,0.2,645,225.60259799,-25.52496204376221,0.0685546875,0.005988366669043899,0.3652971684932709,300.0,0.010959023,-0.006057458929717541,0.0002,0.5803074836730957
268288,131,248,1081,-0.005938595626503229,0.2,650,225.04798189000005,-25.52656536102295,0.0849609375,0.006835886766202748,0.36530476808547974,300.0,0.008753788,-0.0042110946727916595,0.0002,0.528525710105896
270336,132,250,1078,-0.007391793187707663,0.2,655,226.22254943000004,-25.52661724090576,0.0482421875,0.006517219520173967,0.36528828740119934,300.0,0.003989179,-0.005851532507222146,0.0002,0.5728400945663452
272384,133,252,1078,-0.008495261892676353,0.2,660,225.77835036000005,-25.51976089477539,0.08037109375,0.010210452741011978,0.36521777510643005,300.0,0.010680174,-0.004583972902037203,0.0002,0.5993233919143677
274432,134,254,1078,-0.0023230332881212234,0.2,665,225.85211789000002,-25.50995225906372,0.04833984375,0.010817780531942845,0.3652089238166809,300.0,0.0072176675,-0.003591921750921756,0.0002,0.6245757341384888
276480,135,256,1078,0.0011204304173588753,0.2,670,227.19717904,-25.511855602264404,0.0857421875,0.010246861865743995,0.36523374915122986,300.0,0.010541562,-0.0016065561911091208,0.0002,0.5972557067871094
278528,136,258,1078,-0.003588578663766384,0.2,675,228.05744717999997,-25.51444854736328,0.049609375,0.007021961850114167,0.36523714661598206,300.0,0.008253137,-0.004660334018990397,0.0002,0.5525246858596802
280576,137,259,1079,-0.007910866290330887,0.2,680,228.05744717999997,-25.514489364624023,0.07578125,0.004435094888322055,0.3652307093143463,300.0,0.008740994,-0.004009596374817193,0.0002,0.5510786175727844
282624,138,261,1079,-0.012204287573695183,0.2,685,226.94384394000005,-25.510893154144288,0.05419921875,0.005218243668787181,0.3651953637599945,300.0,0.008064159,-0.004919835634063929,0.0002,0.5339698791503906
284672,139,264,1077,-0.005866361781954765,0.2,690,226.29148185000003,-25.498893451690673,0.09287109375,0.006438783276826144,0.36509016156196594,300.0,0.0086498605,-0.005627386714331805,0.0002,0.6158286929130554
286720,140,266,1077,0.031652942299842834,0.2,694,226.78131785999997,-25.483118311564127,0.12356770833333333,0.005632244671384494,0.3650360405445099,300.0,0.017872015,0.0004373700978855292,0.0002,0.6004317998886108
288768,141,268,1075,-0.01693429984152317,0.2,699,227.62616554,-25.473205375671387,0.11904296875,0.006697548436932266,0.3649474084377289,300.0,0.0074206893,-0.004864794737659395,0.0002,0.607155442237854
290816,142,270,1074,-0.007128455676138401,0.2,704,228.88007705999996,-25.457392978668214,0.0642578125,0.007636714051477611,0.36487695574760437,300.0,0.005288983,-0.003226583660580218,0.0002,0.6632993221282959
292864,143,272,1075,-0.005870373919606209,0.2,709,230.51351581999995,-25.451043605804443,0.0728515625,0.005523357866331935,0.3648761510848999,300.0,0.0064572054,-0.006692152097821235,0.0002,0.6175760626792908
294912,144,274,1076,0.003664960153400898,0.2,714,230.51351581999995,-25.449364566802977,0.09619140625,0.006100729084573686,0.36482852697372437,300.0,0.008705102,-0.004209338570944965,0.0002,0.5984674096107483
296960,145,275,1076,-0.012761573307216167,0.2,719,230.83923967,-25.43884105682373,0.08271484375,0.005767113203182817,0.3647841215133667,300.0,0.0052830623,-0.005849169311113655,0.0002,0.3060978651046753
299008,146,277,1077,-0.007925936952233315,0.2,724,230.29615187,-25.43454990386963,0.05537109375,0.007326340023428202,0.36476612091064453,300.0,0.0076989867,-0.006149174482561648,0.0002,0.6078689098358154
301056,147,279,1078,-0.0008723917417228222,0.2,729,230.86340482000003,-25.428569316864014,0.0892578125,0.007089581643231213,0.36471328139305115,300.0,0.010554297,-0.00391816864721477,0.0002,0.5490102171897888
303104,148,280,1079,0.0024019733536988497,0.2,734,230.78304805000005,-25.423191642761232,0.06943359375,0.005812264489941299,0.3647230565547943,300.0,0.009434214,-0.005534674995578826,0.0002,0.6221818923950195
305152,149,282,1079,-0.015968743711709976,0.2,739,230.36046534999997,-25.419843482971192,0.0412109375,0.0057626597350463275,0.3646446466445923,300.0,0.0056214263,-0.00486758544575423,0.0002,0.6324304342269897
307200,150,284,1079,-0.013875667005777359,0.2,744,230.0351379,-25.402287483215332,0.0701171875,0.008255253918468953,0.3645431399345398,300.0,0.0068686097,-0.0042241189628839495,0.0002,0.6220773458480835
309248,151,286,1080,-0.011265456676483154,0.2,749,230.0351379,-25.389105129241944,0.0783203125,0.007446385058574379,0.3644754886627197,300.0,0.008823929,-0.005468267016112804,0.0002,0.4511986970901489
311296,152,287,1081,-0.007226300425827503,0.2,754,230.75573133999995,-25.37618236541748,0.07734375,0.0051168461563065645,0.36439210176467896,300.0,0.008342295,-0.0030237264232710003,0.0002,0.5336055755615234
313344,153,289,1081,-0.007544683292508125,0.2,759,231.06250115999998,-25.363673782348634,0.13486328125,0.006144716078415513,0.36433112621307373,300.0,0.011257989,0.001378082949668169,0.0002,0.5557427406311035
315392,154,291,1082,-0.0019253261853009462,0.2,764,231.88021699,-25.349829483032227,0.1431640625,0.006974187935702503,0.3642294406890869,300.0,0.01172974,-0.0014127756236121058,0.0002,0.6064133644104004
317440,155,293,1082,0.0011973509099334478,0.2,769,230.98297798,-25.34052438735962,0.1009765625,0.006150252255611122,0.3642488420009613,300.0,0.008949572,-0.0040803653420880435,0.0002,0.6170545816421509
319488,156,295,1082,2.663722261786461e-05,0.2,774,231.41176019000002,-25.34477491378784,0.125,0.005125583941116929,0.36424967646598816,300.0,0.017107768,-0.0021438209107145665,0.0002,0.6142324209213257
321536,157,296,1083,-0.00672573409974575,0.2,779,231.41176019000002,-25.34150085449219,0.051171875,0.0058951119659468535,0.3642244040966034,300.0,0.0047260737,-0.003755621891468763,0.0002,0.4869456887245178
323584,158,297,1086,0.017663514241576195,0.2,781,231.51956056999998,-25.338561466762,0.107421875,0.006520552095025778,0.3642120361328125,300.0,0.022496602,0.0035404758527874947,0.0002,0.6023682355880737
325632,159,299,1087,-0.008405809290707111,0.2,786,231.01554208000002,-25.335088157653807,0.12822265625,0.008649646071717143,0.36418360471725464,300.0,0.009138241,-0.0012307749595493079,0.0002,0.5688222646713257
327680,160,301,1087,-0.0012494062539190054,0.2,791,230.93474409,-25.33542490005493,0.091796875,0.008006055676378309,0.3642411530017853,300.0,0.007689363,-0.0024577433709055186,0.0002,0.5229734182357788
329728,161,303,1088,-0.003966109361499548,0.2,796,229.41984309000003,-25.344384574890135,0.0720703125,0.006588144553825259,0.3642495572566986,300.0,0.0058183027,-0.003231569705531001,0.0002,0.5962742567062378
331776,162,304,1088,0.001108583528548479,0.2,801,230.69040381,-25.337456226348877,0.09951171875,0.007757876720279455,0.3641728460788727,300.0,0.009064827,-0.004198676161468029,0.0002,0.6087359189987183
333824,163,306,1088,-0.00043358514085412025,0.2,806,231.6763225,-25.32489824295044,0.0654296875,0.005891531310044229,0.36411145329475403,300.0,0.006889211,-0.003114036354236305,0.0002,0.5660265684127808
335872,164,308,1089,-0.010366168804466724,0.2,811,231.6763225,-25.322184467315672,0.05009765625,0.004801010037772358,0.36415866017341614,300.0,0.0071509336,-0.004228411987423897,0.0002,0.6046563386917114
337920,165,310,1089,-0.011967385187745094,0.2,816,231.57122093,-25.32793617248535,0.11494140625,0.005847417702898383,0.3641359508037567,300.0,0.006568644,-0.0013367276871576906,0.0002,0.453205406665802
339968,166,312,1089,-0.007263386622071266,0.2,821,231.29524651,-25.31753044128418,0.08076171875,0.009762855875305832,0.36405321955680847,300.0,0.008865298,-0.0046565680648200216,0.0002,0.5590245723724365
342016,167,314,1089,-0.012032570317387581,0.2,826,231.60883129,-25.306620597839355,0.0921875,0.009601224400103091,0.3640267252922058,300.0,0.0046519632,-0.006697287666611373,0.0002,0.6054248809814453
344064,168,315,1089,0.00037899287417531013,0.2,831,231.26235357999997,-25.3069730758667,0.09892578125,0.006474871281534433,0.36407217383384705,300.0,0.014183411,-0.004523549182340503,0.0002,0.575665295124054
346112,169,317,1088,-0.012246494181454182,0.2,836,232.14206567000002,-25.31528196334839,0.09375,0.0065894937608391045,0.36410993337631226,300.0,0.006209744,-0.0048555704997852445,0.0002,0.5976905822753906
348160,170,319,1088,-0.005783735308796167,0.2,841,231.41503627000003,-25.321231651306153,0.08388671875,0.007249104348011315,0.36414268612861633,300.0,0.004571369,-0.004042482003569603,0.0002,0.5934299230575562
350208,171,321,1088,-0.005452653393149376,0.2,846,231.41503627000003,-25.325374412536622,0.1283203125,0.0072308809263631705,0.36417296528816223,300.0,0.008299211,-0.002453442616388202,0.0002,0.47651243209838867
352256,172,323,1088,-0.00883893109858036,0.2,851,230.7782913,-25.326029300689697,0.12529296875,0.007336469693109393,0.3641405701637268,300.0,0.014389117,-0.006288138788659125,0.0002,0.6174453496932983
354304,173,326,1085,-0.008380603045225143,0.2,856,231.85388783,-25.3177282333374,0.07744140625,0.004918436123989523,0.36408892273902893,300.0,0.0061763884,-0.005333713698200881,0.0002,0.637389063835144
356352,174,328,1084,-0.004050339572131634,0.2,861,232.58537337,-25.312410640716553,0.09609375,0.004405672871507704,0.364077627658844,300.0,0.011095409,-0.007260008575394749,0.0002,0.6175619959831238
358400,175,330,1084,0.0047820801846683025,0.2,866,232.94781682,-25.311097240448,0.16806640625,0.006248830375261605,0.364078164100647,300.0,0.012680599,0.0031940715620294214,0.0002,0.6134693622589111
360448,176,332,1082,-0.015083186328411102,0.2,871,234.33721209000007,-25.314379596710204,0.09169921875,0.007835758454166352,0.3641076385974884,300.0,0.00792425,-0.004466535511892289,0.0002,0.619329571723938
362496,177,334,1082,-0.009439181536436081,0.2,876,233.49057764999998,-25.314793491363524,0.0939453125,0.005214238562621177,0.36407673358917236,300.0,0.0062814383,-0.004666886315681041,0.0002,0.5601301193237305
364544,178,336,1082,-0.0048246015794575214,0.2,881,233.49057764999998,-25.309953880310058,0.06318359375,0.005936927488073706,0.36407050490379333,300.0,0.003976578,-0.0033641229616478085,0.0002,0.670101523399353
366592,179,338,1083,-0.01154315285384655,0.2,886,234.31572903,-25.30618495941162,0.08759765625,0.006352706928737462,0.36400899291038513,300.0,0.011110273,-0.007373452512547373,0.0002,0.5460837483406067
368640,180,340,1084,-0.012682310305535793,0.2,891,233.52066928,-25.296172618865967,0.05224609375,0.008189718332141637,0.3639938533306122,300.0,0.0076446827,-0.005338858021423221,0.0002,0.655182957649231
370688,181,341,1084,-0.008563562296330929,0.2,896,233.07767522000003,-25.296806812286377,0.0935546875,0.008346802159212529,0.36399373412132263,300.0,0.005817227,-0.004856919404119253,0.0002,0.6394460797309875
372736,182,343,1084,-0.014971436932682991,0.2,901,232.30008731,-25.301382541656494,0.05673828125,0.008350335224531592,0.3640778958797455,300.0,0.0077394154,-0.005567819275893271,0.0002,0.6517308354377747
374784,183,345,1084,-0.005702751222997904,0.2,906,231.53182205000002,-25.313046169281005,0.08369140625,0.007527790428139269,0.36405885219573975,300.0,0.008576,-0.005445247452007607,0.0002,0.6516129970550537
376832,184,347,1084,0.0001518020872026682,0.2,911,230.22300277000002,-25.307296371459962,0.12001953125,0.006223262008279562,0.36406829953193665,300.0,0.008828847,-0.004708975716494024,0.0002,0.508872926235199
378880,185,349,1084,-0.011984115466475487,0.2,916,230.22300277000002,-25.302751064300537,0.07421875,0.004971062135882676,0.3639651834964752,300.0,0.0073722433,-0.006756059499457479,0.0002,0.3889017701148987
380928,186,351,1084,-0.008289971388876438,0.2,921,230.32139464999997,-25.282005310058594,0.08603515625,0.005679919361136853,0.36385828256607056,300.0,0.006273239,-0.005788142862729728,0.0002,0.47335386276245117
382976,187,353,1084,-0.008504618890583515,0.2,926,231.19885065,-25.264530754089357,0.06630859375,0.005944180628284812,0.36374953389167786,300.0,0.008746522,-0.0053708413382992145,0.0002,0.511732816696167
385024,188,354,1085,0.020642641931772232,0.2,930,231.69827689000002,-25.250771641731262,0.1217041015625,0.006027217023074627,0.3637182116508484,300.0,0.020001331,0.0012838456605095416,0.0002,0.5750280618667603
387072,189,356,1086,-0.013549364171922207,0.2,935,230.57721747000002,-25.248030853271484,0.0884765625,0.006774057610891759,0.363705039024353,300.0,0.01029939,-0.007621619128622114,0.0002,0.612429141998291
389120,190,358,1086,-0.0163227878510952,0.2,940,230.57695307000003,-25.24221353530884,0.11953125,0.006068800203502178,0.3636409342288971,300.0,0.01244653,-0.00819599039386958,0.0002,0.5049896836280823
391168,191,359,1087,-0.011201928369700909,0.2,945,230.57695307000003,-25.23230333328247,0.059375,0.006318924808874726,0.3635978102684021,300.0,0.0079536345,-0.006377687235362828,0.0002,0.4704069495201111
393216,192,361,1087,-0.019673850387334824,0.2,950,229.62354663,-25.225653648376465,0.05224609375,0.004634517291560769,0.3635614812374115,300.0,0.007385465,-0.006600106158293784,0.0002,0.5425589680671692
395264,193,363,1088,-0.011367480270564556,0.2,955,229.24657244,-25.21812696456909,0.08984375,0.005567458411678672,0.3635275661945343,300.0,0.0077260197,-0.004924274771474302,0.0002,0.5512738227844238
397312,194,365,1088,-0.0015697067137807608,0.2,960,228.84802223,-25.2158203125,0.05869140625,0.005731192510575056,0.36354124546051025,300.0,0.0089438865,-0.003104779147543013,0.0002,0.6176128387451172
399360,195,366,1088,-0.004281125031411648,0.2,965,229.8603785,-25.221084594726562,0.075,0.006940899207256735,0.36358916759490967,300.0,0.006999164,-0.0052131583448499445,0.0002,0.6037532091140747
401408,196,368,1089,-0.011064769700169563,0.2,970,230.10977659,-25.22503080368042,0.11396484375,0.006850518612191081,0.36355412006378174,300.0,0.010431641,-0.007832012441940605,0.0002,0.549508810043335
403456,197,370,1089,-0.003685864619910717,0.2,975,231.03189589000002,-25.21343650817871,0.11044921875,0.004737438005395234,0.3634817600250244,300.0,0.007868569,-0.006426133634522557,0.0002,0.6470356583595276
405504,198,371,1090,-0.009468106552958488,0.2,980,231.03189589000002,-25.20356979370117,0.10556640625,0.005245371186174452,0.3634377717971802,300.0,0.011873409,-0.004508416121825576,0.0002,0.6005127429962158
407552,199,373,1090,-0.010669060982763767,0.2,985,232.25016164000002,-25.19186134338379,0.1025390625,0.004090052621904761,0.3633142113685608,300.0,0.0073619722,-0.006249293079599738,0.0002,0.3391616940498352
409600,200,375,1090,0.0016948147676885128,0.2,990,231.51999945,-25.169785976409912,0.1056640625,0.0044393751653842625,0.3632170855998993,300.0,0.010731336,-0.007635267684236169,0.0002,0.5476632118225098
411648,201,377,1091,-0.0025334248784929514,0.2,995,230.94814176000003,-25.15922107696533,0.094921875,0.005902203288860619,0.3631902039051056,300.0,0.010293888,-0.004948600602801889,0.0002,0.5464235544204712
413696,202,378,1091,-0.018281426280736923,0.2,1000,230.78508265999997,-25.15626621246338,0.0849609375,0.007590855658054352,0.3631778657436371,300.0,0.0105778,-0.005958166695199907,0.0002,0.5518306493759155
415744,203,380,1092,-0.011428063735365868,0.2,1005,229.69707692000003,-25.15487403869629,0.0703125,0.0076407458866015075,0.36319929361343384,300.0,0.009098541,-0.005661822203546762,0.0002,0.5205769538879395
417792,204,382,1092,-0.009884543716907501,0.2,1010,229.68547489999997,-25.160747623443605,0.0607421875,0.008694711537100375,0.3632349371910095,300.0,0.007132672,-0.004822659771889448,0.0002,0.58769690990448
419840,205,384,1093,-0.003636713605374098,0.2,1015,229.68547489999997,-25.161066341400147,0.11533203125,0.007055945997126401,0.3631790280342102,300.0,0.008109969,-0.003687528194859624,0.0002,0.5693454742431641
421888,206,385,1093,-0.0073651596903800964,0.2,1020,229.54511197999997,-25.14783992767334,0.06669921875,0.005826724739745259,0.3631063401699066,300.0,0.005864068,-0.005015259585343301,0.0002,0.49648839235305786
423936,207,387,1094,-0.004103667568415403,0.2,1025,228.67581942,-25.135094738006593,0.09912109375,0.007724612113088369,0.3630094826221466,300.0,0.009362038,-0.0070355322328396145,0.0002,0.5774731636047363
425984,208,389,1094,5.333474837243557e-05,0.2,1030,227.87850026999996,-25.122500228881837,0.11513671875,0.006079413322731852,0.3629988431930542,300.0,0.010875173,-0.007231226214207709,0.0002,0.6261483430862427
428032,209,390,1095,-0.01082998514175415,0.2,1035,227.80950649000002,-25.12412338256836,0.09609375,0.008308811369352043,0.3629991412162781,300.0,0.008527127,-0.00781890661455691,0.0002,0.6501244306564331
430080,210,392,1095,-0.009088901802897453,0.2,1040,226.91253319999996,-25.125328159332277,0.0865234375,0.007331492751836777,0.3630349338054657,300.0,0.007896073,-0.0044909164891578255,0.0002,0.5912917852401733
432128,211,394,1096,-0.009082086384296417,0.2,1045,226.37278877999998,-25.12607421875,0.101171875,0.007244069734588266,0.36298128962516785,300.0,0.011112575,-0.009406756749376655,0.0002,0.6251279711723328
434176,212,395,1096,-0.0003754636272788048,0.2,1050,226.37278877999998,-25.114956283569335,0.09306640625,0.012743079056963324,0.3629317879676819,300.0,0.0075059677,-0.006174109829589725,0.0002,0.5893692970275879
436224,213,397,1097,-0.005007673986256123,0.2,1055,225.62637926,-25.10664300918579,0.0916015625,0.007065548258833587,0.362877756357193,300.0,0.0068689366,-0.005750348349101842,0.0002,0.6100934743881226
438272,214,399,1097,-0.01091086771339178,0.2,1060,226.41658091000002,-25.0907341003418,0.1173828125,0.005263275606557727,0.36274030804634094,300.0,0.012440734,-0.005388302379287779,0.0002,0.6072483658790588
440320,215,400,1098,-0.007326124701648951,0.2,1065,227.22669997999998,-25.072252655029295,0.08642578125,0.0048742929706349965,0.36270344257354736,300.0,0.008290479,-0.004767808457836508,0.0002,0.5832764506340027
442368,216,402,1097,-0.013420367613434792,0.2,1070,228.49241227000002,-25.071820163726805,0.11005859375,0.005971807288005948,0.36270788311958313,300.0,0.008738091,-0.006209124671295285,0.0002,0.6132488250732422
444416,217,404,1097,0.00158606912009418,0.2,1075,228.47376346000001,-25.074852180480956,0.13232421875,0.0058338669128715995,0.36278194189071655,300.0,0.01356017,-0.0016211890615522861,0.0002,0.6053220629692078
446464,218,406,1098,-0.015675032511353493,0.2,1080,228.67959831,-25.086948490142824,0.08154296875,0.0050439581274986265,0.36279961466789246,300.0,0.009367771,-0.0064969605300575495,0.0002,0.49334508180618286
448512,219,408,1098,-0.007929382845759392,0.2,1085,228.67959831,-25.09037666320801,0.06875,0.004538226407021284,0.3628673255443573,300.0,0.007368005,-0.007328718103235587,0.0002,0.3972398638725281
450560,220,410,1098,0.008006567135453224,0.2,1090,229.25631190000001,-25.093821144104005,0.0904296875,0.007141802809201181,0.36277851462364197,300.0,0.0077647297,-0.005696612410247326,0.0002,0.5307853817939758
452608,221,411,1100,0.0074142636731266975,0.2,1094,230.09610374999997,-25.07571678161621,0.12630208333333334,0.007005595881491899,0.3627258539199829,300.0,0.025625804,-0.0005488932443161805,0.0002,0.5824409127235413
454656,222,413,1099,0.0026955432258546352,0.2,1099,231.52952098000003,-25.07023687362671,0.07802734375,0.005458327545784414,0.3626824617385864,300.0,0.00921855,-0.007128338981419802,0.0002,0.5896707773208618
456704,223,416,1097,-0.004597701132297516,0.2,1104,232.33164089000002,-25.062049198150635,0.09609375,0.006238453765399754,0.36266300082206726,300.0,0.00812892,-0.0020226417575031517,0.0002,0.46336299180984497
458752,224,418,1096,-0.005375794600695372,0.2,1109,233.75674239000003,-25.0582633972168,0.1412109375,0.006038398086093366,0.3626149594783783,300.0,0.010474746,-0.0058662757277488705,0.0002,0.6021714806556702
460800,225,420,1097,-0.004740718752145767,0.2,1114,234.18620639,-25.050158977508545,0.1435546875,0.005265810107812285,0.3625986874103546,300.0,0.00677552,0.001637580757960677,0.0002,0.5620472431182861
462848,226,421,1097,0.005594467744231224,0.2,1119,234.18620639,-25.051306915283202,0.1115234375,0.008691525273025035,0.3626208007335663,300.0,0.009235703,-0.0049927196232602,0.0002,0.6329421997070312
464896,227,423,1097,-0.00547377485781908,0.2,1124,236.05205843999997,-25.05342264175415,0.07861328125,0.008028623135760426,0.3626098036766052,300.0,0.006276983,-0.006814448325894773,0.0002,0.661170482635498
466944,228,425,1098,-0.0076641906052827835,0.2,1129,235.72043985,-25.050521278381346,0.09150390625,0.010199081897735596,0.3626044988632202,300.0,0.008015215,-0.008150260872207582,0.0002,0.6587989926338196
468992,229,427,1097,-0.010820980183780193,0.2,1134,236.24634274,-25.043833255767822,0.10537109375,0.007951800851151348,0.36250272393226624,300.0,0.015085712,-0.007783250347711146,0.0002,0.5340385437011719
471040,230,429,1097,-0.009764885529875755,0.2,1139,235.07004921000004,-25.02410955429077,0.12060546875,0.006126090046018362,0.36238911747932434,300.0,0.006207975,-0.0012373016215860844,0.0002,0.6578601598739624
473088,231,431,1097,0.003926561214029789,0.2,1144,234.98730769000002,-25.00599126815796,0.09951171875,0.008568678330630065,0.3623015284538269,300.0,0.00994039,-0.005144203593954444,0.0002,0.6396604180335999
475136,232,432,1097,-0.010866429656744003,0.2,1149,234.98730769000002,-24.99137134552002,0.07080078125,0.008605509833432733,0.3622055649757385,300.0,0.005378931,-0.005414467328228057,0.0002,0.6211029291152954
477184,233,434,1097,0.006293956656008959,0.2,1154,235.38476204000003,-24.97434310913086,0.13515625,0.012753688590601086,0.36211875081062317,300.0,0.0127599565,-0.0024325007805600764,0.0002,0.5963427424430847
479232,234,436,1097,-0.009792332537472248,0.2,1159,237.14299833999996,-24.95910015106201,0.12890625,0.0070719494018703696,0.36200419068336487,300.0,0.006854536,-0.003741406323388219,0.0002,0.606788694858551
481280,235,438,1097,-0.014036983251571655,0.2,1164,236.29646633999997,-24.945508670806884,0.096875,0.007408361323177815,0.36200982332229614,300.0,0.006742166,-0.006225806521251797,0.0002,0.631739616394043
483328,236,440,1097,-0.00821336917579174,0.2,1169,235.71884583000002,-24.951160144805907,0.080859375,0.006077519105747342,0.3620377480983734,300.0,0.00883626,-0.0029558836249634624,0.0002,0.4627963900566101
485376,237,442,1098,-0.007710997015237808,0.2,1174,234.30379224,-24.9549352645874,0.09580078125,0.007129472680389881,0.3620513677597046,300.0,0.010041757,-0.005317326413933188,0.0002,0.5223520994186401
487424,238,443,1098,-0.011791667900979519,0.2,1179,234.02646718000003,-24.954282379150392,0.13388671875,0.008059909986332058,0.36203521490097046,300.0,0.008615419,-0.0030146494740620256,0.0002,0.6302050352096558
489472,239,445,1097,-0.012110230512917042,0.2,1184,234.02646718000003,-24.943923664093017,0.15048828125,0.008372099068947137,0.3619139790534973,300.0,0.010765143,-0.007702599745243788,0.0002,0.6938685178756714
491520,240,447,1098,-0.0051884157583117485,0.2,1189,230.68079208999998,-24.922734451293945,0.1095703125,0.007974914414808154,0.3618253171443939,300.0,0.01258296,-0.005757122114300728,0.0002,0.5784755945205688
493568,241,449,1098,-0.01054312288761139,0.2,1194,229.25959831,-24.911427211761474,0.07255859375,0.005050252098590136,0.36177006363868713,300.0,0.008951178,-0.006253876257687807,0.0002,0.6258394718170166
495616,242,451,1098,-0.01253062579780817,0.2,1199,228.20713748000003,-24.901614379882812,0.13173828125,0.0074952920898795124,0.3617050349712372,300.0,0.0129424315,-0.008578744670376181,0.0002,0.5844310522079468
497664,243,453,1098,-0.008042131550610065,0.2,1204,227.69437397999994,-24.89180278778076,0.0986328125,0.00797634890768677,0.36167338490486145,300.0,0.0079165045,-0.003540390683338046,0.0002,0.6845641136169434
499712,244,454,1098,-0.020828083157539368,0.2,1209,228.83648884,-24.887551403045656,0.090234375,0.008688715170137584,0.3616505563259125,300.0,0.0070622573,-0.007708111242391169,0.0002,0.700320839881897
501760,245,456,1098,-0.008382492698729038,0.2,1214,227.78615908000003,-24.886111736297607,0.12763671875,0.007172579411417246,0.3616774082183838,300.0,0.011450765,-0.005466465163044632,0.0002,0.6531331539154053
503808,246,458,1098,-0.00845339149236679,0.2,1219,227.78615908000003,-24.891861820220946,0.06259765625,0.010645541921257972,0.36170056462287903,300.0,0.0071691573,-0.005495218932628632,0.0002,0.6603297591209412
505856,247,460,1098,-0.012372070923447609,0.2,1224,226.65709054,-24.89725570678711,0.0921875,0.005301440751645714,0.36176446080207825,300.0,0.009469187,-0.006074410257861018,0.0002,0.4394143223762512
507904,248,462,1098,-0.013132808730006218,0.2,1229,227.26646502,-24.908342933654787,0.0728515625,0.003939687833189964,0.3618171811103821,300.0,0.007689982,-0.006008954392746091,0.0002,0.4954555034637451
509952,249,464,1097,-0.012613287195563316,0.2,1234,226.19010895000002,-24.90894660949707,0.08310546875,0.0060114542255178096,0.3617435693740845,300.0,0.0068424055,-0.005464735790155828,0.0002,0.6242516040802002
512000,250,466,1097,-0.0050666010938584805,0.2,1239,225.99757827000002,-24.892230606079103,0.08916015625,0.007112397789023816,0.36166253685951233,300.0,0.0075924154,-0.007092012860812247,0.0002,0.6137688159942627
514048,251,468,1097,-0.013854088261723518,0.2,1244,227.26307583999994,-24.88803310394287,0.09892578125,0.007365327514708042,0.36168786883354187,300.0,0.0129235005,-0.00573461577296257,0.0002,0.5971485376358032
516096,252,470,1097,-0.018732476979494095,0.2,1249,226.13163094,-24.88844223022461,0.05078125,0.005923439748585224,0.36163005232810974,300.0,0.0071321577,-0.005463315593078733,0.0002,0.6813992261886597
518144,253,471,1098,-0.014957454986870289,0.2,1254,226.13163094,-24.869410228729247,0.11533203125,0.007731402502395212,0.3614947497844696,300.0,0.010759737,-0.004325202340260148,0.0002,0.6150741577148438
520192,254,473,1098,-0.016583288088440895,0.2,1259,227.94261357,-24.854535484313963,0.148828125,0.006180956237949431,0.3614767789840698,300.0,0.008264225,-0.005260911141522229,0.0002,0.6161343455314636
522240,255,475,1098,-0.013473715633153915,0.2,1264,229.38837103999998,-24.854090023040772,0.1068359375,0.00612171997781843,0.36147141456604004,300.0,0.012681987,-0.006980567588470876,0.0002,0.6246002316474915
524288,256,477,1098,-0.01750556379556656,0.2,1269,229.87535069,-24.84707431793213,0.13173828125,0.006726264697499573,0.3613991141319275,300.0,0.008961353,-0.010496493987739086,0.0002,0.5795935392379761
526336,257,479,1098,-0.013506349176168442,0.2,1274,230.33027528,-24.83758478164673,0.08037109375,0.0077084474032744765,0.36139947175979614,300.0,0.0069938162,-0.0070113511988893155,0.0002,0.5021486282348633
528384,258,480,1098,-0.0060102324932813644,0.2,1279,229.92570092999998,-24.844606590270995,0.0818359375,0.008251978433690965,0.3614658713340759,300.0,0.006442729,-0.003678026213310659,0.0002,0.575275182723999
530432,259,482,1098,-0.006139388773590326,0.2,1284,228.94067149999998,-24.855168628692628,0.097265625,0.007698431727476418,0.3615048825740814,300.0,0.011174276,-0.004772037779912352,0.0002,0.5951880216598511
532480,260,484,1098,-0.01114366389811039,0.2,1289,228.94067149999998,-24.86133680343628,0.077734375,0.007714587240479886,0.36154600977897644,300.0,0.010440123,-0.005705201812088489,0.0002,0.5354331731796265
534528,261,487,1096,-0.009340314194560051,0.2,1294,229.08995250999996,-24.866815948486327,0.1109375,0.006183946062810719,0.36154213547706604,300.0,0.0073881005,-0.0027362490771338345,0.0002,0.5752444863319397
536576,262,491,1092,-0.018314551562070847,0.2,1299,228.63698110999997,-24.859994220733643,0.09765625,0.005636933026835322,0.3614875376224518,300.0,0.009581582,-0.007944152131676674,0.0002,0.5645005106925964
538624,263,493,1091,-0.0031843329779803753,0.2,1304,229.57310239000003,-24.851264095306398,0.11943359375,0.004172525450121612,0.36144503951072693,300.0,0.013339097,-0.003916068561375141,0.0002,0.5987133979797363
540672,264,495,1091,-0.0007828525267541409,0.2,1309,230.82835096,-24.841755199432374,0.08515625,0.005735053983516991,0.3613434433937073,300.0,0.009773615,-0.008866856107488275,0.0002,0.6442925930023193
542720,265,497,1090,-0.011943357065320015,0.2,1314,230.28424583,-24.831687355041502,0.08447265625,0.00794528352562338,0.361382395029068,300.0,0.007917263,-0.004813163820654154,0.0002,0.5950977802276611
544768,266,499,1090,-0.003509130794554949,0.2,1319,230.28424583,-24.838277053833007,0.07275390625,0.006265221582725644,0.3613554835319519,300.0,0.007823305,-0.005027592927217483,0.0002,0.6688518524169922
546816,267,501,1090,-0.00669521652162075,0.2,1324,229.15936908,-24.834022331237794,0.07734375,0.009070883365347981,0.3613883852958679,300.0,0.005908523,-0.006275687273591757,0.0002,0.5891691446304321
548864,268,503,1090,-0.012272598221898079,0.2,1329,230.45821481,-24.840007019042968,0.075,0.0057587465038523074,0.36140164732933044,300.0,0.009622587,-0.007601523771882057,0.0002,0.5550404787063599
550912,269,505,1090,-0.004310230724513531,0.2,1334,231.68803857999998,-24.83462800979614,0.108203125,0.007450943393632769,0.36132705211639404,300.0,0.009759787,-0.006081544701009989,0.0002,0.655426025390625
552960,270,506,1090,-0.012276893481612206,0.2,1339,232.45622107000003,-24.82140703201294,0.07265625,0.006251383339986205,0.36127471923828125,300.0,0.0073295343,-0.0042471081716939805,0.0002,0.48937779664993286
555008,271,508,1090,-0.0007002092897891998,0.2,1344,231.05059929999996,-24.814782524108885,0.12001953125,0.006827032449655235,0.36125680804252625,300.0,0.009287451,-0.0027931384975090623,0.0002,0.5706204175949097
557056,272,511,1090,-0.016641667112708092,0.2,1349,232.99487206,-24.81215810775757,0.09970703125,0.00812444263137877,0.3612125813961029,300.0,0.011667099,-0.008142593735828995,0.0002,0.6094471216201782
559104,273,511,1092,0.028840428218245506,0.2,1350,232.99487206,-24.805127143859863,0.21142578125,0.0071069864789023995,0.36119577288627625,300.0,0.01628581,0.007584534585475922,0.0002,0.5942279100418091
561152,274,513,1092,-0.010839315131306648,0.2,1355,233.88907246000002,-24.800401401519775,0.0935546875,0.007391115115024149,0.3611805737018585,300.0,0.0071298806,-0.0042917361250147225,0.0002,0.5780990719795227
563200,275,515,1092,-0.014562306925654411,0.2,1360,234.54132622999995,-24.800000762939455,0.0841796875,0.0063002158654853705,0.36115387082099915,300.0,0.0074224966,-0.008461565454490482,0.0002,0.5495946407318115
565248,276,517,1092,-0.002951844595372677,0.2,1365,236.12576864000002,-24.78899440765381,0.133984375,0.005371385696344077,0.36107248067855835,300.0,0.01478385,-0.005511700350325555,0.0002,0.4869464635848999
567296,277,519,1091,6.554927676916122e-05,0.2,1370,235.6395285,-24.777948570251464,0.1208984375,0.005448820907622576,0.36103513836860657,300.0,0.010175085,-0.001724714203737676,0.0002,0.5508056879043579
569344,278,521,1091,-0.009779435582458973,0.2,1375,236.17123314000003,-24.77315969467163,0.173828125,0.006031764089129865,0.3610117435455322,300.0,0.014085101,-0.001202638610266149,0.0002,0.5651675462722778
571392,279,523,1091,-0.01374315656721592,0.2,1380,236.61397896000003,-24.77015886306763,0.13291015625,0.005948356539011002,0.36100825667381287,300.0,0.00990935,-0.006633515143767,0.0002,0.569390058517456
573440,280,525,1091,0.004906711168587208,0.2,1385,236.61397896000003,-24.773245525360107,0.1125,0.004620195273309946,0.3610420227050781,300.0,0.008943146,-0.006946446490474045,0.0002,0.5330833196640015
575488,281,526,1092,-0.006922329775989056,0.2,1390,236.78776118000005,-24.77886323928833,0.1134765625,0.00888460297137499,0.36108678579330444,300.0,0.010318228,-0.010087594762444497,0.0002,0.5861090421676636
577536,282,528,1092,-0.01507571991533041,0.2,1395,235.91071384999998,-24.781316661834715,0.07119140625,0.00800938594620675,0.3610342741012573,300.0,0.007430254,-0.008839910035021603,0.0002,0.6540877223014832
579584,283,530,1092,-0.0009485341142863035,0.2,1400,234.19892414999998,-24.76403570175171,0.0697265625,0.006985527649521828,0.3609158992767334,300.0,0.008157913,-0.008045006496831774,0.0002,0.5825939774513245
581632,284,532,1093,-0.01625460758805275,0.2,1405,234.46862000999997,-24.748400115966795,0.11689453125,0.004608726827427745,0.36087387800216675,300.0,0.010771928,-0.009612885559909046,0.0002,0.5461480617523193
583680,285,533,1093,-0.021816467866301537,0.2,1410,235.28305299,-24.744248580932616,0.1515625,0.005649770493619144,0.3608573079109192,300.0,0.0070096157,-0.006358059402555227,0.0002,0.5688314437866211
585728,286,535,1094,-0.007366510573774576,0.2,1415,234.15657159999995,-24.744750213623046,0.101171875,0.006894413661211729,0.36088818311691284,300.0,0.009301653,-0.00750341136008501,0.0002,0.5730316638946533
587776,287,536,1094,-0.00887456163764,0.2,1420,234.15657159999995,-24.744758701324464,0.090625,0.007614229829050601,0.3608457148075104,300.0,0.0065913936,-0.006205302313901484,0.0002,0.6364150047302246
589824,288,538,1094,-0.014718873426318169,0.2,1425,234.42274907000004,-24.738177871704103,0.11513671875,0.007365032099187374,0.36082980036735535,300.0,0.01003937,-0.008636912051588296,0.0002,0.4609295129776001
591872,289,540,1094,-0.0016594084445387125,0.2,1430,233.55776870000003,-24.730057048797608,0.08115234375,0.0068028501467779275,0.3607349991798401,300.0,0.009763506,-0.005013538140337915,0.0002,0.6353671550750732
593920,290,542,1095,-0.011099936440587044,0.2,1435,234.02830039000008,-24.71481637954712,0.0974609375,0.007103435951285065,0.3606835603713989,300.0,0.010076482,-0.007156163384206593,0.0002,0.5610880851745605
595968,291,544,1094,-0.0194464810192585,0.2,1440,233.4330096,-24.70855360031128,0.122265625,0.007615794171579182,0.3606613576412201,300.0,0.0094437655,-0.0075841283542104065,0.0002,0.5764156579971313
598016,292,546,1094,-0.008560076355934143,0.2,1445,233.03015327999995,-24.701952266693116,0.12744140625,0.007022682297974825,0.3605917990207672,300.0,0.009880227,-0.004674310702830553,0.0002,0.6152580976486206
600064,293,548,1093,-0.006486901547759771,0.2,1450,233.12085153,-24.68545207977295,0.1326171875,0.007360045611858368,0.3604830503463745,300.0,0.0064749015,-0.0017588110640645027,0.0002,0.5952986478805542
602112,294,550,1092,0.007943440228700638,0.2,1455,233.12085153,-24.664876651763915,0.0857421875,0.007063182652927935,0.3603419065475464,300.0,0.009670411,-0.001335226692026481,0.0002,0.5998647212982178
604160,295,553,1092,-0.00939941219985485,0.2,1460,233.00485033999996,-24.64551477432251,0.10791015625,0.007693035551346839,0.36027655005455017,300.0,0.009779291,-0.007459108904004097,0.0002,0.6550695300102234
606208,296,554,1092,0.0005562389269471169,0.2,1465,233.82947350000003,-24.634815311431886,0.09814453125,0.013026512181386351,0.36020150780677795,300.0,0.0066428473,-0.0053820529952645305,0.0002,0.654930830001831
608256,297,557,1092,0.004970557056367397,0.2,1470,234.39370857000006,-24.621568965911866,0.1216796875,0.010687770694494248,0.3601418733596802,300.0,0.013117706,-0.008514951542019844,0.0002,0.5626760721206665
610304,298,559,1090,-0.00597468763589859,0.2,1475,233.17745283000005,-24.613651180267333,0.0732421875,0.00822837045416236,0.360120952129364,300.0,0.0066987914,-0.004271090100519359,0.0002,0.57054203748703
612352,299,561,1089,-0.01037781685590744,0.2,1480,232.43082314,-24.611777114868165,0.08564453125,0.008123987889848649,0.36010825634002686,300.0,0.0072135003,-0.005749342101626098,0.0002,0.6510186195373535
614400,300,564,1089,-0.010202473029494286,0.2,1485,232.22543845999996,-24.610588359832764,0.13671875,0.008108753548003732,0.3601180613040924,300.0,0.015905455,-0.008513179863803089,0.0002,0.6404619812965393
616448,301,566,1088,-0.00516024325042963,0.2,1490,232.22543845999996,-24.613243293762206,0.1091796875,0.008014876884408296,0.36013564467430115,300.0,0.010862187,-0.005518086371012032,0.0002,0.6682190895080566
618496,302,568,1088,-0.009095856919884682,0.2,1495,232.13836930000002,-24.61840686798096,0.12080078125,0.0062437932007014755,0.36016857624053955,300.0,0.0093841795,-0.008411822281777859,0.0002,0.6085668802261353
620544,303,570,1087,-0.0004610177129507065,0.2,1500,231.73159289999995,-24.61690225601196,0.1205078125,0.0057911538984626535,0.36010995507240295,300.0,0.012033312,-0.00800816596020013,0.0002,0.6204385757446289
622592,304,572,1086,-0.005194985307753086,0.2,1505,230.55381904,-24.607938289642334,0.11982421875,0.007355700084008277,0.3600752353668213,300.0,0.010796052,-0.0069312115898355845,0.0002,0.619928240776062
624640,305,574,1086,-0.01118435524404049,0.2,1510,231.35006252,-24.599162101745605,0.122265625,0.007172097801230848,0.35998547077178955,300.0,0.013023797,-0.006402010913006961,0.0002,0.651870608329773
626688,306,576,1086,-0.006944290362298489,0.2,1515,232.82230719999998,-24.580740547180177,0.0962890625,0.00679670455865562,0.3598746657371521,300.0,0.0115564335,-0.0071911870036274195,0.0002,0.6691065430641174
628736,307,578,1086,-0.005650099366903305,0.2,1520,232.82230719999998,-24.56564931869507,0.12158203125,0.010483314422890544,0.3598243296146393,300.0,0.010728044,-0.004521975445095449,0.0002,0.6657125949859619
630784,308,580,1087,-0.006921535823494196,0.2,1525,232.82970891000002,-24.561934089660646,0.10966796875,0.010933861089870333,0.35983145236968994,300.0,0.0102725215,-0.007003304071258753,0.0002,0.6069049835205078
632832,309,582,1087,-0.004059482831507921,0.2,1530,232.4908201,-24.564253330230713,0.10068359375,0.006517155072651803,0.3598501682281494,300.0,0.009755883,-0.003957303008064628,0.0002,0.49342483282089233
634880,310,583,1087,-0.018421778455376625,0.2,1535,232.29143355,-24.569166088104247,0.13203125,0.004232489340938628,0.35988572239875793,300.0,0.009243449,-0.0026374712120741605,0.0002,0.5316592454910278
636928,311,585,1087,-0.0076357098296284676,0.2,1540,233.63925865999994,-24.572264385223388,0.10791015625,0.006046569277532399,0.35990020632743835,300.0,0.009923978,-0.0033226353349164127,0.0002,0.6221704483032227
638976,312,587,1087,0.0012805461883544922,0.2,1545,234.26284805,-24.575652599334717,0.14072265625,0.007856876286678017,0.3599177598953247,300.0,0.014050113,-0.008058445062488317,0.0002,0.6936752796173096
641024,313,589,1087,-0.0037153088487684727,0.2,1550,234.18684494,-24.576165103912352,0.09365234375,0.009567355690523981,0.35990002751350403,300.0,0.010654404,-0.006813114846590906,0.0002,0.5310930013656616
643072,314,591,1087,-0.009934326633810997,0.2,1555,234.18684494,-24.574991321563722,0.080859375,0.008109795162454247,0.3599306344985962,300.0,0.0071377605,-0.006034150766208768,0.0002,0.6496967673301697
645120,315,592,1087,-0.00745026208460331,0.2,1560,236.15432885,-24.586457633972167,0.08203125,0.00900947900954634,0.36002346873283386,300.0,0.010222165,-0.006050091667566449,0.0002,0.6441433429718018
647168,316,594,1088,-0.00021140160970389843,0.2,1565,236.25641017,-24.602144241333008,0.12197265625,0.006696002744138241,0.36011961102485657,300.0,0.010573909,-0.006888113950844854,0.0002,0.6519962549209595
649216,317,596,1088,-0.006404318381100893,0.2,1570,236.90560793999998,-24.605172061920165,0.10380859375,0.0060831014532595875,0.36000335216522217,300.0,0.011531375,-0.009472185582853853,0.0002,0.5533521771430969
651264,318,597,1089,0.016806596890091896,0.2,1574,238.32665462999998,-24.586189133780344,0.19321986607142858,0.0075832510899220195,0.35996195673942566,300.0,0.031203285,-0.00042390081632350175,0.0002,0.6227016448974609
653312,319,599,1089,-0.004784422926604748,0.2,1579,237.86049282000005,-24.581466579437254,0.103125,0.01243755123578012,0.35992035269737244,300.0,0.008134781,-0.005731991631910205,0.0002,0.6430728435516357
655360,320,601,1089,-0.004820550326257944,0.2,1584,237.76679092999998,-24.574451446533203,0.14150390625,0.01263729427009821,0.3598955571651459,300.0,0.012421224,-0.004065069020725787,0.0002,0.6399182081222534
657408,321,603,1090,-0.013493797741830349,0.2,1589,237.76679092999998,-24.57035894393921,0.09013671875,0.006313867424614728,0.35985416173934937,300.0,0.0065228865,-0.00639154443051666,0.0002,0.571610152721405
659456,322,604,1090,-0.021269474178552628,0.2,1594,237.2947229,-24.563286113739014,0.091015625,0.006072339974343777,0.3598144054412842,300.0,0.010531098,-0.007076525106094777,0.0002,0.5191706418991089
661504,323,606,1090,-0.005503603257238865,0.2,1599,237.10676054000004,-24.55947666168213,0.1771484375,0.00854993173852563,0.35983195900917053,300.0,0.010445207,-0.0006366880610585212,0.0002,0.5354727506637573
663552,324,608,1090,-0.0081127705052495,0.2,1604,237.0368137,-24.56567029953003,0.069140625,0.005631826724857092,0.35985511541366577,300.0,0.008254902,-0.0075630420353263615,0.0002,0.6533786058425903
665600,325,610,1090,-0.0012973411940038204,0.2,1609,236.6896093,-24.562651538848876,0.10283203125,0.004261885886080563,0.3597869873046875,300.0,0.009381441,-0.0029275316512212156,0.0002,0.6429845094680786
667648,326,612,1090,-0.004755713511258364,0.2,1614,235.45750923999995,-24.552135467529297,0.17978515625,0.00540906204842031,0.35975420475006104,300.0,0.0090194605,0.0024974049534648656,0.0002,0.592883825302124
669696,327,614,1090,-0.0181391853839159,0.2,1619,235.5836725,-24.551904582977294,0.12265625,0.004775378061458469,0.3597807288169861,300.0,0.009237558,-0.003417222620919347,0.0002,0.5408669710159302
671744,328,614,1092,0.04283184930682182,0.2,1620,235.5836725,-24.554864406585693,0.19482421875,0.006767199141904712,0.3597826659679413,300.0,0.014948563,0.01772921672090888,0.0002,0.6373729705810547
673792,329,616,1092,-0.01674940437078476,0.2,1625,235.37053858,-24.55484437942505,0.132421875,0.004833243764005601,0.35977619886398315,300.0,0.010872245,-0.00689158565364778,0.0002,0.6013340950012207
675840,330,619,1090,-0.006227411329746246,0.2,1630,234.53623325000004,-24.558746528625488,0.11455078125,0.0066134238615632055,0.3598295748233795,300.0,0.011752432,-0.006823517289012671,0.0002,0.6033163070678711
677888,331,621,1090,-0.0025941994972527027,0.2,1635,234.61265350000005,-24.568976974487306,0.12958984375,0.007375178136862814,0.35986587405204773,300.0,0.0147394445,-0.004616964340675623,0.0002,0.6539499759674072
679936,332,624,1089,-0.01609088107943535,0.2,1640,232.98637782000003,-24.571387195587157,0.1015625,0.006922186352312565,0.35986706614494324,300.0,0.009680329,-0.00759859518148005,0.0002,0.6421077251434326
681984,333,626,1089,-0.015846747905015945,0.2,1645,234.07964691999993,-24.572111129760742,0.14287109375,0.007637443719431758,0.3598756790161133,300.0,0.014600445,-0.005197062948718667,0.0002,0.5322075486183167
684032,334,628,1089,-0.015826741233468056,0.2,1650,232.63866097000002,-24.574104976654052,0.14931640625,0.006903570052236319,0.3598950207233429,300.0,0.006640355,-0.004321053018793463,0.0002,0.6418282985687256
686080,335,630,1088,-0.010129966773092747,0.2,1655,232.63866097000002,-24.569535160064696,0.0978515625,0.009562307479791343,0.3598058521747589,300.0,0.009081578,-0.007632605324033648,0.0002,0.5563545227050781
688128,336,631,1089,-0.0018108810763806105,0.2,1660,232.18902364000002,-24.554892826080323,0.1142578125,0.007402244745753706,0.3597494065761566,300.0,0.010529099,-0.00437945278827101,0.0002,0.6072792410850525
690176,337,633,1089,0.002148311585187912,0.2,1665,232.13562392000003,-24.547569465637206,0.12783203125,0.007742081442847848,0.35970982909202576,300.0,0.014711656,-0.006801482802256942,0.0002,0.4797893166542053
692224,338,635,1089,-0.011356684379279613,0.2,1670,232.18272349000003,-24.541781997680665,0.162890625,0.007538674515672028,0.3596983551979065,300.0,0.0154152075,-0.00605503807310015,0.0002,0.49995487928390503
694272,339,636,1090,-0.019083430990576744,0.2,1675,232.09310118000002,-24.533294582366942,0.11044921875,0.005986707494594156,0.35957393050193787,300.0,0.012839298,-0.007978650461882352,0.0002,0.5017602443695068
696320,340,638,1090,0.0013006615918129683,0.2,1680,233.41992492,-24.511368465423583,0.09501953125,0.005549471476115286,0.35949718952178955,300.0,0.0077981288,-0.003210596018470824,0.0002,0.5747223496437073
698368,341,640,1090,-0.012965992093086243,0.2,1685,233.41992492,-24.50310411453247,0.13798828125,0.006132374377921223,0.35944539308547974,300.0,0.013354033,-0.005143559072166681,0.0002,0.6541063785552979
700416,342,642,1090,-0.00978414248675108,0.2,1690,234.84551608,-24.489179420471192,0.10556640625,0.00947858700528741,0.35932275652885437,300.0,0.014942229,-0.006942336191423237,0.0002,0.533629298210144
702464,343,643,1090,-0.010558603331446648,0.2,1695,234.79005832,-24.468800926208495,0.13671875,0.0058923856355249885,0.359250009059906,300.0,0.010806009,-0.005926936271134764,0.0002,0.5071743726730347
704512,344,645,1091,-0.0018161125481128693,0.2,1700,234.96857607999993,-24.45777816772461,0.108203125,0.011554030701518059,0.35916975140571594,300.0,0.010804865,-0.005128284031525254,0.0002,0.5911142826080322
706560,345,647,1091,-0.013920089229941368,0.2,1705,234.32265594999998,-24.442881870269776,0.13046875,0.009994569048285485,0.3591042459011078,300.0,0.010853216,-0.00890841803047806,0.0002,0.6484187841415405
708608,346,648,1092,0.006096024066209793,0.2,1709,234.69063416999998,-24.435203007289342,0.17061941964285715,0.008644853385963611,0.3590647578239441,300.0,0.026966456,-0.0020201114738093956,0.0002,0.588009238243103
710656,347,650,1091,0.010533865541219711,0.2,1714,235.19410549,-24.42598361968994,0.1181640625,0.006851518829353154,0.358993262052536,300.0,0.0154701,-0.004985630791634321,0.0002,0.558098316192627
712704,348,653,1090,-0.014031756669282913,0.2,1719,235.19410549,-24.410910892486573,0.15283203125,0.007810385362245142,0.3588773012161255,300.0,0.016203642,-0.005761337326839566,0.0002,0.6494449377059937
714752,349,655,1090,-0.0033496422693133354,0.2,1724,237.28861887,-24.390926456451417,0.12744140625,0.010514401458203792,0.35878875851631165,300.0,0.008060956,-0.0040219158865511416,0.0002,0.5809177756309509
716800,350,656,1091,-0.006696763914078474,0.2,1729,238.18681552,-24.38134355545044,0.1236328125,0.008117163600400091,0.3587377071380615,300.0,0.010833876,-0.006596868252381682,0.0002,0.5185985565185547
718848,351,658,1091,-0.0134529247879982,0.2,1734,238.13385753999998,-24.376920413970947,0.094921875,0.008105621812865138,0.35877716541290283,300.0,0.010815184,-0.007769094221293927,0.0002,0.6421972513198853
720896,352,660,1091,-0.013666978105902672,0.2,1739,237.83883570000006,-24.374597549438477,0.129296875,0.007745895767584443,0.35865065455436707,300.0,0.016744837,-0.010483008855953813,0.0002,0.5991249084472656
722944,353,662,1091,0.0011493014171719551,0.2,1744,237.18623192999996,-24.349529838562013,0.176171875,0.007865893188863993,0.35853809118270874,300.0,0.017006636,-0.0008489110507071019,0.0002,0.54790198802948
724992,354,664,1091,0.0002618462312966585,0.2,1749,237.36091933000003,-24.342323875427248,0.10830078125,0.005845589004456997,0.3585905134677887,300.0,0.015656656,-0.0041989804012700915,0.0002,0.47558140754699707
727040,355,666,1090,-0.013416273519396782,0.2,1754,237.36091933000003,-24.352074337005615,0.1205078125,0.007385744480416179,0.35860753059387207,300.0,0.009738697,-0.003675710340030491,0.0002,0.6392370462417603
729088,356,668,1090,-0.0015270744916051626,0.2,1759,236.12556816,-24.35551691055298,0.16337890625,0.005746477469801903,0.3586464822292328,300.0,0.014053335,-0.005844295991118997,0.0002,0.5453773736953735
731136,357,671,1089,-0.004607048816978931,0.2,1764,236.04042826,-24.357215404510498,0.12119140625,0.007863914011977613,0.3586205840110779,300.0,0.013657849,-0.006905241985805333,0.0002,0.49289005994796753
733184,358,673,1089,-0.0005008007865399122,0.2,1769,235.91969701000005,-24.356308301289875,0.15234375,0.006672048811904258,0.3586609661579132,300.0,0.026398059,-0.0036678821521086823,0.0002,0.5974502563476562
735232,359,675,1089,-0.007518090307712555,0.2,1774,234.78250298999998,-24.37016773223877,0.11640625,0.008103086426854134,0.35876303911209106,300.0,0.008210374,-0.007664612983353436,0.0002,0.5986868143081665
737280,360,677,1088,-0.012843077071011066,0.2,1779,234.07710809000002,-24.3781307220459,0.128125,0.006847861781716346,0.35874179005622864,300.0,0.009560146,-0.01009017217438668,0.0002,0.5626232624053955
739328,361,679,1088,-0.008509695529937744,0.2,1784,233.76005715000002,-24.36919174194336,0.11796875,0.006412041978910566,0.3586752414703369,300.0,0.013049375,-0.00903123354073614,0.0002,0.5535379648208618
741376,362,681,1088,-0.016441231593489647,0.2,1789,233.76005715000002,-24.358759021759035,0.16181640625,0.005248116375878453,0.3586278557777405,300.0,0.0074023753,-0.004635472572408617,0.0002,0.5179157257080078
743424,363,683,1088,-0.0077607580460608006,0.2,1794,232.64656938000007,-24.34797077178955,0.080078125,0.005096930195577443,0.3585353493690491,300.0,0.009104459,-0.006832656217738986,0.0002,0.43727922439575195
745472,364,685,1087,-0.011110625229775906,0.2,1799,232.68029087,-24.337456035614014,0.17626953125,0.008245446672663092,0.3585343658924103,300.0,0.010912765,-0.0021146241575479507,0.0002,0.6214427947998047
747520,365,687,1087,0.003584296442568302,0.2,1804,231.44516577,-24.336386299133302,0.15859375,0.006600033538416028,0.3584962785243988,300.0,0.010956767,-0.0016434268094599248,0.0002,0.6481057405471802
749568,366,689,1087,-0.005814479663968086,0.2,1809,232.49289832000002,-24.329396343231203,0.12041015625,0.007424026471562683,0.3584735095500946,300.0,0.011166111,-0.007759586977772415,0.0002,0.5763726234436035
751616,367,691,1086,-0.005536473356187344,0.2,1814,232.33494507000003,-24.32639799118042,0.13720703125,0.006355571490712464,0.35844331979751587,300.0,0.011828197,-0.0068710661260411145,0.0002,0.5479620695114136
753664,368,693,1086,-0.012474175542593002,0.2,1819,232.58162374,-24.322901344299318,0.0953125,0.006838998128660023,0.3584531843662262,300.0,0.0065382873,-0.006528085144236684,0.0002,0.5330434441566467
755712,369,695,1086,-0.012946788221597672,0.2,1824,232.58162374,-24.325137996673583,0.10234375,0.00701063028536737,0.35845890641212463,300.0,0.009352967,-0.007804016419686377,0.0002,0.5031020641326904
757760,370,697,1086,-0.01414191909134388,0.2,1829,231.5688583,-24.32508602142334,0.120703125,0.005995878810063004,0.3584496080875397,300.0,0.008844702,-0.0070225544273853305,0.0002,0.439034104347229
759808,371,699,1085,-0.014054391533136368,0.2,1834,231.59431601999998,-24.318667507171632,0.13427734375,0.007260971958748997,0.3583794832229614,300.0,0.010086505,-0.003611089463811368,0.0002,0.573979377746582
761856,372,701,1085,-0.00767829455435276,0.2,1839,232.70391768000002,-24.301368236541748,0.0962890625,0.006418016902171075,0.35823723673820496,300.0,0.009329015,-0.007333829347044229,0.0002,0.6104387044906616
763904,373,703,1085,0.00015109684318304062,0.2,1844,233.38453712999998,-24.27675828933716,0.14677734375,0.006633842270821333,0.35812848806381226,300.0,0.014271744,-0.00980657187756151,0.0002,0.591822624206543
765952,374,705,1085,-0.005024789832532406,0.2,1849,234.80750215000003,-24.26208629608154,0.078125,0.006604677997529507,0.3580511212348938,300.0,0.0070805866,-0.006292384676635265,0.0002,0.6096479892730713
768000,375,707,1085,-0.014663219451904297,0.2,1854,233.85276442000003,-24.25353536605835,0.11064453125,0.007436395110562444,0.35804638266563416,300.0,0.012151911,-0.010385108855552971,0.0002,0.6146158576011658
770048,376,709,1085,-0.0017604068852961063,0.2,1859,233.85276442000003,-24.253203201293946,0.14267578125,0.006569211161695421,0.3580223321914673,300.0,0.0131617375,-0.003591327043250203,0.0002,0.537699282169342
772096,377,711,1085,-0.01378557551652193,0.2,1864,234.834504,-24.247599506378172,0.1005859375,0.007003576564602554,0.35799142718315125,300.0,0.008150598,-0.006520476634614169,0.0002,0.6267884969711304
774144,378,713,1085,-0.01277151145040989,0.2,1869,234.63502696,-24.24609956741333,0.09482421875,0.004279163246974349,0.358022004365921,300.0,0.010874358,-0.005970855848863721,0.0002,0.6411638259887695
776192,379,714,1085,-0.015394210815429688,0.2,1874,235.20618867999997,-24.244961643218993,0.08994140625,0.005755925551056862,0.35793057084083557,300.0,0.010638522,-0.007919710333226249,0.0002,0.6693973541259766
778240,380,716,1085,-0.02014543116092682,0.2,1879,235.64192476,-24.22570695877075,0.13349609375,0.006072139064781368,0.3578338027000427,300.0,0.010713982,-0.009850773564539849,0.0002,0.6206049919128418
780288,381,718,1085,-0.018417678773403168,0.2,1884,236.79074346999997,-24.214085865020753,0.1388671875,0.007729227840900421,0.3577912151813507,300.0,0.012991593,-0.005894429213367402,0.0002,0.6325671672821045
782336,382,720,1085,0.010801347903907299,0.2,1889,236.79074346999997,-24.21076536178589,0.21533203125,0.008289513178169727,0.3577954173088074,300.0,0.015260145,0.0016611025668680668,0.0002,0.6074346303939819
784384,383,722,1086,-0.0030724823009222746,0.2,1894,236.42823644000003,-24.215847396850585,0.179296875,0.007029446912929416,0.3578453063964844,300.0,0.019260246,-0.004697297466918826,0.0002,0.6062750816345215
786432,384,724,1086,-0.0107891745865345,0.2,1899,238.11687619000003,-24.2228063583374,0.15673828125,0.007968400046229363,0.3578718602657318,300.0,0.007495082,-0.0027602970832958816,0.0002,0.4869344234466553
788480,385,725,1086,-0.016792163252830505,0.2,1904,239.768665,-24.228951835632323,0.094921875,0.005297300685197115,0.3579263389110565,300.0,0.007780726,-0.009498635330237449,0.0002,0.6108629703521729
790528,386,727,1086,-0.015614977106451988,0.2,1909,240.39983844999995,-24.239244556427003,0.12353515625,0.006402355246245861,0.35798200964927673,300.0,0.010254208,-0.007882924983277917,0.0002,0.597040593624115
792576,387,729,1086,-0.012385527603328228,0.2,1914,239.26627614,-24.25149154663086,0.13681640625,0.007756231352686882,0.35806694626808167,300.0,0.010522835,-0.00588387344032526,0.0002,0.5975944995880127
794624,388,731,1086,-0.015528840944170952,0.2,1919,239.74972473999998,-24.26121368408203,0.153515625,0.009472450939938426,0.3580858111381531,300.0,0.011612739,-0.0055572713492438195,0.0002,0.6518765687942505
796672,389,733,1086,-0.008821274153888226,0.2,1924,239.74972473999998,-24.25734148025513,0.06552734375,0.0083234648918733,0.3580333888530731,300.0,0.0061420314,-0.005138828151393682,0.0002,0.543829083442688
798720,390,735,1086,-0.0047770654782652855,0.2,1929,240.4495521,-24.248371028900145,0.10625,0.0061215248191729184,0.35799160599708557,300.0,0.009342417,-0.005073787376750261,0.0002,0.555815577507019
800768,391,737,1086,-0.012729857116937637,0.2,1934,240.84047170000002,-24.236085414886475,0.10380859375,0.005265810247510672,0.3578847348690033,300.0,0.0068101888,-0.004942865762859583,0.0002,0.5257821083068848
802816,392,739,1086,-0.0110188452526927,0.2,1939,240.333502,-24.221502017974853,0.14052734375,0.006857388629578054,0.35785433650016785,300.0,0.009326085,-0.00366774604190141,0.0002,0.5860447883605957
804864,393,740,1086,-0.015301782637834549,0.2,1944,239.83382853999996,-24.215266704559326,0.11640625,0.006296743033453822,0.3577837646007538,300.0,0.0095172785,-0.007389148231595755,0.0002,0.5834975242614746
806912,394,743,1085,-0.012462053447961807,0.2,1949,240.60618842000002,-24.201646709442137,0.1072265625,0.0064375884365290405,0.35774654150009155,300.0,0.008984631,-0.008225079346448182,0.0002,0.6262617111206055
808960,395,745,1084,-0.0006547351367771626,0.2,1953,239.13691704000001,-24.20278155008952,0.19791666666666666,0.009293758869171142,0.357777863740921,300.0,0.021296024,-0.0006050782899061839,0.0002,0.671283483505249
811008,396,748,1084,-0.015682291239500046,0.2,1958,239.13691704000001,-24.211389350891114,0.15966796875,0.011892432300373911,0.3578631579875946,300.0,0.0081024915,-0.009422483970411122,0.0002,0.609765887260437
813056,397,750,1084,-0.01159043051302433,0.2,1963,240.01095262,-24.229271697998048,0.0806640625,0.007178463879972697,0.35798391699790955,300.0,0.0049588783,-0.006271657277829945,0.0002,0.5378443002700806
815104,398,752,1083,-0.0051741464994847775,0.2,1968,238.16777621000006,-24.243123912811278,0.09091796875,0.008414610894396901,0.3579939007759094,300.0,0.00981776,-0.005292033334262669,0.0002,0.5696895122528076
817152,399,754,1082,-0.005217266269028187,0.2,1973,236.20990079000006,-24.240783500671387,0.1220703125,0.006097516813315451,0.3579822778701782,300.0,0.0116992295,-0.005299519619438797,0.0002,0.6396626234054565
819200,400,756,1082,-0.010500521399080753,0.2,1978,234.48266001,-24.24235334396362,0.1015625,0.00631996183656156,0.35801348090171814,300.0,0.011684723,-0.006308402051217854,0.0002,0.5491499900817871
821248,401,758,1082,-0.02484717033803463,0.2,1983,234.0219078,-24.248216724395753,0.1041015625,0.0064043133752420545,0.3580425977706909,300.0,0.010541732,-0.009118096088059247,0.0002,0.6029467582702637
823296,402,761,1081,-0.008867822587490082,0.2,1988,234.98818962999997,-24.248176860809327,0.1828125,0.009872493054717778,0.35800784826278687,300.0,0.01644535,-0.00644051912240684,0.0002,0.5596727728843689
825344,403,763,1081,-0.012173137627542019,0.2,1993,234.98818962999997,-24.2433331489563,0.12490234375,0.008221759996376931,0.35800161957740784,300.0,0.008581276,-0.006492246594280005,0.0002,0.5903619527816772
827392,404,765,1081,-0.01813688315451145,0.2,1998,235.74701041999998,-24.249031639099123,0.10732421875,0.006107203802093864,0.35807088017463684,300.0,0.008631886,-0.011271133134141565,0.0002,0.647426426410675
829440,405,767,1080,-0.01111563853919506,0.2,2003,236.71138881,-24.259285736083985,0.1375,0.006581315281800925,0.35808950662612915,300.0,0.009795904,-0.005380107345990837,0.0002,0.5532079935073853
831488,406,769,1080,-0.01119619607925415,0.2,2008,236.35391850999997,-24.2603928565979,0.131640625,0.007686849264428019,0.358096182346344,300.0,0.011974464,-0.006773100979626179,0.0002,0.6441585421562195
833536,407,772,1079,-0.011231428943574429,0.2,2013,236.10853123,-24.25718936920166,0.1357421875,0.008284013345837593,0.35803940892219543,300.0,0.009266233,-0.00801927368156612,0.0002,0.6659032106399536
835584,408,774,1079,-0.01744196191430092,0.2,2018,234.58674335000003,-24.248496437072752,0.1033203125,0.007994856662116944,0.35802435874938965,300.0,0.0129475985,-0.0068820812972262505,0.0002,0.6900521516799927
837632,409,776,1078,-0.013921666890382767,0.2,2023,235.19950236,-24.245059204101562,0.1521484375,0.006754827732220292,0.3580024838447571,300.0,0.018839505,-0.000104471854865551,0.0002,0.5784677267074585
839680,410,777,1079,0.04266336187720299,0.2,2024,235.19950236,-24.243257522583008,0.216796875,0.008735637180507183,0.3580028712749481,300.0,0.016978253,0.014179067453369498,0.0002,0.6063060760498047
841728,411,779,1079,-0.01629032753407955,0.2,2029,234.65531379,-24.247364616394044,0.1021484375,0.007409632764756679,0.3580765128135681,300.0,0.007802899,-0.009733617748133838,0.0002,0.6598687171936035
843776,412,782,1078,-0.016458801925182343,0.2,2034,233.70294464000006,-24.259540843963624,0.16044921875,0.006099176523275673,0.35811349749565125,300.0,0.008541625,-0.007953302329406142,0.0002,0.6432474851608276
845824,413,784,1078,-0.009853638708591461,0.2,2039,235.45783509000003,-24.25438222885132,0.12275390625,0.005950178811326623,0.35801929235458374,300.0,0.009898018,-0.007486078655347228,0.0002,0.5755554437637329
847872,414,786,1078,-0.01586124114692211,0.2,2044,237.01567080999996,-24.238686180114748,0.11962890625,0.005317331198602915,0.3579636514186859,300.0,0.012640934,-0.01091676892247051,0.0002,0.5779695510864258
849920,415,788,1077,-0.009890532121062279,0.2,2049,237.57908608000002,-24.232115077972413,0.11767578125,0.005953526706434786,0.35792338848114014,300.0,0.012524128,-0.005187533982098103,0.0002,0.6944025754928589
851968,416,790,1077,-0.020798131823539734,0.2,2054,237.57908608000002,-24.23321418762207,0.0767578125,0.010580772440880537,0.35798749327659607,300.0,0.0074776877,-0.007748405146412551,0.0002,0.6761962175369263
854016,417,793,1076,-0.007620464079082012,0.2,2059,235.79957982000005,-24.23910255432129,0.11748046875,0.008848762791603803,0.35794371366500854,300.0,0.009546933,-0.007125834608450532,0.0002,0.6312229037284851
856064,418,794,1076,-0.0074825407937169075,0.2,2064,235.12408096,-24.229594802856447,0.075,0.007515720557421446,0.35788899660110474,300.0,0.008177495,-0.006098781293258071,0.0002,0.5415467023849487
858112,419,796,1077,-0.018257029354572296,0.2,2069,235.01208754000007,-24.211451148986818,0.1533203125,0.007889303914271294,0.3576768934726715,300.0,0.008806292,-0.01047492790967226,0.0002,0.5444239377975464
860160,420,798,1077,-0.005534046329557896,0.2,2074,234.74429264,-24.17989206314087,0.1060546875,0.008764397911727428,0.3576031029224396,300.0,0.009281165,-0.005495109455659985,0.0002,0.5995206236839294
862208,421,800,1077,-0.012969903647899628,0.2,2079,233.27263877,-24.17083320617676,0.13203125,0.009668674413114786,0.3575117588043213,300.0,0.0130272545,-0.00951238654088229,0.0002,0.5669089555740356
864256,422,802,1076,-0.014450681395828724,0.2,2084,234.77401590000002,-24.152626037597656,0.14111328125,0.007790277153253556,0.35742664337158203,300.0,0.012465324,-0.005118377553299069,0.0002,0.5633227825164795
866304,423,804,1076,-0.012221152894198895,0.2,2089,234.77401590000002,-24.137037467956542,0.16689453125,0.006371764186769724,0.3573124408721924,300.0,0.016310439,-0.00787052467931062,0.0002,0.61961829662323
868352,424,806,1076,-0.005316626746207476,0.2,2094,234.29545692999997,-24.118153667449953,0.14951171875,0.0058458852116018535,0.3572474420070648,300.0,0.014573009,-0.00845023717265576,0.0002,0.5759890675544739
870400,425,808,1076,-0.011327151209115982,0.2,2099,235.21084546000003,-24.109522533416747,0.11748046875,0.00407685216050595,0.3571985960006714,300.0,0.01095706,-0.008237966941669584,0.0002,0.41793644428253174
872448,426,810,1075,-0.011791853234171867,0.2,2104,234.73649169,-24.104521369934083,0.12822265625,0.007305328454822302,0.3572072386741638,300.0,0.0086492505,-0.006350249610841274,0.0002,0.5908327102661133
874496,427,813,1075,-0.017712507396936417,0.2,2109,234.72036065999998,-24.110916423797608,0.14306640625,0.007056239829398692,0.357275128364563,300.0,0.013563702,-0.00838373452425003,0.0002,0.6062713861465454
876544,428,815,1075,0.011263370513916016,0.2,2114,233.58793836,-24.122056579589845,0.120703125,0.009833622351288795,0.3573205769062042,300.0,0.013556239,-0.006170312303584069,0.0002,0.6883443593978882
878592,429,817,1075,-0.004996900446712971,0.2,2119,233.27592017999999,-24.124214458465577,0.09716796875,0.009963581385090948,0.3572903275489807,300.0,0.011135053,-0.0049243361689150335,0.0002,0.6234381198883057
880640,430,819,1075,-0.00971085112541914,0.2,2124,233.27592017999999,-24.118996238708498,0.12001953125,0.006499976711347699,0.35728856921195984,300.0,0.007931596,-0.009192112390883267,0.0002,0.4718726873397827
882688,431,820,1075,5.195150151848793e-05,0.2,2129,233.08120585,-24.120149040222167,0.12421875,0.005395369371399283,0.357281893491745,300.0,0.012764908,-0.003655997756868601,0.0002,0.597690999507904
884736,432,822,1075,-0.014479451812803745,0.2,2134,233.51192432,-24.121572017669678,0.12392578125,0.004756058868952096,0.3573106825351715,300.0,0.010936056,-0.00880821777973324,0.0002,0.4432888627052307
886784,433,824,1075,-0.011279720813035965,0.2,2139,233.41868420999995,-24.122155570983885,0.08759765625,0.007274819631129503,0.357270747423172,300.0,0.005858338,-0.004146037541795522,0.0002,0.6872237920761108
888832,434,826,1075,0.0021985406056046486,0.2,2144,231.33499259,-24.112474632263183,0.10126953125,0.006485892226919532,0.3572182059288025,300.0,0.014817941,-0.00569428710732609,0.0002,0.7129002809524536
890880,435,827,1076,0.02287527173757553,0.2,2146,231.72897235999997,-24.10625648498535,0.13427734375,0.006310515862423927,0.3572060465812683,300.0,0.01764496,0.004569679731503129,0.0002,0.5588536262512207
892928,436,829,1076,-0.022506099194288254,0.2,2151,231.625665,-24.104940509796144,0.1517578125,0.005723835271783173,0.35720881819725037,300.0,0.0161496,-0.004918279103003442,0.0002,0.5615553855895996
894976,437,831,1076,-0.013261931017041206,0.2,2156,231.625665,-24.107323551177977,0.09208984375,0.005771252163685858,0.35722190141677856,300.0,0.009702638,-0.007468485436402261,0.0002,0.5019514560699463
897024,438,833,1076,-0.009968584403395653,0.2,2161,232.27749255000003,-24.108265686035157,0.15537109375,0.006296264799311757,0.35723063349723816,300.0,0.011128102,-0.004031531792134046,0.0002,0.552702784538269
899072,439,835,1076,-0.012151386588811874,0.2,2166,233.8015371,-24.10873556137085,0.09560546875,0.006832914077676833,0.35721760988235474,300.0,0.008158127,-0.004733632865827531,0.0002,0.5666766166687012
901120,440,837,1076,-0.019056322053074837,0.2,2171,234.00609428000007,-24.104901218414305,0.10888671875,0.007373686460778117,0.3571999669075012,300.0,0.007861207,-0.007297673635184765,0.0002,0.6454567909240723
903168,441,838,1076,-0.006762337405234575,0.2,2176,234.41990618999998,-24.097524070739745,0.10869140625,0.007865241589024663,0.35713085532188416,300.0,0.009973805,-0.006707329768687487,0.0002,0.6136064529418945
905216,442,840,1076,0.008238812908530235,0.2,2181,233.66564181000004,-24.08395586013794,0.1423828125,0.008314490085467696,0.35706278681755066,300.0,0.019709773,-0.004922934575006366,0.0002,0.5633089542388916
907264,443,842,1076,-0.020270971581339836,0.2,2186,235.34162711000002,-24.073999404907227,0.1111328125,0.00459819994866848,0.357014000415802,300.0,0.009687735,-0.010300775128416716,0.0002,0.5212021470069885
909312,444,844,1076,-0.021829739212989807,0.2,2191,235.34162711000002,-24.067464542388915,0.13359375,0.007311957702040672,0.35699284076690674,300.0,0.0078034406,-0.00951869327109307,0.0002,0.608154296875
911360,445,846,1077,0.004541973117738962,0.2,2196,236.18984776000002,-24.06580533981323,0.150390625,0.006804034463129938,0.3569963574409485,300.0,0.019475434,-0.005570312356576323,0.0002,0.5889891386032104
913408,446,847,1077,0.0016601784154772758,0.2,2201,236.10837606,-24.07089328765869,0.10908203125,0.007185293035581708,0.3570587635040283,300.0,0.011897874,-0.005620253877714277,0.0002,0.530605673789978
915456,447,849,1077,0.009668341837823391,0.2,2206,235.87460851000003,-24.082090282440184,0.14150390625,0.006572584481909871,0.3570963144302368,300.0,0.014053669,-0.003169203584548086,0.0002,0.622161865234375
917504,448,852,1076,-0.009035168215632439,0.2,2211,237.02133834000003,-24.084688091278075,0.10791015625,0.005079400143586099,0.3570951223373413,300.0,0.009296853,-0.005600545485503971,0.0002,0.6473981142044067
919552,449,853,1076,-0.015520395711064339,0.2,2216,237.59332197,-24.08317651748657,0.13505859375,0.006877741194330156,0.35707584023475647,300.0,0.014276031,-0.003670930163934827,0.0002,0.659388542175293
921600,450,855,1077,-0.014346792362630367,0.2,2221,238.33258689,-24.082291030883788,0.10654296875,0.006530042621307075,0.35709837079048157,300.0,0.011131933,-0.009248553449288011,0.0002,0.533428966999054
923648,451,857,1077,-0.013808385469019413,0.2,2226,238.33258689,-24.085087776184082,0.128125,0.005411598039790988,0.3570992946624756,300.0,0.00874304,-0.007446190505288541,0.0002,0.6161379814147949
925696,452,858,1077,-0.01600385457277298,0.2,2231,238.74590873,-24.084670066833496,0.11494140625,0.004337447264697402,0.3571021258831024,300.0,0.010312647,-0.009066253784112632,0.0002,0.5375895500183105
927744,453,860,1077,-0.015452634543180466,0.2,2236,236.38117241999996,-24.0870792388916,0.08486328125,0.008038067817687988,0.3571448028087616,300.0,0.0075264787,-0.006677106814458966,0.0002,0.6231623888015747
929792,454,862,1078,-0.010892934165894985,0.2,2241,235.0672695,-24.087578201293944,0.11748046875,0.006464587501250207,0.3570682108402252,300.0,0.0145372,-0.011550285294651986,0.0002,0.6474720239639282
931840,455,864,1078,-0.010649162344634533,0.2,2246,235.05027015999997,-24.074502849578856,0.134375,0.006404110160656273,0.357054203748703,300.0,0.010720728,-0.004514378705061972,0.0002,0.5993987321853638
933888,456,865,1078,-0.01710931584239006,0.2,2251,234.42353330000003,-24.078050136566162,0.0861328125,0.006437179609201848,0.357084721326828,300.0,0.008283083,-0.007923847832717,0.0002,0.6349945068359375
935936,457,867,1078,-0.0011508017778396606,0.2,2256,234.42353330000003,-24.081485748291016,0.1357421875,0.005198358464986086,0.3570903539657593,300.0,0.013017444,-0.005088581796735525,0.0002,0.5795729160308838
937984,458,869,1078,-0.006516255438327789,0.2,2261,233.54464917999996,-24.08713655471802,0.1009765625,0.006169551028870046,0.357168048620224,300.0,0.0099192895,-0.006596228480339051,0.0002,0.43779057264328003
940032,459,871,1078,-0.0175657756626606,0.2,2266,234.39073148000003,-24.09689426422119,0.102734375,0.007354894396848976,0.35717639327049255,300.0,0.0092629045,-0.008194070821627975,0.0002,0.5923917293548584
942080,460,873,1078,-0.0069869691506028175,0.2,2271,234.18265725,-24.090553569793702,0.100390625,0.008803765568882228,0.35710880160331726,300.0,0.01190848,-0.008420256129465998,0.0002,0.5463181734085083
944128,461,874,1079,0.0209125354886055,0.2,2274,234.84963280999997,-24.081438488430447,0.15538194444444445,0.005026274464196629,0.35708168148994446,300.0,0.031007119,0.005116556201957994,0.0002,0.583480715751648
946176,462,876,1079,-0.018954850733280182,0.2,2279,234.10783339000002,-24.080146694183348,0.14013671875,0.004653432476334274,0.357113242149353,300.0,0.0106298905,-0.011322159576229751,0.0002,0.565621018409729
948224,463,877,1079,-0.009659059345722198,0.2,2284,233.94185137999997,-24.084589195251464,0.11787109375,0.005392889911308885,0.357098788022995,300.0,0.010381957,-0.004985140124335885,0.0002,0.5521818995475769
950272,464,879,1080,-0.006056535057723522,0.2,2289,233.94185137999997,-24.079651832580566,0.14912109375,0.006465549510903656,0.3570958375930786,300.0,0.013312396,-0.0031069763004779815,0.0002,0.6557784676551819
952320,465,881,1080,-0.01420072466135025,0.2,2294,234.09774827,-24.080807876586913,0.10419921875,0.006675037043169141,0.35708457231521606,300.0,0.008857895,-0.0067692093783989545,0.0002,0.5963740348815918
954368,466,883,1080,-0.005975713953375816,0.2,2299,234.11451946999995,-24.07713031768799,0.09150390625,0.007412884850054979,0.3570791780948639,300.0,0.013022005,-0.008524454256985337,0.0002,0.5659631490707397
956416,467,884,1080,0.004584877751767635,0.2,2304,235.29279146000002,-24.079321002960206,0.16328125,0.0072756987297907475,0.3571065664291382,300.0,0.014220981,0.0012236039619892836,0.0002,0.5933986306190491
958464,468,886,1081,-0.0026573941577225924,0.2,2309,238.15388626,-24.085308074951172,0.1517578125,0.006937972828745842,0.35714057087898254,300.0,0.009227807,-0.0028880781028419733,0.0002,0.5829141139984131
960512,469,888,1081,-0.010497878305613995,0.2,2314,238.59286093,-24.088189125061035,0.1373046875,0.0068393806926906105,0.35713088512420654,300.0,0.011682186,-0.006475569540634751,0.0002,0.6161331534385681
962560,470,889,1081,-7.859710603952408e-05,0.2,2318,238.35866888,-24.08637985816369,0.18825120192307693,0.008339581581262441,0.3571174740791321,300.0,0.034585506,-0.002289310097694397,0.0002,0.6671203970909119
964608,471,891,1082,-0.011579873040318489,0.2,2323,238.35866888,-24.080884170532226,0.09052734375,0.010314264753833412,0.3570578694343567,300.0,0.009365514,-0.00651755842845887,0.0002,0.5848764181137085
966656,472,892,1082,-0.01837274245917797,0.2,2328,238.26758643999997,-24.070603370666504,0.10029296875,0.007851296826265753,0.3570052683353424,300.0,0.0073065734,-0.007904581679031252,0.0002,0.5144851207733154
968704,473,894,1082,-0.01678023859858513,0.2,2333,238.34569319000002,-24.064877700805663,0.12783203125,0.008356353780254722,0.35698699951171875,300.0,0.013527321,-0.008821892738342284,0.0002,0.6262426972389221
970752,474,896,1082,-0.004951778333634138,0.2,2338,237.78430831000006,-24.05959529876709,0.1287109375,0.008283384004607796,0.35693490505218506,300.0,0.012993805,-0.010099886730313302,0.0002,0.6166470050811768
972800,475,898,1083,-0.013371329754590988,0.2,2343,238.07037319000003,-24.051783657073976,0.12822265625,0.007717153709381819,0.3569137752056122,300.0,0.014900308,-0.009055988863110542,0.0002,0.6055392622947693
974848,476,899,1083,-0.01137222908437252,0.2,2348,237.81554912000004,-24.052108764648438,0.12783203125,0.006902391905896366,0.3569324314594269,300.0,0.011648446,-0.00941251409240067,0.0002,0.6170435547828674
976896,477,901,1083,-0.01280325185507536,0.2,2353,239.22061443000007,-24.05280303955078,0.1517578125,0.007759020291268825,0.35691359639167786,300.0,0.01568008,-0.006261063483543694,0.0002,0.6706525087356567
978944,478,903,1083,-0.006258971057832241,0.2,2358,239.22061443000007,-24.050773525238036,0.12431640625,0.00834328078199178,0.3569084703922272,300.0,0.013515236,-0.010313389752991498,0.0002,0.5935378074645996
980992,479,904,1083,-0.017717896029353142,0.2,2363,240.38847882000002,-24.048997116088866,0.13330078125,0.007457495061680674,0.3568851947784424,300.0,0.0123837115,-0.006279332912527025,0.0002,0.6203124523162842
983040,480,906,1084,0.016473444178700447,0.2,2367,240.06121621,-24.046020654531624,0.2110877403846154,0.005927290516690566,0.35688722133636475,300.0,0.03984029,0.004368389383531534,0.0002,0.6836593151092529
985088,481,907,1085,-0.016619723290205002,0.2,2372,236.40664954,-24.045708465576173,0.10419921875,0.00896767689846456,0.3568841516971588,300.0,0.010530469,-0.009018304431810975,0.0002,0.6569870710372925
987136,482,909,1085,-0.0009995601139962673,0.2,2377,236.781123,-24.04061508178711,0.1466796875,0.007550688949413598,0.3568079173564911,300.0,0.013687604,-0.00786609894130379,0.0002,0.637075662612915
989184,483,911,1085,-0.008631754666566849,0.2,2382,236.61540897999998,-24.027738094329834,0.1056640625,0.006222276273183525,0.3567865192890167,300.0,0.011415307,-0.004883715114556253,0.0002,0.655959963798523
991232,484,913,1085,-0.0022208301816135645,0.2,2387,235.31711057000004,-24.027252292633058,0.12197265625,0.0073060115799307825,0.3567694127559662,300.0,0.009996081,-0.0060757813975214955,0.0002,0.6138651967048645
993280,485,915,1085,-0.012894460931420326,0.2,2392,235.31711057000004,-24.01913137435913,0.16845703125,0.006864714692346752,0.3567119836807251,300.0,0.0137951225,-0.006181585672311485,0.0002,0.6554112434387207
995328,486,916,1085,-0.014080584980547428,0.2,2397,236.08345133000003,-24.01482915878296,0.1244140625,0.007514426670968533,0.35673239827156067,300.0,0.0147869475,-0.01008301842957735,0.0002,0.6745294332504272
997376,487,918,1085,-0.010222746059298515,0.2,2402,235.09003288,-24.02021532058716,0.0783203125,0.007249631057493389,0.3567579984664917,300.0,0.012204799,-0.008045280474470928,0.0002,0.6658890843391418
999424,488,920,1085,-0.01824364624917507,0.2,2407,234.83472481,-24.023746967315674,0.10849609375,0.004690848512109369,0.3567827343940735,300.0,0.008560869,-0.007670363923534751,0.0002,0.5970555543899536
1001472,489,921,1086,-0.011867636814713478,0.2,2412,234.81174309999997,-24.029007244110108,0.176953125,0.005264850938692689,0.3568178117275238,300.0,0.015277515,-0.002675113920122385,0.0002,0.5637712478637695
1003520,490,923,1086,-0.0068131862208247185,0.2,2417,235.25002093000003,-24.03130531311035,0.13896484375,0.006349481339566409,0.35677337646484375,300.0,0.015824053,-0.0018725790199823678,0.0002,0.5815598964691162
1005568,491,925,1086,-0.025119388476014137,0.2,2422,235.25002093000003,-24.018797302246092,0.20341796875,0.0064693625085055825,0.35669344663619995,300.0,0.016208965,-0.008351280307397246,0.0002,0.6151635646820068
1007616,492,926,1087,0.017233747988939285,0.2,2423,234.89529004,-24.01114320755005,0.17138671875,0.010915774386376143,0.35668525099754333,300.0,0.01276953,0.0020298565505072474,0.0002,0.6155263185501099
1009664,493,928,1087,-0.013360588811337948,0.2,2428,234.34022325,-24.009340000152587,0.16005859375,0.007382801244966685,0.35669031739234924,300.0,0.016508989,-0.006037477985955775,0.0002,0.6337811946868896
1011712,494,930,1086,-0.017671039327979088,0.2,2433,234.94491706999997,-24.011068058013915,0.17509765625,0.007777311885729432,0.35669615864753723,300.0,0.013744752,-0.002321142889559269,0.0002,0.554133415222168
1013760,495,933,1085,-0.012241916730999947,0.2,2438,234.79483278,-24.013434600830077,0.12041015625,0.005705013941042125,0.3567263185977936,300.0,0.008424716,-0.005981876119039953,0.0002,0.6255615949630737
1015808,496,935,1086,-0.0075998203828930855,0.2,2443,234.60642137,-24.018196487426756,0.16533203125,0.007735135336406529,0.3567289412021637,300.0,0.013719203,-0.006560083624208346,0.0002,0.6411651968955994
1017856,497,936,1087,0.029014430940151215,0.2,2445,234.52013632,-24.017300844192505,0.145263671875,0.009537286474369466,0.3567173480987549,300.0,0.018881403,0.003977817832492292,0.0002,0.5725943446159363
1019904,498,938,1087,-0.007214120123535395,0.2,2450,234.52013632,-24.015328216552735,0.10341796875,0.005675902240909636,0.35670313239097595,300.0,0.009641466,-0.008429617621004581,0.0002,0.6480239629745483
1021952,499,939,1087,-0.01422778982669115,0.2,2455,234.84502654,-24.010697746276854,0.109375,0.009177060658112168,0.3566272556781769,300.0,0.011199953,-0.008604506473056972,0.0002,0.5871965885162354
1024000,500,941,1087,-0.0215697530657053,0.2,2460,235.40697915,-24.00072193145752,0.13359375,0.007428503804840147,0.3566453456878662,300.0,0.008762179,-0.004069328308105469,0.0002,0.5862156748771667
1026048,501,943,1087,-0.011221478693187237,0.2,2465,235.77692332000004,-24.006733322143553,0.13955078125,0.00970498975366354,0.3566761016845703,300.0,0.014040345,-0.008905155537649988,0.0002,0.5932945013046265
1028096,502,945,1087,-0.01186330895870924,0.2,2470,236.44563437999994,-24.003887271881105,0.114453125,0.009149728203192353,0.3566170930862427,300.0,0.011814201,-0.008738811686635017,0.0002,0.6311501264572144
1030144,503,947,1087,-0.010925540700554848,0.2,2475,237.7698577,-23.993122863769532,0.1142578125,0.008105571451596915,0.35656043887138367,300.0,0.008194917,-0.009229190461337567,0.0002,0.6264858245849609
1032192,504,948,1087,-0.0006525330245494843,0.2,2480,237.32062263999995,-23.98416700363159,0.12880859375,0.006474066874943674,0.3565208613872528,300.0,0.014332738,-0.007872461108490825,0.0002,0.48869556188583374
1034240,505,950,1087,-0.014978245832026005,0.2,2485,237.32062263999995,-23.985315895080568,0.10078125,0.006756365252658725,0.3566020727157593,300.0,0.009787206,-0.00829163515008986,0.0002,0.6612973213195801
1036288,506,952,1087,-0.006495309993624687,0.2,2490,236.02165295999998,-23.99742546081543,0.10234375,0.010748782567679882,0.3565976619720459,300.0,0.009753476,-0.007870897371321916,0.0002,0.5005241632461548
1038336,507,954,1087,-0.0149922426789999,0.2,2495,235.4085729,-23.9888822555542,0.09990234375,0.00694466670975089,0.3565416634082794,300.0,0.0076709245,-0.009502295590937137,0.0002,0.5992723703384399
1040384,508,956,1087,-0.008398767560720444,0.2,2500,234.44156746999994,-23.98774652481079,0.10419921875,0.00829282954800874,0.3566170930862427,300.0,0.014694924,-0.00845650937408209,0.0002,0.6397370100021362
1042432,509,958,1087,-0.013158195652067661,0.2,2505,235.64989448000003,-23.996956825256348,0.1328125,0.008723124861717224,0.3565708100795746,300.0,0.009068729,-0.009988740854896604,0.0002,0.6876134872436523
1044480,510,960,1087,-0.0071663567796349525,0.2,2510,236.38926616000003,-23.98190517425537,0.123828125,0.007944519422017038,0.35649269819259644,300.0,0.010978103,-0.005151191144250333,0.0002,0.6166839599609375
1046528,511,962,1087,-0.0015580067411065102,0.2,2515,237.52433778999995,-23.976607894897462,0.15322265625,0.006066608591936529,0.35653072595596313,300.0,0.015052259,-0.006288434169255197,0.0002,0.4431038498878479
1048576,512,964,1087,-0.01101612113416195,0.2,2520,237.52433778999995,-23.984067249298096,0.09140625,0.0069216672563925385,0.35655418038368225,300.0,0.008821521,-0.00884552311617881,0.0002,0.5763185024261475
1050624,513,966,1087,-0.012754702940583229,0.2,2525,235.83097565,-23.982294368743897,0.1080078125,0.0075153745478019115,0.35649174451828003,300.0,0.010248861,-0.008965200698003172,0.0002,0.6201317310333252
1052672,514,967,1087,-0.007383593358099461,0.2,2530,236.92410946,-23.979539012908937,0.09501953125,0.007033963780850172,0.356585294008255,300.0,0.0076270336,-0.00739827798679471,0.0002,0.6908431649208069
1054720,515,968,1089,0.036851171404123306,0.2,2531,236.78797189,-23.991899013519287,0.197265625,0.00768396956846118,0.3565985858440399,300.0,0.01568777,0.011557404650375247,0.0002,0.6759430170059204
1056768,516,970,1089,-0.02068096026778221,0.2,2536,234.77194621,-23.997895812988283,0.1021484375,0.008327936683781446,0.3566448986530304,300.0,0.008705219,-0.008709920663386583,0.0002,0.6721298694610596
1058816,517,971,1089,-0.017071770504117012,0.2,2541,234.93455089000003,-24.006081962585448,0.13173828125,0.008264787914231419,0.3567107617855072,300.0,0.0096433135,-0.010634939605370163,0.0002,0.6495411992073059
1060864,518,972,1090,0.011622883379459381,0.2,2543,233.1460786,-24.014696502685545,0.164453125,0.007045846711844206,0.35673004388809204,300.0,0.03803757,0.005091476254165173,0.0002,0.6629390716552734
1062912,519,974,1091,-0.008364371955394745,0.2,2548,233.1460786,-24.01895046234131,0.1380859375,0.005783705436624586,0.3567364811897278,300.0,0.00971227,-0.006721620424650609,0.0002,0.6205676794052124
1064960,520,975,1091,-0.0033998307771980762,0.2,2553,234.36648505000005,-24.014856243133544,0.144140625,0.006805739598348737,0.3566740155220032,300.0,0.010338234,-0.007138051511719823,0.0002,0.5086106657981873
1067008,521,977,1091,0.003317322814837098,0.2,2558,234.17521437999997,-24.004161167144776,0.12021484375,0.007518693502061069,0.3566301465034485,300.0,0.014855416,-0.005336953117512167,0.0002,0.5987193584442139
1069056,522,979,1091,-0.01594792678952217,0.2,2563,233.84820277999998,-23.997431755065918,0.0685546875,0.006021370785310865,0.3565710783004761,300.0,0.008759114,-0.009098479663953185,0.0002,0.6391066908836365
1071104,523,980,1091,-0.0009627602994441986,0.2,2568,233.63152854000003,-23.982929039001466,0.10234375,0.0050845476100221275,0.3564688265323639,300.0,0.012431674,-0.004685840429738164,0.0002,0.6090288162231445
1073152,524,982,1092,-0.00998028926551342,0.2,2573,233.80710552,-23.969904804229735,0.1328125,0.004988142824731767,0.3564247488975525,300.0,0.014384946,-0.007579075964167714,0.0002,0.6381440162658691
1075200,525,984,1092,-0.0018967650830745697,0.2,2578,232.55757868,-23.964742755889894,0.126171875,0.00819167224690318,0.35640305280685425,300.0,0.011707889,-0.004734787211054936,0.0002,0.6716350317001343
1077248,526,986,1092,-0.00894006434828043,0.2,2583,232.55757868,-23.962009143829345,0.13466796875,0.00986985065974295,0.3563952147960663,300.0,0.008242503,-0.007625969988293946,0.0002,0.6351486444473267
1079296,527,987,1092,-0.011878972873091698,0.2,2588,232.45620458999994,-23.960815143585204,0.18974609375,0.0069740053964778784,0.356385201215744,300.0,0.016617678,-0.004737601452507079,0.0002,0.6437170505523682
1081344,528,989,1092,-0.013103749603033066,0.2,2593,232.22331773,-23.95924577713013,0.11298828125,0.007324602734297514,0.35638710856437683,300.0,0.007839757,-0.006875918596051633,0.0002,0.625786304473877
1083392,529,991,1092,-0.005552157759666443,0.2,2598,231.81541866000006,-23.96048183441162,0.11787109375,0.0056578004732728004,0.3563970625400543,300.0,0.011175594,-0.009591586329042912,0.0002,0.5186210870742798
1085440,530,992,1093,-0.003460446372628212,0.2,2603,232.87954127999998,-23.95953998565674,0.10810546875,0.00577561492100358,0.35638442635536194,300.0,0.011746467,-0.007505300547927618,0.0002,0.687556266784668
1087488,531,994,1093,-0.01462671346962452,0.2,2608,233.62280786,-23.952502632141112,0.12880859375,0.006418137415312231,0.3563012182712555,300.0,0.012290984,-0.007693363702856004,0.0002,0.6836212873458862
1089536,532,996,1093,-0.011228658258914948,0.2,2613,233.62280786,-23.93554344177246,0.116015625,0.006678597815334797,0.3562023341655731,300.0,0.0085280845,-0.00628919720184058,0.0002,0.6694709062576294
1091584,533,998,1093,-0.015114415436983109,0.2,2618,233.05047933999995,-23.924481773376463,0.1154296875,0.006179480394348502,0.3561774492263794,300.0,0.009808747,-0.007486719498410821,0.0002,0.5018514394760132
1093632,534,999,1093,-0.02025662735104561,0.2,2623,233.27076624000006,-23.920715236663817,0.106640625,0.00514553536195308,0.35614311695098877,300.0,0.0067505464,-0.005928926169872284,0.0002,0.5081952810287476
1095680,535,1001,1093,-0.016276903450489044,0.2,2628,232.51988574000003,-23.90993709564209,0.11396484375,0.006721519911661744,0.35606294870376587,300.0,0.01138972,-0.009151833620853722,0.0002,0.5659005641937256
1097728,536,1003,1094,-0.011185267008841038,0.2,2633,232.80369841,-23.89626064300537,0.10126953125,0.005903307511471212,0.35600441694259644,300.0,0.008268455,-0.008065092796459793,0.0002,0.5993777513504028
1099776,537,1005,1094,0.0042165666818618774,0.2,2638,233.21953868,-23.888088703155518,0.13564453125,0.006000823667272925,0.3559657335281372,300.0,0.017954592,-0.009612667327746748,0.0002,0.5627034306526184
1101824,538,1006,1094,-0.005282633006572723,0.2,2643,232.43889503999998,-23.877992725372316,0.10419921875,0.005018243985250592,0.35588428378105164,300.0,0.011284451,-0.007918068813160062,0.0002,0.6358242630958557
1103872,539,1008,1094,-0.013883370906114578,0.2,2648,232.43889503999998,-23.85551404953003,0.12802734375,0.0036854941747151313,0.35569456219673157,300.0,0.016676512,-0.008176413271576166,0.0002,0.5003207921981812
1105920,540,1010,1094,-0.020235853269696236,0.2,2653,232.2734488,-23.82748508453369,0.13291015625,0.006086564669385552,0.3556022644042969,300.0,0.008356535,-0.00488539207726717,0.0002,0.5762133598327637
1107968,541,1012,1094,-0.005127882584929466,0.2,2658,232.97851073,-23.821014881134033,0.14921875,0.007125935284420848,0.3556129038333893,300.0,0.013771085,-0.00478459601290524,0.0002,0.5456481575965881
1110016,542,1014,1094,0.0017633619718253613,0.2,2663,234.11195313000005,-23.823970794677734,0.1193359375,0.007455812278203666,0.3556242883205414,300.0,0.0145444805,-0.009472641511820257,0.0002,0.5706498026847839
1112064,543,1016,1093,-0.014639637432992458,0.2,2668,234.19970931999995,-23.822043418884277,0.13369140625,0.009000009670853616,0.35560137033462524,300.0,0.018228658,-0.007044746610336006,0.0002,0.6542667150497437
1114112,544,1019,1093,-0.01592070236802101,0.2,2673,234.00953318000003,-23.818410301208495,0.16884765625,0.006792402942664921,0.35557541251182556,300.0,0.010912979,-0.005707936245016754,0.0002,0.6239122152328491
1116160,545,1021,1092,-0.01589776948094368,0.2,2678,233.70950387000002,-23.81126642227173,0.1447265625,0.006163225253112614,0.35552698373794556,300.0,0.010503957,-0.006691854004748166,0.0002,0.6078001856803894
1118208,546,1023,1092,-0.003604319877922535,0.2,2683,233.70950387000002,-23.796466255187987,0.108984375,0.0062555336393415924,0.3553878664970398,300.0,0.009659631,-0.007760681980289519,0.0002,0.552769124507904
1120256,547,1025,1092,-0.015452662482857704,0.2,2688,235.22441279999998,-23.774818897247314,0.1029296875,0.0057280214037746194,0.355315238237381,300.0,0.008438771,-0.0076351399067789314,0.0002,0.5523468255996704
1122304,548,1027,1092,-0.01529997680336237,0.2,2693,235.3809731,-23.765133094787597,0.11064453125,0.006447318592108786,0.3552488386631012,300.0,0.01490072,-0.008814503205940127,0.0002,0.5718629360198975
1124352,549,1029,1091,-0.000389644643291831,0.2,2698,235.49338812000002,-23.75509443283081,0.15390625,0.007229984481818974,0.355243980884552,300.0,0.010632336,-0.003984661446884275,0.0002,0.6342774629592896
1126400,550,1031,1091,-0.009110085666179657,0.2,2703,235.67893842,-23.75642557144165,0.14111328125,0.0078884017188102,0.3552306890487671,300.0,0.011481851,-0.00791395625565201,0.0002,0.6171921491622925
1128448,551,1033,1092,0.019651485607028008,0.2,2707,236.88113840000003,-23.75327796936035,0.14075520833333333,0.007893845128516356,0.35519829392433167,300.0,0.022695668,-0.000306287407875061,0.0002,0.6165139675140381
1130496,552,1035,1092,-0.01800728216767311,0.2,2712,237.03562080000003,-23.752292346954345,0.1568359375,0.006716403854079544,0.3552514910697937,300.0,0.009302054,-0.007888957974500954,0.0002,0.6021090149879456
1132544,553,1036,1092,-0.012457308359444141,0.2,2717,237.03562080000003,-23.762834739685058,0.1390625,0.0083335347706452,0.3552721440792084,300.0,0.016919661,-0.012214804766699672,0.0002,0.6309707164764404
1134592,554,1038,1092,-0.007294977083802223,0.2,2722,236.47304083999995,-23.760544300079346,0.12890625,0.006206630379892886,0.3552614152431488,300.0,0.0074912757,-0.004644220578484237,0.0002,0.5168386101722717
1136640,555,1041,1091,-0.011260095983743668,0.2,2727,236.81024610999998,-23.765231990814208,0.16201171875,0.005299549479968846,0.3553119897842407,300.0,0.012728486,-0.007813803665339947,0.0002,0.6099677681922913
1138688,556,1043,1091,-0.0021265586838126183,0.2,2732,237.45633844999998,-23.769317531585692,0.178125,0.004150514909997583,0.35529813170433044,300.0,0.013303943,-0.005668051308020949,0.0002,0.5673860311508179
1140736,557,1045,1091,-0.006716920994222164,0.2,2737,236.42896371000003,-23.76625051498413,0.12158203125,0.006347045861184597,0.35530993342399597,300.0,0.008868278,-0.007056095032021403,0.0002,0.5273196697235107
1142784,558,1046,1092,-0.002801203168928623,0.2,2739,237.93799288999998,-23.769760513305663,0.222265625,0.007582333963364362,0.3553157448768616,300.0,0.032044757,0.0011750352568924427,0.0002,0.5962666273117065
1144832,559,1048,1092,-0.014805290848016739,0.2,2744,237.79188210999996,-23.769375228881835,0.09794921875,0.005841777566820383,0.35529422760009766,300.0,0.012355856,-0.007604830898344517,0.0002,0.6675540208816528
1146880,560,1050,1092,-0.018827270716428757,0.2,2749,237.79188210999996,-23.765526294708252,0.140625,0.008271843940019608,0.35529467463493347,300.0,0.011874283,-0.0053147059632465245,0.0002,0.6186068058013916
1148928,561,1052,1091,-0.01945282146334648,0.2,2754,238.64045679000003,-23.76085844039917,0.11064453125,0.004205073730554431,0.3552229404449463,300.0,0.012112409,-0.010114934737794101,0.0002,0.6326494216918945
1150976,562,1054,1091,-0.01668376848101616,0.2,2759,237.70649892,-23.74618253707886,0.19384765625,0.008288798993453384,0.3551415503025055,300.0,0.014086366,-0.004765174235217273,0.0002,0.6512986421585083
1153024,563,1056,1091,-0.019678374752402306,0.2,2764,238.84120068000004,-23.732892513275146,0.169921875,0.007744233775883913,0.35508450865745544,300.0,0.014222999,-0.006008239951916039,0.0002,0.5910879373550415
1155072,564,1058,1091,-0.018251724541187286,0.2,2769,237.33190521999998,-23.72571220397949,0.155859375,0.006742269592359662,0.3550463020801544,300.0,0.01216788,-0.010492803016677498,0.0002,0.6299166679382324
1157120,565,1060,1090,-0.024104135110974312,0.2,2774,236.98079566,-23.721994590759277,0.134375,0.00692606398370117,0.35504260659217834,300.0,0.008113864,-0.008986390265636145,0.0002,0.6158314943313599
1159168,566,1062,1090,-0.02059854194521904,0.2,2779,236.98079566,-23.72491321563721,0.12470703125,0.004268627404235304,0.3551081418991089,300.0,0.010661794,-0.010075341677293181,0.0002,0.6494817733764648
1161216,567,1064,1090,0.011029082350432873,0.2,2784,236.6722292,-23.735381889343262,0.2119140625,0.005641012801788747,0.3551109731197357,300.0,0.018173482,-0.002048496319912374,0.0002,0.5577516555786133
1163264,568,1066,1090,-0.012383075430989265,0.2,2789,236.28586969999998,-23.73320140838623,0.11328125,0.006353535340167582,0.35511913895606995,300.0,0.012612258,-0.00693473550491035,0.0002,0.5518803000450134
1165312,569,1068,1090,-0.012800352647900581,0.2,2794,237.11896427000002,-23.736029529571532,0.1470703125,0.0063476348528638486,0.3551308810710907,300.0,0.010607951,-0.008693642029538751,0.0002,0.6766904592514038
1167360,570,1070,1090,-0.008960900828242302,0.2,2799,236.83696923999997,-23.7383544921875,0.1095703125,0.005411785864271224,0.35515090823173523,300.0,0.008839543,-0.009142117225565016,0.0002,0.5837242603302002
1169408,571,1073,1089,-0.02301272191107273,0.2,2804,237.49951724000002,-23.73322639465332,0.10087890625,0.0056139817228540775,0.3550359010696411,300.0,0.011903229,-0.01029736886266619,0.0002,0.613196074962616
1171456,572,1075,1089,-0.005016992799937725,0.2,2809,236.91508449,-23.714776039123535,0.10400390625,0.005012177187018097,0.35500654578208923,300.0,0.007309255,-0.004965120414271951,0.0002,0.6436665058135986
1173504,573,1077,1088,-0.013724444434046745,0.2,2814,236.91508449,-23.720850467681885,0.09912109375,0.006834332761354744,0.35509511828422546,300.0,0.00921141,-0.009768140083178879,0.0002,0.6304316520690918
1175552,574,1079,1088,-0.013574410229921341,0.2,2819,235.11994798000003,-23.73753604888916,0.15234375,0.013573605194687843,0.35519513487815857,300.0,0.010637563,-0.00834137226920575,0.0002,0.5927501916885376
1177600,575,1081,1088,0.003066904842853546,0.2,2824,236.29904964999997,-23.748778057098388,0.12216796875,0.006398545997217298,0.35521045327186584,300.0,0.010726735,-0.0055511044571176175,0.0002,0.574897050857544
1179648,576,1083,1088,-0.008288729004561901,0.2,2829,236.81657633000003,-23.747200298309327,0.124609375,0.006062521762214601,0.35518646240234375,300.0,0.00802419,-0.005474089086055756,0.0002,0.5053236484527588
1181696,577,1085,1088,-0.017389880493283272,0.2,2834,235.25976331999993,-23.74439392089844,0.1109375,0.007641143188811839,0.35518062114715576,300.0,0.009641048,-0.009725084295496345,0.0002,0.5274778604507446
1183744,578,1087,1088,-0.016142750158905983,0.2,2839,234.62744736000005,-23.740370559692384,0.10625,0.008434415608644486,0.3551257848739624,300.0,0.012119534,-0.009095244435593485,0.0002,0.6639944314956665
1185792,579,1089,1088,-0.008477844297885895,0.2,2844,234.68631132000002,-23.72928409576416,0.15849609375,0.008081533131189644,0.3550848066806793,300.0,0.01126948,-0.007992936251685023,0.0002,0.6162915229797363
1187840,580,1091,1088,-0.01847749762237072,0.2,2849,234.68631132000002,-23.716351795196534,0.0720703125,0.007295438437722623,0.3549596071243286,300.0,0.0071163415,-0.00832308498211205,0.0002,0.5834459066390991
1189888,581,1093,1088,-0.009470652788877487,0.2,2854,235.90093901000003,-23.699586391448975,0.0943359375,0.0052550714928656815,0.35494929552078247,300.0,0.01068598,-0.005972528271377087,0.0002,0.25217515230178833
1191936,582,1095,1088,-0.01095840334892273,0.2,2859,235.28619205000004,-23.700292778015136,0.13916015625,0.005866632633842528,0.3549301326274872,300.0,0.010280615,-0.0074960073921829466,0.0002,0.5908873677253723
1193984,583,1097,1088,-0.008694146759808064,0.2,2864,234.97723800000003,-23.690316486358643,0.101171875,0.007692585280165076,0.354848176240921,300.0,0.009868819,-0.006933812843635678,0.0002,0.523815393447876
1196032,584,1099,1088,-0.01152350939810276,0.2,2869,235.48077286,-23.67244758605957,0.13193359375,0.0077051278203725815,0.35472485423088074,300.0,0.01450611,-0.01081375083886087,0.0002,0.5742754936218262
1198080,585,1101,1088,-0.021751129999756813,0.2,2874,235.51522464,-23.656882953643798,0.1072265625,0.0070271327858790755,0.35469239950180054,300.0,0.010929956,-0.009223430976271629,0.0002,0.6525501012802124
1200128,586,1102,1088,-0.011187367141246796,0.2,2879,235.94330613000002,-23.65525140762329,0.155078125,0.008226031926460564,0.35468241572380066,300.0,0.0075345533,-0.006709507096093148,0.0002,0.6254372000694275
1202176,587,1103,1089,-0.0014685764908790588,0.2,2881,235.94330613000002,-23.65303693498884,0.12639508928571427,0.008371111737298114,0.3546746075153351,300.0,0.023862898,-0.0007016781850584916,0.0002,0.6226192116737366
1204224,588,1105,1088,-0.01138700358569622,0.2,2886,235.20538994999995,-23.649050331115724,0.15126953125,0.010203856090083719,0.3546413779258728,300.0,0.012796454,-0.0029131302842870356,0.0002,0.6551488041877747
1206272,589,1108,1088,-0.010261064395308495,0.2,2891,236.64366313000002,-23.64368314743042,0.0873046875,0.007394491974264383,0.3546231985092163,300.0,0.008409152,-0.007623274577781558,0.0002,0.6543018221855164
1208320,590,1110,1088,-0.020205141976475716,0.2,2896,235.94291704,-23.63638801574707,0.144921875,0.005704659386537969,0.3545442223548889,300.0,0.011258364,-0.00880096370819956,0.0002,0.5670267343521118
1210368,591,1112,1087,-0.004191845655441284,0.2,2901,233.99931411,-23.62443265914917,0.13583984375,0.008076077443547547,0.35449686646461487,300.0,0.012508541,-0.007003733445890248,0.0002,0.6459235548973083
1212416,592,1114,1087,-0.01685243844985962,0.2,2906,234.27998802000002,-23.619771671295165,0.16796875,0.008430431410670281,0.35449767112731934,300.0,0.016040081,-0.009551405010279268,0.0002,0.6637125611305237
1214464,593,1115,1088,0.014346069656312466,0.2,2908,235.76628063,-23.621095418930054,0.16796875,0.008249876729678363,0.354505330324173,300.0,0.016152807,0.0072402681689709425,0.0002,0.6360288858413696
1216512,594,1117,1088,-0.014517858624458313,0.2,2913,235.76628063,-23.621494007110595,0.15302734375,0.006092157657258212,0.35447555780410767,300.0,0.0078418255,-0.004437544883694499,0.0002,0.6154816150665283
1218560,595,1119,1088,-0.0008711391128599644,0.2,2918,235.38485506,-23.614316082000734,0.10263671875,0.008288000384345651,0.3544706106185913,300.0,0.010271065,-0.007782112166751176,0.0002,0.6574849486351013
1220608,596,1122,1087,-0.008317637257277966,0.2,2923,234.83722158,-23.620573329925538,0.16630859375,0.007084303442388773,0.3545391857624054,300.0,0.013959638,-0.008708010124973953,0.0002,0.6487075090408325
1222656,597,1124,1087,-0.02412729151546955,0.2,2928,235.67219355,-23.635665702819825,0.19580078125,0.006897038430906832,0.3546261489391327,300.0,0.014565902,-0.012626410066150128,0.0002,0.6885455846786499
1224704,598,1126,1087,-0.015151944011449814,0.2,2933,235.57703389000002,-23.637126541137697,0.11015625,0.006649792427197099,0.35453924536705017,300.0,0.011877516,-0.009476977423764766,0.0002,0.6786632537841797
1226752,599,1128,1087,-0.02079380862414837,0.2,2938,233.96940918000004,-23.621929836273193,0.14287109375,0.005492966459132731,0.35447946190834045,300.0,0.011036549,-0.009115946525707842,0.0002,0.669130265712738
1228800,600,1130,1087,-0.014596185646951199,0.2,2943,233.29005842000004,-23.611246967315672,0.13193359375,0.00784463279414922,0.3544234037399292,300.0,0.011761955,-0.0069771834067069,0.0002,0.6382458209991455
1230848,601,1132,1086,-0.014215155504643917,0.2,2948,233.29005842000004,-23.608002853393554,0.1482421875,0.006176916998811066,0.3544754385948181,300.0,0.011099356,-0.007688150694593787,0.0002,0.6237685680389404
1232896,602,1134,1086,-0.010651030577719212,0.2,2953,234.21172114,-23.617802715301515,0.16025390625,0.0057745618280023335,0.3544919490814209,300.0,0.012887788,-0.007241168012842536,0.0002,0.5539728403091431
1234944,603,1136,1086,-0.02263476885855198,0.2,2958,233.70093691000002,-23.62075834274292,0.1259765625,0.005521395173855126,0.3545435070991516,300.0,0.012863916,-0.012139191571623086,0.0002,0.30343687534332275
1236992,604,1138,1086,-0.02003430388867855,0.2,2963,234.08176145000004,-23.629464149475098,0.14326171875,0.004439821070991457,0.354606568813324,300.0,0.008934867,-0.006714992853812873,0.0002,0.5740878582000732
1239040,605,1140,1086,-0.0219755657017231,0.2,2968,235.70663523,-23.63310298919678,0.13291015625,0.006964255194179714,0.35455599427223206,300.0,0.012549134,-0.008531485591083765,0.0002,0.6235862374305725
1241088,606,1141,1087,0.0039412397891283035,0.2,2970,236.5997562,-23.624093373616535,0.20247395833333334,0.009643876925110817,0.3545325994491577,300.0,0.031155529,-0.005011930518473188,0.0002,0.6160273551940918
1243136,607,1143,1087,-0.020258398726582527,0.2,2975,236.5997562,-23.61668481826782,0.15263671875,0.006679324083961546,0.35447490215301514,300.0,0.017048161,-0.011606825003400444,0.0002,0.5058585405349731
1245184,608,1145,1087,-0.009307123720645905,0.2,2980,236.84639078,-23.610440921783447,0.1365234375,0.006689065950922668,0.35446426272392273,300.0,0.01253208,-0.009297977737151086,0.0002,0.5828027129173279
1247232,609,1147,1087,0.006484317593276501,0.2,2984,236.36603323000003,-23.604133009910583,0.146484375,0.00720464123878628,0.354393869638443,300.0,0.018788468,0.00018208991969004273,0.0002,0.6758522987365723
1249280,610,1149,1086,-0.015463611111044884,0.2,2989,237.09253306000002,-23.598382186889648,0.1978515625,0.006211839383468032,0.3544239401817322,300.0,0.013716298,-0.004052666504867375,0.0002,0.5912655591964722
1251328,611,1151,1086,-0.012963488698005676,0.2,2994,238.63180234,-23.605453109741212,0.1421875,0.006857042177580297,0.35444414615631104,300.0,0.010723915,-0.007968093501403928,0.0002,0.565623939037323
1253376,612,1153,1086,-0.012027167715132236,0.2,2999,238.71657158999997,-23.601398181915282,0.12109375,0.0055530761834234,0.35436975955963135,300.0,0.013481174,-0.008815319789573551,0.0002,0.5849971771240234
1255424,613,1156,1085,-0.01834079436957836,0.2,3004,238.58484203000003,-23.58740301132202,0.14384765625,0.006750203808769584,0.3543170988559723,300.0,0.011814528,-0.009350193198770285,0.0002,0.5808447599411011
1257472,614,1158,1085,-0.005407241173088551,0.2,3009,238.58484203000003,-23.58051414489746,0.174609375,0.009805795038118958,0.3542708456516266,300.0,0.013837308,-0.0007608180632814765,0.0002,0.6153395175933838
1259520,615,1160,1085,-0.018884830176830292,0.2,3014,237.71524573000002,-23.580149745941164,0.1259765625,0.011760383285582066,0.35434362292289734,300.0,0.012467582,-0.011048301076516508,0.0002,0.5926759243011475
1261568,616,1162,1085,-0.016563035547733307,0.2,3019,237.99637765,-23.590937042236327,0.14130859375,0.005356443533673883,0.35438695549964905,300.0,0.01395008,-0.010278186341747642,0.0002,0.601414680480957
1263616,617,1164,1085,-0.016272732987999916,0.2,3024,237.49201397999997,-23.591339015960692,0.1341796875,0.007375184190459549,0.3543553948402405,300.0,0.01128223,-0.009387320023961365,0.0002,0.5690125226974487
1265664,618,1166,1084,0.004252724349498749,0.2,3029,237.38553809000004,-23.588590812683105,0.1375,0.006395919201895595,0.3543611466884613,300.0,0.01727044,-0.009714018274098634,0.0002,0.5895825624465942
1267712,619,1169,1084,-0.023408837616443634,0.2,3034,237.07986822000004,-23.583252239227296,0.12607421875,0.004340834286995232,0.35427126288414,300.0,0.011143303,-0.0064237664453685285,0.0002,0.6555509567260742
1269760,620,1171,1084,-0.005428338423371315,0.2,3039,237.92191927000005,-23.560458755493165,0.098828125,0.005290529504418373,0.35410040616989136,300.0,0.008902841,-0.006706867972388864,0.0002,0.5962212085723877
1271808,621,1173,1083,-0.021203557029366493,0.2,3044,237.92191927000005,-23.537793159484863,0.11455078125,0.006202572584152221,0.35405412316322327,300.0,0.009533486,-0.011820750078186393,0.0002,0.659777045249939
1273856,622,1175,1083,0.0025855982676148415,0.2,3049,239.10602732000004,-23.53511972427368,0.163671875,0.00640864537563175,0.3540393114089966,300.0,0.021619767,-0.005116795306093991,0.0002,0.4845796823501587
1275904,623,1178,1082,-0.01917385496199131,0.2,3054,239.52175884,-23.533653736114502,0.116015625,0.008876780420541764,0.35404571890830994,300.0,0.011396577,-0.007634603721089661,0.0002,0.6321150660514832
1277952,624,1180,1082,0.0028937291353940964,0.2,3059,236.88197870000005,-23.53493480682373,0.1462890625,0.009546281816437841,0.35404765605926514,300.0,0.01166182,-0.0029173897579312324,0.0002,0.6293020248413086
1280000,625,1182,1082,-0.004302683286368847,0.2,3064,237.06909889000002,-23.527315425872803,0.165234375,0.00839864038862288,0.3539360463619232,300.0,0.012972248,-0.004999881191179156,0.0002,0.6814206838607788
1282048,626,1184,1082,-0.02128562144935131,0.2,3069,236.06536515,-23.510877990722655,0.18095703125,0.007643965911120177,0.35390716791152954,300.0,0.0121793505,-0.004600507114082575,0.0002,0.678267240524292
1284096,627,1186,1081,-0.015025573782622814,0.2,3074,237.53793554999996,-23.503252696990966,0.18759765625,0.00974439037963748,0.3538002371788025,300.0,0.014224325,-0.006794983195140958,0.0002,0.6034592390060425
1286144,628,1189,1081,-0.01867329701781273,0.2,3079,237.53793554999996,-23.488509559631346,0.13564453125,0.004803468100726604,0.35379156470298767,300.0,0.014711524,-0.010765549610368907,0.0002,0.5842305421829224
1288192,629,1191,1081,-0.014758464880287647,0.2,3084,238.07595218000003,-23.492755222320557,0.13818359375,0.009990067407488822,0.3538198471069336,300.0,0.011734979,-0.008250415651127696,0.0002,0.6232869625091553
1290240,630,1193,1081,-0.010447777807712555,0.2,3089,237.35710474000004,-23.49775848388672,0.15078125,0.006291944859549403,0.35386669635772705,300.0,0.010291295,-0.008985563111491502,0.0002,0.6552301645278931
1292288,631,1195,1081,-0.01702709309756756,0.2,3094,237.87258349,-23.50548906326294,0.1826171875,0.006475577200762928,0.3539060950279236,300.0,0.016507858,-0.005793525860644877,0.0002,0.670158863067627
1294336,632,1196,1081,0.0007004477083683014,0.2,3099,237.60128857,-23.506599330902098,0.169921875,0.008097960031591356,0.35387441515922546,300.0,0.012211692,-0.004573137545958161,0.0002,0.6648170948028564
1296384,633,1198,1081,-0.010988072492182255,0.2,3104,236.60302352,-23.503217697143555,0.1294921875,0.007673592073842883,0.3539036512374878,300.0,0.010300101,-0.005174083611927926,0.0002,0.6110998392105103
1298432,634,1200,1081,-0.00807575136423111,0.2,3109,236.18249685000004,-23.511574935913085,0.1291015625,0.0095009237062186,0.3539403975009918,300.0,0.012213115,-0.011118762753903865,0.0002,0.5987259149551392
1300480,635,1202,1081,-0.02021535485982895,0.2,3114,236.18249685000004,-23.524463176727295,0.1548828125,0.0064043436432257295,0.3540746569633484,300.0,0.01535286,-0.010697868140414356,0.0002,0.6100168228149414
1302528,636,1204,1081,-0.016634784638881683,0.2,3119,234.75669915000003,-23.543354034423828,0.09873046875,0.006856645760126412,0.35413625836372375,300.0,0.008392701,-0.008722128835506738,0.0002,0.6391223669052124
1304576,637,1206,1081,-0.019792113453149796,0.2,3124,233.5903022,-23.549149227142333,0.144921875,0.005982192791998386,0.3541584610939026,300.0,0.011184884,-0.007614596001803875,0.0002,0.6719547510147095
1306624,638,1208,1081,-0.009852880612015724,0.2,3129,233.80753572,-23.552869987487792,0.13935546875,0.006751073338091373,0.3541746437549591,300.0,0.01600102,-0.006469479273073375,0.0002,0.6713175177574158
1308672,639,1208,1082,0.023091323673725128,0.2,3131,233.75304976000004,-23.551657676696777,0.202392578125,0.008720924146473408,0.35415753722190857,300.0,0.015872773,0.014249834348447621,0.0002,0.6021779775619507
1310720,640,1210,1082,-0.002746563870459795,0.2,3136,232.97179938000002,-23.544517230987548,0.1814453125,0.00578576629050076,0.3541053533554077,300.0,0.015696438,-0.004363111313432455,0.0002,0.5793211460113525
1312768,641,1212,1082,-0.007421908900141716,0.2,3141,232.97179938000002,-23.533606338500977,0.15595703125,0.005659299413673579,0.3540307581424713,300.0,0.01033875,-0.009388138772919774,0.0002,0.575264036655426
1314816,642,1214,1082,-0.0013268995098769665,0.2,3146,233.03536265,-23.5273419380188,0.088671875,0.01027150396257639,0.3540629744529724,300.0,0.010461682,-0.006735446327365935,0.0002,0.7254987359046936
1316864,643,1216,1082,-0.021493790671229362,0.2,3151,232.45563489,-23.53257598876953,0.11376953125,0.008396561467088759,0.35407543182373047,300.0,0.010742832,-0.006351454649120569,0.0002,0.5761969089508057
1318912,644,1218,1082,-0.0139644555747509,0.2,3156,232.68519929999994,-23.533518505096435,0.1537109375,0.008210321795195341,0.35407721996307373,300.0,0.016729524,-0.008827355923131108,0.0002,0.6330193281173706
1320960,645,1220,1082,-0.0246574729681015,0.2,3161,232.79972475000002,-23.528109073638916,0.1486328125,0.006012831744737923,0.3540252447128296,300.0,0.011642201,-0.011844545818166807,0.0002,0.5638790130615234
1323008,646,1221,1082,-0.015916384756565094,0.2,3166,232.97112542,-23.51830463409424,0.13896484375,0.008012981456704437,0.35396480560302734,300.0,0.00919917,-0.011106430983636529,0.0002,0.6375995874404907
1325056,647,1223,1082,-0.01700183004140854,0.2,3171,232.20833368999996,-23.511487865447997,0.18076171875,0.009058347111567855,0.3539734482765198,300.0,0.016702691,-0.0042070439783856274,0.0002,0.6757999062538147
1327104,648,1225,1082,-0.007798254024237394,0.2,3176,232.20833368999996,-23.511523818969728,0.0923828125,0.0076050155097618696,0.35393959283828735,300.0,0.010552108,-0.008320047985762358,0.0002,0.6058574914932251
1329152,649,1227,1082,-0.013212321326136589,0.2,3181,231.17960441,-23.502847099304198,0.13662109375,0.007054373435676098,0.35388150811195374,300.0,0.013425378,-0.0052360428497195246,0.0002,0.5359749794006348
1331200,650,1229,1082,-0.006977370008826256,0.2,3186,232.71358362999996,-23.488922786712646,0.14267578125,0.005214481975417584,0.35378625988960266,300.0,0.011302483,-0.00980922942981124,0.0002,0.43693655729293823
1333248,651,1231,1082,0.0008452306501567364,0.2,3191,232.83192027999996,-23.472805118560792,0.122265625,0.006119244918227196,0.35371607542037964,300.0,0.0124547025,-0.006124915648251772,0.0002,0.6159565448760986
1335296,652,1232,1082,-0.012169263325631618,0.2,3196,233.40964707000003,-23.466138935089113,0.103125,0.005475093633867801,0.3537016212940216,300.0,0.009731412,-0.008086897688917816,0.0002,0.6281119585037231
1337344,653,1234,1082,-0.0021611361298710108,0.2,3201,232.72186788000008,-23.467406845092775,0.1546875,0.007049596775323153,0.35372763872146606,300.0,0.011180991,-0.006075104814954102,0.0002,0.6295288801193237
1339392,654,1236,1082,-0.01312928181141615,0.2,3206,232.16306352999996,-23.470436573028564,0.1244140625,0.00967527343891561,0.3537236452102661,300.0,0.008239296,-0.005913582257926464,0.0002,0.6572571992874146
1341440,655,1238,1082,-0.009551971219480038,0.2,3211,232.16306352999996,-23.470450592041015,0.14619140625,0.007114624441601336,0.3537466526031494,300.0,0.014101372,-0.001969678932800889,0.0002,0.5511277914047241
1343488,656,1240,1082,-0.009532643482089043,0.2,3216,232.14111049000002,-23.47156810760498,0.118359375,0.011009570537135005,0.35372409224510193,300.0,0.009172261,-0.006993659888394177,0.0002,0.6332038640975952
1345536,657,1242,1082,-0.014177769422531128,0.2,3221,231.95005482999997,-23.463122940063478,0.15771484375,0.008465467835776508,0.35366082191467285,300.0,0.016780682,-0.009637605841271579,0.0002,0.6002509593963623
1347584,658,1244,1082,-0.009833462536334991,0.2,3226,231.76322913999996,-23.453822994232176,0.12578125,0.007735768868587911,0.3536263704299927,300.0,0.0108406795,-0.00678377621807158,0.0002,0.5883508324623108
1349632,659,1246,1083,-0.005944881588220596,0.2,3231,232.63228767999996,-23.444458103179933,0.12763671875,0.005863585765473545,0.35351797938346863,300.0,0.013451837,-0.01044479045085609,0.0002,0.5988059043884277
1351680,660,1247,1083,-0.019184259697794914,0.2,3236,232.40393246999997,-23.419853115081786,0.1751953125,0.006723971338942647,0.3533821702003479,300.0,0.013636473,-0.0031956402817741036,0.0002,0.5968918204307556
1353728,661,1249,1083,0.0016461387276649475,0.2,3241,233.30817362,-23.401402950286865,0.16103515625,0.008166149351745844,0.35329946875572205,300.0,0.01612904,-0.004714975436218083,0.0002,0.5972187519073486
1355776,662,1251,1083,-0.0050189681351184845,0.2,3246,233.30817362,-23.395126247406004,0.15205078125,0.006826298218220473,0.3533330261707306,300.0,0.010613053,-0.0046232546446844935,0.0002,0.5309664011001587
1357824,663,1253,1083,-0.0008852467872202396,0.2,3251,232.77421253,-23.40342960357666,0.14873046875,0.009779753489419818,0.3533565104007721,300.0,0.01550927,-0.006048104050569237,0.0002,0.5433633327484131
1359872,664,1255,1083,-0.01623065397143364,0.2,3256,232.71646773999998,-23.40483388900757,0.16640625,0.005338384886272252,0.35334160923957825,300.0,0.012070424,-0.006773684779182077,0.0002,0.46186548471450806
1361920,665,1257,1083,-0.004082142375409603,0.2,3261,232.17954779,-23.405513858795167,0.15966796875,0.007563530514016747,0.3533916473388672,300.0,0.010413613,-0.004887475841678679,0.0002,0.5961155891418457
1363968,666,1258,1083,0.010885327123105526,0.2,3266,231.79514968,-23.41638879776001,0.128125,0.009371584746986628,0.3534332811832428,300.0,0.015967153,-0.006459573726169765,0.0002,0.653813362121582
1366016,667,1260,1083,-0.013351034373044968,0.2,3271,234.14077202999997,-23.417397880554198,0.13916015625,0.007158305798657239,0.3534199893474579,300.0,0.013091267,-0.009631459880620242,0.0002,0.6188520789146423
1368064,668,1262,1083,-0.01447482593357563,0.2,3276,233.38713362000001,-23.410431575775146,0.1658203125,0.0049539964646101,0.35334375500679016,300.0,0.017632497,-0.00816391424741596,0.0002,0.6401416063308716
1370112,669,1264,1083,0.041831858456134796,0.2,3280,233.38713362000001,-23.399607849121093,0.15390625,0.006871921041359504,0.353312224149704,300.0,0.024188884,0.0005393027017513911,0.0002,0.6244032382965088
1372160,670,1265,1084,0.015463417395949364,0.2,3283,234.59306539000002,-23.39392677942912,0.16227213541666666,0.0065057955992718535,0.3532773554325104,300.0,0.016923811,-0.000577686820179224,0.0002,0.558690071105957
1374208,671,1267,1084,-0.00219537690281868,0.2,3288,234.61222535999997,-23.39436388015747,0.16611328125,0.008136212034150958,0.35333845019340515,300.0,0.014609279,-0.004636677424423396,0.0002,0.5265105366706848
1376256,672,1269,1084,-0.020240183919668198,0.2,3293,234.66460319,-23.40544958114624,0.1388671875,0.008493002550676466,0.35335662961006165,300.0,0.011347165,-0.010326041211374103,0.0002,0.6221352815628052
1378304,673,1271,1084,-0.014006044715642929,0.2,3298,234.73638212000003,-23.3993932723999,0.12763671875,0.006833431101404131,0.35328131914138794,300.0,0.009657277,-0.009524489752948284,0.0002,0.5797687768936157
1380352,674,1273,1084,-0.023951269686222076,0.2,3303,234.54790828000006,-23.3921968460083,0.1404296875,0.00962761458940804,0.3532940447330475,300.0,0.016305313,-0.01126959843095392,0.0002,0.5993795394897461
1382400,675,1274,1084,-0.007056138943880796,0.2,3308,235.30869072,-23.39463939666748,0.15234375,0.008302085171453654,0.353278785943985,300.0,0.013833031,-0.00603560502640903,0.0002,0.6189395785331726
1384448,676,1276,1084,-0.010279432870447636,0.2,3313,235.30869072,-23.393600368499754,0.15888671875,0.005472540715709328,0.3532906770706177,300.0,0.010425523,-0.006203780404757708,0.0002,0.6288117170333862
1386496,677,1278,1084,-0.004064314067363739,0.2,3318,235.62980720000004,-23.39678535461426,0.17197265625,0.00719961947761476,0.35330814123153687,300.0,0.017547958,-0.005860316031612456,0.0002,0.5135252475738525
1388544,678,1280,1084,-0.0047107478603720665,0.2,3323,235.19545171000001,-23.393509292602538,0.1318359375,0.005155072268098593,0.35325178503990173,300.0,0.011621178,-0.007083233539015054,0.0002,0.5103248357772827
1390592,679,1281,1084,-0.004216799978166819,0.2,3328,234.74449387000004,-23.38059902191162,0.15537109375,0.009449717495590449,0.353181391954422,300.0,0.016900295,-0.010774471308104694,0.0002,0.6309105753898621
1392640,680,1283,1084,-0.015129059553146362,0.2,3333,235.04016343000006,-23.371298408508302,0.124609375,0.008396174269728362,0.3531704545021057,300.0,0.010451576,-0.01071480147074908,0.0002,0.6754899024963379
1394688,681,1284,1085,0.013126932084560394,0.2,3335,234.63452435000002,-23.37276840209961,0.16685267857142858,0.0056925916911235875,0.3531801402568817,300.0,0.022993637,0.0018338169237332685,0.0002,0.652642011642456
1396736,682,1286,1085,-0.008083444088697433,0.2,3340,234.63452435000002,-23.368723583221435,0.09560546875,0.006186715723015368,0.35311412811279297,300.0,0.010518132,-0.006683169677853584,0.0002,0.502269446849823
1398784,683,1288,1085,0.013672085478901863,0.2,3345,233.34919961000003,-23.35993413925171,0.1369140625,0.00845606899820268,0.3531047999858856,300.0,0.014331862,-0.008714218682143837,0.0002,0.508057713508606
1400832,684,1290,1085,-0.007872214540839195,0.2,3350,234.41259809,-23.357001876831056,0.14560546875,0.008326165634207428,0.3530626595020294,300.0,0.015797704,-0.00914285657927394,0.0002,0.655360221862793
1402880,685,1292,1085,-0.007046141196042299,0.2,3355,234.29317862,-23.344878673553467,0.12998046875,0.00815176204778254,0.3529791533946991,300.0,0.0151390545,-0.008511683635879308,0.0002,0.5139497518539429
1404928,686,1294,1085,-0.015930838882923126,0.2,3360,234.76163293999997,-23.335048770904542,0.1458984375,0.00955071032512933,0.3529808819293976,300.0,0.01818896,-0.008839190332219004,0.0002,0.6672147512435913
1406976,687,1296,1085,-0.00782858394086361,0.2,3365,234.02993027999997,-23.339652442932127,0.18681640625,0.009430398372933269,0.35301440954208374,300.0,0.019605003,-0.0002669738372787833,0.0002,0.6284747123718262
1409024,688,1298,1085,-0.004903112538158894,0.2,3370,234.08215283999994,-23.344008922576904,0.18935546875,0.010016148118302226,0.3530348539352417,300.0,0.017608352,-0.005317174782976508,0.0002,0.5347898006439209
1411072,689,1299,1085,-0.012576468288898468,0.2,3375,234.08215283999994,-23.344206523895263,0.08271484375,0.006677044811658562,0.3529970049858093,300.0,0.010576796,-0.0070114886155352,0.0002,0.5785220265388489
1413120,690,1301,1085,-0.01754055917263031,0.2,3380,234.61299431,-23.334782600402832,0.15859375,0.007163835992105305,0.3529450595378876,300.0,0.012675886,-0.005298426584340632,0.0002,0.62288498878479
1415168,691,1303,1085,-0.020027026534080505,0.2,3385,234.97795971,-23.323357677459718,0.13759765625,0.005216026958078146,0.3528434932231903,300.0,0.00885554,-0.005409825430251658,0.0002,0.6126083135604858
1417216,692,1305,1085,-0.023688212037086487,0.2,3390,235.62512663,-23.310874652862548,0.1544921875,0.0069315133849158885,0.3528382182121277,300.0,0.014894631,-0.00938777906121686,0.0002,0.6074984073638916
1419264,693,1306,1086,0.014822606928646564,0.2,3393,235.82850174000004,-23.314351240793865,0.173828125,0.008129324919233719,0.35286301374435425,300.0,0.01820207,0.0014614549775918324,0.0002,0.6811786890029907
1421312,694,1308,1086,-0.0030898216646164656,0.2,3398,235.87735668000002,-23.320308208465576,0.17080078125,0.007218585209921002,0.35291588306427,300.0,0.01399258,-0.007037187402602285,0.0002,0.661152720451355
1423360,695,1310,1086,-0.009731719270348549,0.2,3403,236.14769215000004,-23.31780548095703,0.08759765625,0.00624644283670932,0.35279205441474915,300.0,0.007627255,-0.008161310618743301,0.0002,0.6650243997573853
1425408,696,1311,1086,-0.012733185663819313,0.2,3408,236.14769215000004,-23.294815063476562,0.143359375,0.006303510279394686,0.35272112488746643,300.0,0.012097262,-0.010219401819631458,0.0002,0.5392513275146484
1427456,697,1313,1086,-0.0013967715203762054,0.2,3413,237.42011247000002,-23.274550914764404,0.13076171875,0.005857341643422842,0.3525291979312897,300.0,0.017451718,-0.0030313664115965365,0.0002,0.4716053009033203
1429504,698,1315,1086,-0.01368950679898262,0.2,3418,236.80559495999998,-23.24612512588501,0.14814453125,0.006182300578802824,0.35244235396385193,300.0,0.016827846,-0.0049660475691780444,0.0002,0.5691002607345581
1431552,699,1317,1086,-0.017695242539048195,0.2,3423,237.36233176000002,-23.23910799026489,0.17109375,0.007049534632824361,0.3524433374404907,300.0,0.0065606385,-0.001734799554105848,0.0002,0.6778339147567749
1433600,700,1319,1086,-0.00956528540700674,0.2,3428,237.64576509,-23.235951519012453,0.15048828125,0.006133161298930645,0.3523777425289154,300.0,0.014209328,-0.0048240093048661946,0.0002,0.5934512615203857
1435648,701,1320,1087,0.0067408825270831585,0.2,3432,236.94089718999996,-23.22774578974797,0.17067307692307693,0.007054649687443788,0.35238099098205566,300.0,0.030028634,-0.0017345444156000246,0.0002,0.5934174656867981
1437696,702,1322,1087,-0.008243788033723831,0.2,3437,237.77831918,-23.2323016166687,0.129296875,0.007591319875791669,0.35240623354911804,300.0,0.013981127,-0.0053650177083909515,0.0002,0.5562403202056885
1439744,703,1324,1087,-0.011026468127965927,0.2,3442,237.77831918,-23.23241138458252,0.15791015625,0.007204086682759225,0.3523945212364197,300.0,0.012908844,-0.009419906139373779,0.0002,0.6136337518692017
1441792,704,1326,1087,-0.007069535553455353,0.2,3447,238.26332217999996,-23.22973566055298,0.1900390625,0.011805224418640136,0.352375328540802,300.0,0.009187723,-0.002791335084475577,0.0002,0.6194376945495605
1443840,705,1328,1087,-0.021913466975092888,0.2,3452,237.93562988999997,-23.22245273590088,0.1283203125,0.006373033882118762,0.35233792662620544,300.0,0.011831016,-0.011494764243252575,0.0002,0.5214239358901978
1445888,706,1329,1087,-0.013341879472136497,0.2,3457,238.97281553000002,-23.218727684020998,0.13154296875,0.007319343881681562,0.3523181676864624,300.0,0.010334883,-0.009109256812371314,0.0002,0.53131103515625
1447936,707,1331,1087,-0.014101404696702957,0.2,3462,238.32834588000006,-23.219320392608644,0.17646484375,0.006274114502593875,0.3523534834384918,300.0,0.02141225,-0.010432848380878568,0.0002,0.6362992525100708
1449984,708,1333,1087,-0.008199553936719894,0.2,3467,238.30139556000003,-23.226641178131104,0.13271484375,0.006084085674956441,0.3523957133293152,300.0,0.011414156,-0.0077308467356488105,0.0002,0.593349277973175
1452032,709,1335,1087,-0.011228963732719421,0.2,3472,240.03840179000002,-23.226911735534667,0.17392578125,0.006223368179053068,0.35234561562538147,300.0,0.015528533,-0.008573703840374947,0.0002,0.6045325994491577
1454080,710,1337,1087,-0.007579034194350243,0.2,3477,240.03840179000002,-23.217780017852782,0.1119140625,0.00620557505171746,0.35231608152389526,300.0,0.012552552,-0.007226451556198299,0.0002,0.585781991481781
1456128,711,1338,1087,-0.009265686385333538,0.2,3482,238.66930841,-23.213314151763917,0.2048828125,0.008220552327111363,0.35229015350341797,300.0,0.018701084,-0.003869840851984918,0.0002,0.5462276935577393
1458176,712,1340,1087,-0.0042109014466404915,0.2,3487,236.36988891999997,-23.21076421737671,0.1794921875,0.008624197402969002,0.3522734045982361,300.0,0.012092754,-0.006474222359247506,0.0002,0.6352314949035645
1460224,713,1342,1087,-0.01259643491357565,0.2,3492,236.69471932000005,-23.201061916351318,0.1548828125,0.006934721977449954,0.3521799147129059,300.0,0.0131970635,-0.006342265615239739,0.0002,0.6215648055076599
1462272,714,1344,1087,-0.011079752817749977,0.2,3497,235.98811132999998,-23.187503337860107,0.1279296875,0.006677715037949383,0.35214704275131226,300.0,0.011839056,-0.008896456682123244,0.0002,0.6628831624984741
1464320,715,1346,1087,0.003424446564167738,0.2,3502,236.57582606000003,-23.183333492279054,0.13896484375,0.006040107295848429,0.3521299660205841,300.0,0.017364413,-0.0032481693429872393,0.0002,0.6005431413650513
1466368,716,1348,1087,-0.00029294216074049473,0.2,3507,236.57582606000003,-23.18116807937622,0.1548828125,0.0039211751893162726,0.3521310091018677,300.0,0.011660873,-0.0001380863133817911,0.0002,0.5800469517707825
1468416,717,1350,1087,-0.01593402959406376,0.2,3512,236.27894868999996,-23.181080627441407,0.12138671875,0.006288550700992346,0.35212796926498413,300.0,0.011896401,-0.009284917439799756,0.0002,0.5153950452804565
1470464,718,1352,1087,0.004778658505529165,0.2,3517,237.08321300999995,-23.175051498413087,0.14677734375,0.0052497679833322765,0.3520595133304596,300.0,0.016465249,-0.008731142804026603,0.0002,0.6122846603393555
1472512,719,1354,1087,-0.008931595832109451,0.2,3522,236.58154135999996,-23.161710357666017,0.15478515625,0.007949047279544175,0.35196980834007263,300.0,0.0116768265,-0.009918670146726071,0.0002,0.5284072160720825
1474560,720,1355,1087,-0.009122675284743309,0.2,3527,235.96259126999996,-23.147901630401613,0.14267578125,0.006486134021542966,0.3519640862941742,300.0,0.016139697,-0.010480151511728764,0.0002,0.47349727153778076
1476608,721,1357,1087,-0.017625268548727036,0.2,3532,235.71370924000001,-23.156523513793946,0.11728515625,0.005883826687932014,0.352060467004776,300.0,0.011692909,-0.009131664875894785,0.0002,0.4763979911804199
1478656,722,1359,1087,-0.01262868382036686,0.2,3537,236.05597178999997,-23.167720317840576,0.13935546875,0.005785988736897707,0.35206109285354614,300.0,0.014529191,-0.011703243665397167,0.0002,0.5192528963088989
1480704,723,1361,1087,-0.01829366758465767,0.2,3542,236.05597178999997,-23.16436824798584,0.12119140625,0.006198571203276515,0.35205814242362976,300.0,0.012298815,-0.010912679159082473,0.0002,0.6392101049423218
1482752,724,1364,1086,-0.013122132048010826,0.2,3547,236.19591369999995,-23.158206081390382,0.18251953125,0.008619284885935486,0.3519776165485382,300.0,0.014277045,-0.0037862720433622598,0.0002,0.6433619260787964
1484800,725,1366,1086,-0.007466692477464676,0.2,3552,235.92424039000002,-23.144392681121825,0.14599609375,0.007398302550427616,0.351931631565094,300.0,0.012600098,-0.0060781922773458065,0.0002,0.5925991535186768
1486848,726,1368,1086,-0.005290159024298191,0.2,3557,236.99335877,-23.139065647125243,0.14013671875,0.007180542568676174,0.3519032895565033,300.0,0.009428339,-0.007358314166776836,0.0002,0.6497108936309814
1488896,727,1369,1086,-0.012238338589668274,0.2,3562,236.28477980000002,-23.140337467193604,0.11533203125,0.008115744823589921,0.35196051001548767,300.0,0.011342695,-0.00817802983801812,0.0002,0.7002457976341248
1490944,728,1371,1086,-0.012006692588329315,0.2,3567,236.77998608000001,-23.15097532272339,0.1591796875,0.006795544316992164,0.35199788212776184,300.0,0.012481214,-0.007585265976376832,0.0002,0.6930080056190491
1492992,729,1373,1086,-0.013147415593266487,0.2,3572,235.38625384999995,-23.157227802276612,0.12421875,0.006020894553512335,0.3520579934120178,300.0,0.014234188,-0.004787091701291502,0.0002,0.6896752715110779
1495040,730,1375,1087,-0.018062997609376907,0.2,3577,235.38625384999995,-23.164391422271727,0.19697265625,0.006900681764818728,0.3520583510398865,300.0,0.019921679,-0.006724865990690887,0.0002,0.6342349052429199
1497088,731,1377,1086,-0.01917228475213051,0.2,3582,236.21914446000002,-23.16250686645508,0.16083984375,0.005894066696055233,0.3520539700984955,300.0,0.017920054,-0.007578362361527979,0.0002,0.6031729578971863
1499136,732,1379,1086,-0.0076953088864684105,0.2,3587,235.79163852000008,-23.1642765045166,0.137109375,0.007884302455931903,0.35208243131637573,300.0,0.0125375595,-0.007179304305464029,0.0002,0.6267130970954895
1501184,733,1381,1086,-0.01254214160144329,0.2,3592,236.17895770999996,-23.176805114746095,0.14658203125,0.007438477873802185,0.3522120416164398,300.0,0.010155789,-0.005935375159606337,0.0002,0.66282057762146
1503232,734,1383,1086,-0.012630905956029892,0.2,3597,236.10502246,-23.19294967651367,0.1072265625,0.007431191275827587,0.35220974683761597,300.0,0.01336598,-0.00942039538640529,0.0002,0.6775226593017578
1505280,735,1384,1086,-0.0118555361405015,0.2,3602,236.51336409000004,-23.188012027740477,0.15302734375,0.00806301855482161,0.3522384464740753,300.0,0.011925422,-0.005991138936951757,0.0002,0.6755065321922302
1507328,736,1386,1087,0.021717505529522896,0.2,3605,236.93304473999993,-23.195319493611652,0.15022786458333334,0.0069073468912392855,0.35226961970329285,300.0,0.019006168,0.0002457570129384597,0.0002,0.6228560209274292
1509376,737,1388,1087,-0.03203693404793739,0.2,3610,236.93304473999993,-23.197723960876466,0.1392578125,0.0038939873455092313,0.35225236415863037,300.0,0.011059264,-0.014004590851254762,0.0002,0.5307457447052002
1511424,738,1390,1086,-0.010487153194844723,0.2,3615,236.93848781999998,-23.193628978729247,0.08857421875,0.004313901055138558,0.35222795605659485,300.0,0.006524205,-0.005561848776414991,0.0002,0.6006991863250732
1513472,739,1393,1086,-0.007184917107224464,0.2,3620,237.35670997,-23.182495403289796,0.096875,0.006167205120436847,0.35210463404655457,300.0,0.008563376,-0.00580879517365247,0.0002,0.5848100185394287
1515520,740,1395,1086,-0.003958407789468765,0.2,3625,238.04740270999994,-23.16740999221802,0.17392578125,0.005027374648489058,0.35211774706840515,300.0,0.021710284,-0.0075090454891324045,0.0002,0.626676082611084
1517568,741,1398,1084,-0.018955375999212265,0.2,3630,237.61821766,-23.17231206893921,0.14150390625,0.007487061806023121,0.35211488604545593,300.0,0.014904479,-0.0080647355876863,0.0002,0.6119288206100464
1519616,742,1400,1084,0.016141870990395546,0.2,3634,237.52261541000004,-23.167094421386718,0.12604166666666666,0.0073393906466662885,0.35207805037498474,300.0,0.020183511,-0.003133294079452753,0.0002,0.6094294786453247
1521664,743,1402,1084,-0.008121723309159279,0.2,3639,239.24768435000001,-23.154920864105225,0.091796875,0.005979128833860159,0.3519660532474518,300.0,0.009052938,-0.007670738361775875,0.0002,0.651870608329773
1523712,744,1404,1084,-0.010162661783397198,0.2,3644,239.24768435000001,-23.139751052856447,0.14013671875,0.006107104616239667,0.3519322872161865,300.0,0.011330167,-0.006367108318954706,0.0002,0.5880157947540283
1525760,745,1406,1084,-0.0035682767629623413,0.2,3649,239.32378846000003,-23.138127708435057,0.1716796875,0.008118121488951146,0.3519251048564911,300.0,0.014572429,-0.004017765237949789,0.0002,0.6200596690177917
1527808,746,1408,1084,-0.010645681992173195,0.2,3654,239.74652586999997,-23.141388416290283,0.14765625,0.007741651847027242,0.3519681394100189,300.0,0.01289309,-0.00801877335179597,0.0002,0.5833179950714111
1529856,747,1410,1084,-0.002492043888196349,0.2,3659,237.44277299,-23.14683485031128,0.17099609375,0.007083254703320563,0.3519727289676666,300.0,0.012185948,-0.004937533475458622,0.0002,0.6340322494506836
1531904,748,1413,1084,-0.019544832408428192,0.2,3664,237.21525022000003,-23.147267818450928,0.121875,0.008069711271673441,0.3519645035266876,300.0,0.0099741295,-0.009495897660963237,0.0002,0.6153767108917236
1533952,749,1415,1083,-0.016024794429540634,0.2,3669,237.65699204999999,-23.141298294067383,0.1529296875,0.006416700407862663,0.3519171476364136,300.0,0.013261812,-0.006315873097628355,0.0002,0.6564960479736328
1536000,750,1417,1083,-0.013688289560377598,0.2,3674,236.65821025000002,-23.1315598487854,0.11572265625,0.006928321346640587,0.3518517017364502,300.0,0.014188754,-0.010450304218102247,0.0002,0.6724017858505249
1538048,751,1419,1083,-0.005992834456264973,0.2,3679,236.65821025000002,-23.126133823394774,0.16435546875,0.008529683295637368,0.3518745005130768,300.0,0.012008228,-0.006187398685142398,0.0002,0.6132644414901733
1540096,752,1421,1083,-0.016123447567224503,0.2,3684,237.06137648,-23.13046751022339,0.13271484375,0.006003047875128687,0.35188084840774536,300.0,0.0150537845,-0.005501101678237319,0.0002,0.612764835357666
1542144,753,1423,1082,0.0011898581869900227,0.2,3689,236.59124171999997,-23.132246208190917,0.169921875,0.006035830779001117,0.35191166400909424,300.0,0.017207228,-0.007552626880351454,0.0002,0.6446741819381714
1544192,754,1426,1082,-0.021337008103728294,0.2,3694,236.60766587999998,-23.133407306671142,0.14677734375,0.006709154741838574,0.35186588764190674,300.0,0.011613041,-0.010434357332997024,0.0002,0.6698356866836548
1546240,755,1427,1082,-0.018781818449497223,0.2,3699,236.40329025000005,-23.12767152786255,0.1576171875,0.008205566368997098,0.3518751859664917,300.0,0.015647897,-0.013346061413176357,0.0002,0.6449902653694153
1548288,756,1430,1082,0.0037830770015716553,0.2,3704,236.20744142000004,-23.128758335113524,0.19033203125,0.00845916939433664,0.3518543839454651,300.0,0.02163066,-0.002704900107346475,0.0002,0.649275541305542
1550336,757,1431,1082,-0.010046498849987984,0.2,3709,236.20744142000004,-23.120332050323487,0.10947265625,0.011705883732065558,0.3517785966396332,300.0,0.010692496,-0.009539353381842374,0.0002,0.6174293756484985
1552384,758,1433,1082,0.014578927308321,0.2,3713,235.65608527000003,-23.10748393719013,0.15459735576923078,0.007788508664816618,0.3517220914363861,300.0,0.030846544,-0.002328153269795271,0.0002,0.5202217102050781
1554432,759,1435,1082,-0.009921563789248466,0.2,3718,235.30077574999993,-23.09882860183716,0.1328125,0.00909119970165193,0.3516887426376343,300.0,0.015227644,-0.007796361809596419,0.0002,0.6048047542572021
1556480,760,1437,1082,-0.0033959830179810524,0.2,3723,236.25835874999996,-23.091254234313965,0.1255859375,0.004968318366445601,0.35161927342414856,300.0,0.0134966355,-0.006666944269090891,0.0002,0.37533456087112427
1558528,761,1439,1082,-0.018979353830218315,0.2,3728,236.15089116,-23.080417346954345,0.13603515625,0.00697776444721967,0.3516155183315277,300.0,0.009293561,-0.006850085977930576,0.0002,0.5778807401657104
1560576,762,1441,1082,-0.013052528724074364,0.2,3733,235.35271991999997,-23.088239765167238,0.11171875,0.008304873644374312,0.3516789674758911,300.0,0.011495417,-0.008443573513068259,0.0002,0.5813661813735962
1562624,763,1443,1082,-0.018885537981987,0.2,3738,236.07098837,-23.09231538772583,0.14853515625,0.006513669178821147,0.3516154885292053,300.0,0.011349518,-0.01045742523856461,0.0002,0.524948000907898
1564672,764,1446,1082,-0.022722017019987106,0.2,3743,236.07098837,-23.072642040252685,0.20068359375,0.005720003368332982,0.3514921963214874,300.0,0.018687308,-0.006994969490915537,0.0002,0.6191794872283936
1566720,765,1448,1081,-0.01838810369372368,0.2,3748,234.62833254000006,-23.050631713867187,0.17841796875,0.009973589330911636,0.3513697683811188,300.0,0.013560722,-0.007808724348433316,0.0002,0.7004387378692627
1568768,766,1450,1081,0.008448158390820026,0.2,3752,235.57044259999998,-23.03053433554513,0.2041015625,0.006297204011519041,0.35128289461135864,300.0,0.031590134,0.0004043944313057831,0.0002,0.6421921253204346
1570816,767,1451,1081,-0.017106151208281517,0.2,3757,235.91899207999998,-23.023595333099365,0.16953125,0.006201990693807602,0.35131320357322693,300.0,0.019344587,-0.008969586156308652,0.0002,0.5730347037315369
1572864,768,1453,1081,-0.01807909458875656,0.2,3762,235.09996693000002,-23.03428897857666,0.16376953125,0.009528155857697129,0.35140684247016907,300.0,0.009972028,-0.0056131719145923855,0.0002,0.6637231111526489
1574912,769,1456,1081,-0.010516277514398098,0.2,3767,235.33693899,-23.057975101470948,0.1109375,0.008487983653321863,0.35157695412635803,300.0,0.012035707,-0.007155404519289732,0.0002,0.5930250883102417
1576960,770,1458,1080,-0.014693953096866608,0.2,3772,235.51921501,-23.075338554382324,0.1646484375,0.006648908066563308,0.35156527161598206,300.0,0.015163045,-0.006616853736340999,0.0002,0.6133027672767639
1579008,771,1459,1081,0.02717750146985054,0.2,3774,235.51921501,-23.06881880760193,0.1416015625,0.00891184771899134,0.35153689980506897,300.0,0.014869124,0.004686332278652117,0.0002,0.6155282258987427
1581056,772,1461,1081,-0.0191075187176466,0.2,3779,236.0838174900001,-23.060291385650636,0.1529296875,0.004837555787526071,0.3514716923236847,300.0,0.0136684785,-0.010554090933874249,0.0002,0.49910712242126465
1583104,773,1463,1081,-0.012378268875181675,0.2,3784,236.44447463000003,-23.050321865081788,0.098828125,0.006883589783683419,0.3514150083065033,300.0,0.011942595,-0.008226323500275612,0.0002,0.598501443862915
1585152,774,1465,1081,-0.014667928218841553,0.2,3789,236.96043795999998,-23.043178462982176,0.1791015625,0.007284729951061308,0.3513796627521515,300.0,0.014761893,-0.005803974368609488,0.0002,0.6932042241096497
1587200,775,1467,1081,-0.01782243698835373,0.2,3794,236.46928602999998,-23.036124992370606,0.1708984375,0.006728489859960973,0.35133975744247437,300.0,0.019541776,-0.00587649957742542,0.0002,0.6776548624038696
1589248,776,1469,1081,-0.0026647993363440037,0.2,3799,237.23154594999997,-23.033292961120605,0.1646484375,0.007350557646714151,0.3513604998588562,300.0,0.0096119,-0.00589090371504426,0.0002,0.549461841583252
1591296,777,1471,1081,-0.0032503597903996706,0.2,3804,237.86585163999996,-23.041422367095947,0.17607421875,0.0050121275940909985,0.3514178991317749,300.0,0.018764501,-0.002344846958294511,0.0002,0.6352981328964233
1593344,778,1473,1081,-0.009528787806630135,0.2,3809,237.86585163999996,-23.045744228363038,0.1197265625,0.004783318494446576,0.3513641357421875,300.0,0.010509657,-0.009690872696228325,0.0002,0.5443329215049744
1595392,779,1475,1081,-0.026616618037223816,0.2,3814,239.62290642000005,-23.03363151550293,0.1541015625,0.006775653967633843,0.3513127863407135,300.0,0.01613955,-0.013713820488192141,0.0002,0.6323620080947876
1597440,780,1477,1081,0.0030822136905044317,0.2,3819,239.26678281000005,-23.027816200256346,0.1669921875,0.00626376187428832,0.3512738049030304,300.0,0.018807637,-0.006219187669921666,0.0002,0.6488170027732849
1599488,781,1479,1081,-0.021086907014250755,0.2,3824,238.70608860000002,-23.021807384490966,0.14365234375,0.007036076369695365,0.35126927495002747,300.0,0.014114746,-0.00797372612869367,0.0002,0.6547468900680542
1601536,782,1480,1081,-0.005499123129993677,0.2,3829,239.96686769,-23.024277210235596,0.15166015625,0.007526678498834372,0.3512722849845886,300.0,0.013076205,-0.010034331493079663,0.0002,0.608616828918457
1603584,783,1482,1081,-0.014812799170613289,0.2,3834,239.24131088000001,-23.017167377471925,0.10048828125,0.0068281144369393585,0.35118794441223145,300.0,0.0124597885,-0.008904822287149727,0.0002,0.5800850987434387
1605632,784,1483,1082,0.03864346817135811,0.2,3835,239.31077584,-23.008524417877197,0.1796875,0.007716767955571413,0.3511831760406494,300.0,0.014722704,0.01286516897380352,0.0002,0.6382806301116943
1607680,785,1484,1082,-0.01119452714920044,0.2,3840,239.31077584,-23.00540895462036,0.10771484375,0.009669392043724656,0.3511508107185364,300.0,0.00997334,-0.00988547974266112,0.0002,0.5746568441390991
1609728,786,1486,1082,-0.005235335789620876,0.2,3845,239.60870673000002,-23.00262870788574,0.1728515625,0.005221451865509152,0.35116511583328247,300.0,0.012036209,-0.0069255738519132136,0.0002,0.5801186561584473
1611776,787,1488,1083,-0.005373890046030283,0.2,3850,239.78678039000002,-23.0033239364624,0.18173828125,0.005671527143567801,0.3511463403701782,300.0,0.011178622,-0.005802785931155086,0.0002,0.5821591019630432
1613824,788,1489,1083,-0.01367354579269886,0.2,3855,241.11130804000004,-22.993241786956787,0.1431640625,0.00559547848533839,0.35104578733444214,300.0,0.01035046,-0.00942231914959848,0.0002,0.604976236820221
1615872,789,1491,1083,-0.02263343706727028,0.2,3860,241.14739132,-22.977668476104736,0.1359375,0.00575032967608422,0.35100308060646057,300.0,0.010040883,-0.008379845623858273,0.0002,0.6921208500862122
1617920,790,1493,1083,0.012433560565114021,0.2,3865,241.06771147999996,-22.97697047183388,0.17598684210526316,0.007752158041847379,0.3510326147079468,300.0,0.019350005,-0.008327735024259278,0.0002,0.6221548914909363
1619968,791,1494,1083,-0.015992747619748116,0.2,3870,241.06771147999996,-22.981511306762695,0.15341796875,0.006076022796332836,0.35105571150779724,300.0,0.013151622,-0.009668596787378192,0.0002,0.6501932144165039
1622016,792,1496,1083,-0.0065592210739851,0.2,3875,239.28519475999994,-22.98634271621704,0.14794921875,0.008978054998442531,0.35108867287635803,300.0,0.012870705,-0.007607917371205986,0.0002,0.5673591494560242
1624064,793,1498,1083,-0.01323961652815342,0.2,3880,240.3072993,-22.989564037323,0.1517578125,0.004165887215640396,0.3510879874229431,300.0,0.014339588,-0.009186946705449372,0.0002,0.43155437707901
1626112,794,1500,1084,-0.018417133018374443,0.2,3885,239.02377014,-22.984667587280274,0.12451171875,0.0050287160091102125,0.35103872418403625,300.0,0.011749982,-0.0066539444727823135,0.0002,0.6561105251312256
1628160,795,1500,1084,0.028951281681656837,0.2,3887,239.28170243999998,-22.97898347037179,0.1640625,0.00532967783510685,0.35103774070739746,300.0,0.019904202,0.0065026490150817805,0.0002,0.6584843993186951
1630208,796,1501,1085,0.029606502503156662,0.2,3888,238.45990553,-22.97850275039673,0.193359375,0.005447328789159656,0.35103315114974976,300.0,0.015687961,0.014340284280478954,0.0002,0.6839416027069092
1632256,797,1503,1085,-0.011461532674729824,0.2,3893,238.86754381999998,-22.97700891494751,0.14951171875,0.006574930972419679,0.3510374128818512,300.0,0.014343191,-0.010011526430025697,0.0002,0.64952152967453
1634304,798,1505,1085,-0.01212971843779087,0.2,3898,238.86754381999998,-22.976553916931152,0.18388671875,0.005879694572649896,0.3510061800479889,300.0,0.022219136,-0.006615921831689775,0.0002,0.6404296159744263
1636352,799,1506,1085,-0.025531554594635963,0.2,3903,239.39662008999997,-22.96513433456421,0.1685546875,0.0051782767754048106,0.3509228527545929,300.0,0.01110882,-0.008596883388236165,0.0002,0.5705798864364624
1638400,800,1508,1086,-0.018391743302345276,0.2,3908,237.84409459000003,-22.950701904296874,0.17509765625,0.007557130977511406,0.3508269190788269,300.0,0.019258305,-0.007806511968374253,0.0002,0.6365522146224976
1640448,801,1510,1086,-0.011993671767413616,0.2,3913,238.12513941,-22.9392352104187,0.15693359375,0.005483085801824927,0.35083112120628357,300.0,0.012687398,-0.007223822083324194,0.0002,0.6009002327919006
1642496,802,1511,1086,-0.01262165978550911,0.2,3918,237.26828766,-22.94128637313843,0.15625,0.008032680442556738,0.3508026599884033,300.0,0.017523753,-0.004902118491008878,0.0002,0.5764554738998413
1644544,803,1513,1086,-0.0096205435693264,0.2,3923,236.54246844000002,-22.934616565704346,0.18359375,0.008639165619388222,0.3507809042930603,300.0,0.014599656,-0.004177644499577582,0.0002,0.6245786547660828
1646592,804,1515,1086,-0.019491344690322876,0.2,3928,236.70311901999997,-22.933146286010743,0.14482421875,0.010196212632581591,0.3507654070854187,300.0,0.01585689,-0.00887518769595772,0.0002,0.6303030848503113
1648640,805,1516,1086,-0.012938421219587326,0.2,3933,236.70311901999997,-22.927383136749267,0.15537109375,0.00462667578831315,0.3507162630558014,300.0,0.012701508,-0.009181724488735199,0.0002,0.5691041946411133
1650688,806,1518,1087,-0.012172233313322067,0.2,3938,236.970641,-22.924119567871095,0.18017578125,0.005763594550080598,0.35074087977409363,300.0,0.018152008,-0.009209111239761114,0.0002,0.6058990359306335
1652736,807,1520,1087,0.004108421504497528,0.2,3943,236.52487054000002,-22.93063106536865,0.1705078125,0.01026869798079133,0.35079124569892883,300.0,0.016523045,-0.0072858871426433325,0.0002,0.663159191608429
1654784,808,1521,1087,-0.015455741435289383,0.2,3948,236.22207235000002,-22.943502807617186,0.15009765625,0.009296743432059884,0.3508804738521576,300.0,0.013660904,-0.009485823847353459,0.0002,0.5651283264160156
1656832,809,1523,1087,-0.004711627960205078,0.2,3953,235.71476610999997,-22.95306322309706,0.18619791666666666,0.007148500609522064,0.3508802056312561,300.0,0.027000017,-0.004865620673323671,0.0002,0.6221311092376709
1658880,810,1524,1087,-0.008222177624702454,0.2,3958,236.244113,-22.95182361602783,0.16298828125,0.006607795529998839,0.3509118854999542,300.0,0.01416062,-0.008761103346478194,0.0002,0.6297887563705444
1660928,811,1526,1087,-0.023050392046570778,0.2,3963,235.80930127000008,-22.955430698394775,0.11953125,0.005938399233855307,0.35090020298957825,300.0,0.01402931,-0.007238394441083073,0.0002,0.6601203083992004
1662976,812,1528,1087,-0.0138240372762084,0.2,3968,235.80930127000008,-22.949590301513673,0.135546875,0.005932283727452159,0.35086533427238464,300.0,0.013997633,-0.008278857078403234,0.0002,0.6907908916473389
1665024,813,1530,1088,-0.015902146697044373,0.2,3973,235.16684820000003,-22.945162868499757,0.13212890625,0.007615758804604411,0.35083261132240295,300.0,0.013721537,-0.01061859973706305,0.0002,0.569581925868988
1667072,814,1530,1088,0.02344481460750103,0.2,3974,235.75158900999998,-22.94183349609375,0.24609375,0.005601725308224559,0.35082724690437317,300.0,0.017175093,0.008338079322129488,0.0002,0.602091908454895
1669120,815,1532,1089,-0.02426879294216633,0.2,3979,235.32145508999997,-22.94399175643921,0.1333984375,0.006845521950162947,0.350872665643692,300.0,0.013197356,-0.010179330175742508,0.0002,0.5753624439239502
1671168,816,1534,1089,-0.004874506499618292,0.2,3984,235.04755428,-22.95439281463623,0.13095703125,0.007731412118300795,0.3509199619293213,300.0,0.01065044,-0.007799557782709599,0.0002,0.7043073177337646
1673216,817,1535,1089,-0.0068353707902133465,0.2,3989,236.15672808999997,-22.957535552978516,0.1427734375,0.007058563991449773,0.3508869409561157,300.0,0.011848474,-0.006785924034193158,0.0002,0.6716683506965637
1675264,818,1537,1089,-0.017596706748008728,0.2,3994,235.11394355000002,-22.946050930023194,0.167578125,0.005343510978855192,0.35078924894332886,300.0,0.01560108,-0.009767775423824787,0.0002,0.5996788144111633
1677312,819,1539,1089,-0.01635497808456421,0.2,3999,235.11394355000002,-22.929595756530762,0.12333984375,0.008467061747796833,0.35070884227752686,300.0,0.011702607,-0.007788784080184996,0.0002,0.5473657846450806
1679360,820,1541,1089,-0.017520124092698097,0.2,4004,236.27285145000002,-22.918896007537843,0.2001953125,0.009706172230653464,0.3506806194782257,300.0,0.01812353,-0.005359802721068263,0.0002,0.6568078398704529
1681408,821,1542,1089,-0.0041290405206382275,0.2,4009,236.72417488,-22.918330478668214,0.15830078125,0.008182283281348646,0.35070908069610596,300.0,0.014222262,-0.005853820301126689,0.0002,0.5860998034477234
1683456,822,1544,1090,-0.009874185547232628,0.2,4014,237.11219377999998,-22.920205974578856,0.17421875,0.00928276707418263,0.3506888151168823,300.0,0.012567349,-0.009463032055646182,0.0002,0.5325323939323425
1685504,823,1546,1090,-0.014631323516368866,0.2,4019,235.94079600999999,-22.914448261260986,0.1525390625,0.01067563397809863,0.35065752267837524,300.0,0.012776102,-0.008382082334719598,0.0002,0.6629207134246826
1687552,824,1548,1089,-0.016922790557146072,0.2,4024,236.4327693,-22.90887031555176,0.140625,0.009710416430607438,0.35064324736595154,300.0,0.013366967,-0.006962174060754478,0.0002,0.6804649829864502
1689600,825,1549,1090,0.021793413907289505,0.2,4028,236.53647433999998,-22.91079610188802,0.20143229166666668,0.005815433183064063,0.350676029920578,300.0,0.024936637,-0.0015365417736272018,0.0002,0.6380070447921753
1691648,826,1550,1091,0.037582505494356155,0.2,4029,236.53647433999998,-22.91349220275879,0.24869791666666666,0.00974066648632288,0.3506770730018616,300.0,0.021496855,0.015575741572926441,0.0002,0.4540524482727051
1693696,827,1552,1091,-0.01895662024617195,0.2,4034,237.22075719999998,-22.91554775238037,0.20439453125,0.005739297927357256,0.3507131040096283,300.0,0.016211811,-0.009774442878551781,0.0002,0.4024282693862915
1695744,828,1554,1091,-0.01159210316836834,0.2,4039,236.92673702,-22.925274658203126,0.16025390625,0.008313772385008633,0.3507959842681885,300.0,0.019014303,-0.007652003807015717,0.0002,0.602399468421936
1697792,829,1555,1091,0.018232690170407295,0.2,4042,237.51565534999997,-22.934893078274197,0.2515190972222222,0.005846288469102647,0.35080859065055847,300.0,0.032485988,0.01059742851389779,0.0002,0.6185927391052246
1699840,830,1556,1091,-0.002587332855910063,0.2,4047,236.66019239000002,-22.93264102935791,0.15078125,0.0058387766359373925,0.3507651686668396,300.0,0.011498233,-0.005247727537062019,0.0002,0.5985333323478699
1701888,831,1558,1091,-0.017877720296382904,0.2,4052,236.39981462,-22.92031774520874,0.13701171875,0.004524737724568695,0.3506776988506317,300.0,0.00936839,-0.008696885802783072,0.0002,0.6682059168815613
1703936,832,1559,1092,-0.00340394489467144,0.2,4055,236.39981462,-22.911101150512696,0.1626953125,0.006135086622089147,0.350668340921402,300.0,0.02712862,-0.0047900286503136155,0.0002,0.5584820508956909
1705984,833,1561,1092,-0.011037270538508892,0.2,4060,235.72684351999996,-22.90660743713379,0.15029296875,0.006452291458845139,0.35063543915748596,300.0,0.016031228,-0.009865389030892402,0.0002,0.575770378112793
1708032,834,1563,1092,-0.011066323146224022,0.2,4065,235.51965388999997,-22.905473518371583,0.18779296875,0.00679157127160579,0.3506571352481842,300.0,0.016265284,-0.007462534657679498,0.0002,0.634268045425415
1710080,835,1565,1092,0.005342355463653803,0.2,4070,234.50740678,-22.906904792785646,0.141015625,0.011087801586836577,0.35063764452934265,300.0,0.011159666,-0.005218529980629683,0.0002,0.6522666811943054
1712128,836,1566,1092,-0.005379717797040939,0.2,4075,233.61336111,-22.90014514923096,0.12392578125,0.009827577602118253,0.350570946931839,300.0,0.011186615,-0.011395801603794099,0.0002,0.6927161812782288
1714176,837,1568,1092,-0.015602372586727142,0.2,4080,234.39837828,-22.885578632354736,0.14609375,0.009190350165590644,0.35048428177833557,300.0,0.009825772,-0.005318944551981985,0.0002,0.6590440273284912
1716224,838,1570,1092,-0.011972857639193535,0.2,4085,233.26791476,-22.87439384460449,0.1490234375,0.009218673035502434,0.3504604995250702,300.0,0.011727091,-0.00615071568172425,0.0002,0.6200806498527527
1718272,839,1572,1092,-0.017275020480155945,0.2,4090,233.26791476,-22.87334623336792,0.14326171875,0.008702421840280295,0.3504871129989624,300.0,0.014499224,-0.00847832856234163,0.0002,0.6424499154090881
1720320,840,1573,1093,0.025710230693221092,0.2,4094,234.17603911999998,-22.876960607675407,0.19621394230769232,0.007978708232538058,0.3504860997200012,300.0,0.041839242,0.005901914304838731,0.0002,0.5770177841186523
1722368,841,1575,1093,-0.007493605371564627,0.2,4099,234.00356359999998,-22.871595191955567,0.1677734375,0.005317708337679505,0.3504309356212616,300.0,0.01570576,-0.010380957275629044,0.0002,0.5532976388931274
1724416,842,1577,1093,-0.014588521793484688,0.2,4104,234.1004703,-22.869161224365236,0.15537109375,0.005157904583029449,0.35047000646591187,300.0,0.013270055,-0.010149983293376862,0.0002,0.6918691396713257
1726464,843,1578,1093,-0.012981070205569267,0.2,4109,234.06560798000007,-22.877193641662597,0.1048828125,0.007078160275705158,0.350513219833374,300.0,0.00985151,-0.009350866265594959,0.0002,0.6461036801338196
1728512,844,1580,1093,-0.004134082235395908,0.2,4114,234.38919571000002,-22.876521492004393,0.119140625,0.00824132135603577,0.35044437646865845,300.0,0.011300228,-0.009113344294019044,0.0002,0.5814779996871948
1730560,845,1582,1093,-0.009373156353831291,0.2,4119,234.17340102999998,-22.859502029418945,0.1837890625,0.005935391644015908,0.3503476083278656,300.0,0.015693236,-0.007928482606075704,0.0002,0.5655849575996399
1732608,846,1583,1093,0.01417451910674572,0.2,4123,234.17340102999998,-22.847029025738056,0.1658653846153846,0.006317461446787302,0.35031139850616455,300.0,0.03433358,-0.0012385249496079409,0.0002,0.6741827726364136
1734656,847,1586,1093,-0.021808365359902382,0.2,4128,235.67679905999998,-22.8405442237854,0.130859375,0.007049133349210024,0.35026416182518005,300.0,0.010514813,-0.007309336797334254,0.0002,0.5622454881668091
1736704,848,1588,1093,-0.01003752090036869,0.2,4133,234.13217342,-22.83271532058716,0.13134765625,0.006849103141576052,0.3502582311630249,300.0,0.011658902,-0.010599563596770167,0.0002,0.5979336500167847
1738752,849,1589,1093,0.0029038917273283005,0.2,4138,233.71868227000002,-22.832735443115233,0.1837890625,0.005655414494685829,0.3502473533153534,300.0,0.01715853,-0.0002566920826211572,0.0002,0.6100947856903076
1740800,850,1591,1093,0.003657242748886347,0.2,4143,233.68422124,-22.83046226501465,0.18525390625,0.008059305977076292,0.3502514064311981,300.0,0.020216905,-0.006588576827198267,0.0002,0.617488443851471
1742848,851,1593,1093,0.00970589742064476,0.2,4148,234.38964623000004,-22.832108211517333,0.1708984375,0.007012826530262828,0.3502498269081116,300.0,0.01703304,-0.006968371383845806,0.0002,0.6635951995849609
1744896,852,1595,1093,-0.016456110402941704,0.2,4153,234.71060885000006,-22.825858402252198,0.10126953125,0.005347313685342669,0.3501656949520111,300.0,0.010669362,-0.009020157542545348,0.0002,0.6161991357803345
1746944,853,1597,1093,-0.02570355497300625,0.2,4158,234.71060885000006,-22.810962200164795,0.13251953125,0.005134054529480636,0.35012152791023254,300.0,0.01576955,-0.00969297979027033,0.0002,0.568483829498291
1748992,854,1599,1093,-0.019177613779902458,0.2,4163,236.67315166999998,-22.80605068206787,0.12294921875,0.005432286742143333,0.35008808970451355,300.0,0.013395878,-0.010920291929505766,0.0002,0.5900519490242004
1751040,855,1601,1093,-0.016061970964074135,0.2,4168,236.55206087,-22.800054359436036,0.126171875,0.005220208596438169,0.35008183121681213,300.0,0.009987123,-0.006356666213832796,0.0002,0.5792340636253357
1753088,856,1603,1093,-0.016182560473680496,0.2,4173,236.86576186,-22.803424072265624,0.14033203125,0.004984288988634944,0.3501223623752594,300.0,0.01537296,-0.004754787147976458,0.0002,0.6150996685028076
1755136,857,1604,1093,0.017727330327033997,0.2,4175,236.40676012999992,-22.80690860748291,0.119384765625,0.005866968946065754,0.35012805461883545,300.0,0.015278591,0.0022996800835244358,0.0002,0.593384325504303
1757184,858,1606,1094,-0.008284835144877434,0.2,4180,237.05670271999995,-22.804304122924805,0.1494140625,0.004726134683005511,0.35007643699645996,300.0,0.015810868,-0.006572658219374717,0.0002,0.5768010020256042
1759232,859,1607,1094,-0.011790725402534008,0.2,4185,236.57625183000005,-22.7945725440979,0.20185546875,0.005090978485532105,0.3500411808490753,300.0,0.018852655,-0.003764268266968429,0.0002,0.6621254086494446
1761280,860,1609,1094,-0.006333204917609692,0.2,4190,236.57625183000005,-22.78689365386963,0.11318359375,0.004991787695325911,0.3499898612499237,300.0,0.012088274,-0.007584688451606781,0.0002,0.6369461417198181
1763328,861,1610,1094,-0.003850990906357765,0.2,4194,237.35877746000003,-22.7781678713285,0.13176081730769232,0.004894000836289846,0.3499595522880554,300.0,0.03375527,-0.0022057996919521918,0.0002,0.6135023832321167
1765376,862,1612,1094,-0.0037038936279714108,0.2,4199,237.38181379000005,-22.773123455047607,0.1638671875,0.004456765309441835,0.34993991255760193,300.0,0.025959197,-0.0039766323519870635,0.0002,0.6740239858627319
1767424,863,1614,1094,-0.00970432534813881,0.2,4204,239.53122381000006,-22.776271247863768,0.11552734375,0.005352692282758653,0.3500056862831116,300.0,0.011957517,-0.0055959999794140455,0.0002,0.6727640628814697
1769472,864,1617,1094,-0.010479545220732689,0.2,4209,238.69294798999996,-22.78280019760132,0.12900390625,0.008666719240136445,0.3499663770198822,300.0,0.011048531,-0.009885621152352541,0.0002,0.6543291807174683
1771520,865,1619,1094,-0.010118164122104645,0.2,4214,238.35303113999996,-22.775516986846924,0.1421875,0.010005451925098895,0.34997832775115967,300.0,0.014331613,-0.008620303822681308,0.0002,0.6488170623779297
1773568,866,1621,1093,-0.015463145449757576,0.2,4219,238.35303113999996,-22.779440116882324,0.1275390625,0.007835547020658851,0.34997597336769104,300.0,0.012856827,-0.011060934769921005,0.0002,0.6132863759994507
1775616,867,1623,1093,-0.012667044997215271,0.2,4224,239.06423105000002,-22.77887144088745,0.125,0.00634711105376482,0.3499850034713745,300.0,0.010075304,-0.009165460022632032,0.0002,0.5353869199752808
1777664,868,1625,1093,-0.009742806665599346,0.2,4229,237.23381853999996,-22.78194875717163,0.155078125,0.010215032706037163,0.34998074173927307,300.0,0.011527887,-0.0053125211037695404,0.0002,0.5129883289337158
1779712,869,1627,1093,-0.01096244528889656,0.2,4234,237.97877609000003,-22.779693412780762,0.1865234375,0.007246580999344587,0.349969744682312,300.0,0.015136494,-0.010619766684249044,0.0002,0.6498101353645325
1781760,870,1629,1093,-0.008798245340585709,0.2,4239,236.74745421,-22.774793529510497,0.13115234375,0.009836596110835672,0.3499166965484619,300.0,0.012118176,-0.007856123358942568,0.0002,0.6135034561157227
1783808,871,1632,1092,-0.012025774456560612,0.2,4244,236.84544856999997,-22.768011856079102,0.1447265625,0.008145126258023083,0.3499031066894531,300.0,0.012654631,-0.0044766017235815525,0.0002,0.6541457176208496
1785856,872,1634,1092,-0.017226196825504303,0.2,4249,236.15011696000002,-22.76706190109253,0.12861328125,0.00670885385479778,0.3498721718788147,300.0,0.0096039735,-0.005774722970090807,0.0002,0.7009323835372925
1787904,873,1636,1092,-0.008782207034528255,0.2,4254,236.15011696000002,-22.76238098144531,0.15166015625,0.007210095762275159,0.34985384345054626,300.0,0.018192533,-0.005602415883913636,0.0002,0.580801784992218
1789952,874,1638,1092,-0.008798036724328995,0.2,4259,235.90211296,-22.75463457107544,0.1576171875,0.007832031999714672,0.34975942969322205,300.0,0.01288572,-0.00514217079617083,0.0002,0.5313718318939209
1792000,875,1640,1092,-0.00012069381773471832,0.2,4264,235.65462959999996,-22.73173780441284,0.1595703125,0.008694890327751637,0.349610298871994,300.0,0.013364388,-0.008236939995549619,0.0002,0.6319847702980042
1794048,876,1643,1091,-0.017147596925497055,0.2,4269,235.45368403999998,-22.71487703323364,0.165625,0.009678450506180524,0.3495727777481079,300.0,0.012345967,-0.005887227319180966,0.0002,0.5594010949134827
1796096,877,1645,1091,-0.012685667723417282,0.2,4274,236.08598193999995,-22.709938621520998,0.16064453125,0.006232479447498917,0.34953972697257996,300.0,0.013632648,-0.00580038046464324,0.0002,0.5534465312957764
1798144,878,1647,1091,0.039538998156785965,0.2,4278,235.72018325000002,-22.7040913105011,0.21728515625,0.005377531284466386,0.3495539128780365,300.0,0.01979921,-0.0021432721114251763,0.0002,0.5918323993682861
1800192,879,1649,1091,-0.013900186866521835,0.2,4283,237.26781869999996,-22.707903575897216,0.179296875,0.005628801416605711,0.3495519161224365,300.0,0.015083439,-0.007136213826015592,0.0002,0.5752467513084412
1802240,880,1651,1091,-0.018691446632146835,0.2,4288,237.26781869999996,-22.706843185424805,0.122265625,0.006131095439195633,0.3495810627937317,300.0,0.010121842,-0.006617036624811589,0.0002,0.5406621694564819
1804288,881,1653,1091,-0.014522921293973923,0.2,4293,238.38050292999998,-22.716036319732666,0.1248046875,0.00722524703014642,0.34962934255599976,300.0,0.01110547,-0.012455840734764934,0.0002,0.6586843132972717
1806336,882,1655,1090,-0.009992612525820732,0.2,4298,239.81612074,-22.71946144104004,0.177734375,0.00466819501016289,0.3496161997318268,300.0,0.014296243,-0.002990237483754754,0.0002,0.6018191576004028
1808384,883,1658,1090,0.004503902513533831,0.2,4303,240.85175606,-22.718080520629883,0.163671875,0.004957122448831797,0.3496250510215759,300.0,0.020894546,-0.009252916835248471,0.0002,0.6077955365180969
1810432,884,1660,1090,-0.017065618187189102,0.2,4308,241.74598582000007,-22.722113037109374,0.141015625,0.007432233239524066,0.3496663272380829,300.0,0.015330455,-0.00891639250330627,0.0002,0.5899900197982788
1812480,885,1662,1090,-0.010738552547991276,0.2,4313,241.51472921,-22.730470275878908,0.15029296875,0.011872451845556497,0.3497158885002136,300.0,0.011644659,-0.010987067851237953,0.0002,0.6558436155319214
1814528,886,1664,1089,-0.01856413297355175,0.2,4318,242.3992965,-22.739280414581298,0.1400390625,0.012745254626497626,0.3497673273086548,300.0,0.014927025,-0.007286784308962524,0.0002,0.5933568477630615
1816576,887,1666,1090,0.005121167283505201,0.2,4321,242.3992965,-22.744658279418946,0.16875,0.007404186436906457,0.34978824853897095,300.0,0.025826685,0.0032313382253050804,0.0002,0.5475062131881714
1818624,888,1667,1090,0.03499129042029381,0.2,4323,243.31241854,-22.747388567243302,0.16266741071428573,0.005932533514818975,0.34979280829429626,300.0,0.015571157,0.006258062220045498,0.0002,0.5283529162406921
1820672,889,1667,1091,0.029775694012641907,0.2,4324,243.32995403,-22.747185389200848,0.24609375,0.008651239176591238,0.3497900664806366,300.0,0.021170735,0.014429553722341856,0.0002,0.6237801313400269
1822720,890,1670,1091,-0.00975888129323721,0.2,4329,243.32404272,-22.751698207855224,0.15341796875,0.009250547573901712,0.34986060857772827,300.0,0.014307339,-0.008595080650411546,0.0002,0.6431162357330322
1824768,891,1671,1091,0.02754044719040394,0.2,4330,242.94876606999998,-22.759960174560547,0.212890625,0.008920177584514022,0.34986788034439087,300.0,0.017736018,0.00857129436917603,0.0002,0.6394622921943665
1826816,892,1673,1091,-0.023789502680301666,0.2,4335,243.68895028,-22.761142635345458,0.12236328125,0.0074023927561938764,0.3498643934726715,300.0,0.010251747,-0.008044344419613481,0.0002,0.6148637533187866
1828864,893,1675,1091,-0.0012855110689997673,0.2,4340,243.09536873999997,-22.7534610748291,0.183203125,0.006564904609695077,0.34977298974990845,300.0,0.0146567095,-0.009237333759665489,0.0002,0.6715096831321716
1830912,894,1677,1091,-0.017967380583286285,0.2,4345,243.09536873999997,-22.73485984802246,0.162109375,0.0062400476774200795,0.34968632459640503,300.0,0.013622981,-0.008389818691648543,0.0002,0.6386786103248596
1832960,895,1680,1090,-0.012483935803174973,0.2,4350,242.47898217000002,-22.726161861419676,0.12412109375,0.00635640830732882,0.34967562556266785,300.0,0.011821572,-0.007631002925336361,0.0002,0.6021170616149902
1835008,896,1682,1090,-0.005707699805498123,0.2,4355,243.07638619000005,-22.72587671279907,0.13349609375,0.007051957957446575,0.34967973828315735,300.0,0.01121109,-0.0040842070244252685,0.0002,0.6260526180267334
1837056,897,1684,1090,-0.00837734341621399,0.2,4360,241.71795164,-22.730258560180665,0.1728515625,0.007654324942268431,0.34972402453422546,300.0,0.013445832,-0.0074930314323864875,0.0002,0.687254786491394
1839104,898,1686,1090,0.01783434860408306,0.2,4364,241.02868059999997,-22.740732701619468,0.17200520833333333,0.006486527528613806,0.34979480504989624,300.0,0.019870693,-0.0004598481580615044,0.0002,0.6329895853996277
1841152,899,1688,1090,-0.013845445588231087,0.2,4369,241.94439155999996,-22.74969835281372,0.1435546875,0.006557297077961266,0.34981000423431396,300.0,0.013387252,-0.009097725292667747,0.0002,0.6290837526321411
1843200,900,1690,1090,-0.012154657393693924,0.2,4374,242.01086025999996,-22.7493745803833,0.14013671875,0.006751757906749844,0.3498138189315796,300.0,0.014761064,-0.009955514164175838,0.0002,0.628267765045166
1845248,901,1692,1090,0.0037933948915451765,0.2,4379,242.01086025999996,-22.74693425496419,0.1470269097222222,0.005659014115937882,0.3497569262981415,300.0,0.024740158,-0.006535564756227864,0.0002,0.5185152292251587
1847296,902,1695,1089,-0.0065535870380699635,0.2,4384,240.76587784,-22.741178131103517,0.16962890625,0.007864439277909696,0.349774569272995,300.0,0.015914598,-0.004772909777238965,0.0002,0.636703372001648
1849344,903,1697,1089,0.0021330469753593206,0.2,4389,241.94238403,-22.744119071960448,0.134765625,0.005285840085707605,0.3497568666934967,300.0,0.011075558,-0.006492291088216006,0.0002,0.6289697885513306
1851392,904,1699,1089,-0.019129808992147446,0.2,4394,241.96753773,-22.738342571258546,0.1603515625,0.0045774260768666865,0.3497419059276581,300.0,0.014519887,-0.012461459299083799,0.0002,0.6786633729934692
1853440,905,1700,1089,0.04762193560600281,0.2,4396,241.67318625999997,-22.737899780273438,0.213134765625,0.006025131267961115,0.34973692893981934,300.0,0.023640556,0.0112257240107283,0.0002,0.6443263292312622
1855488,906,1702,1089,-0.015738826245069504,0.2,4401,241.44244999000003,-22.73013973236084,0.12958984375,0.006167989736422896,0.3496386706829071,300.0,0.011589274,-0.01008048509247601,0.0002,0.5792598128318787
1857536,907,1704,1089,-0.009670207276940346,0.2,4406,241.44244999000003,-22.710170841217042,0.18115234375,0.007389738014899195,0.3495335876941681,300.0,0.016812008,-0.007713922555558384,0.0002,0.5962023735046387
1859584,908,1707,1089,-0.018001321703195572,0.2,4411,240.35467076999998,-22.695829486846925,0.1384765625,0.007716550305485725,0.3494887053966522,300.0,0.011152713,-0.0070830688811838625,0.0002,0.6235032081604004
1861632,909,1709,1089,-0.00972727034240961,0.2,4416,240.78273812000003,-22.69207582473755,0.20244140625,0.006183935608714819,0.34948259592056274,300.0,0.014192705,-0.002250940166413784,0.0002,0.5943354964256287
1863680,910,1711,1089,0.019650595262646675,0.2,4420,239.89243254000002,-22.68984236036028,0.15080915178571427,0.0046529259998351336,0.3494598865509033,300.0,0.021076353,-0.0038448410840438946,0.0002,0.5458674430847168
1865728,911,1713,1089,-0.02312086522579193,0.2,4425,239.50275221,-22.685412979125978,0.21416015625,0.0065973366145044565,0.34944790601730347,300.0,0.018097658,-0.008863937761634588,0.0002,0.6344016790390015
1867776,912,1715,1088,-0.014332994818687439,0.2,4430,239.84508176,-22.68795747756958,0.1404296875,0.008751475205644964,0.34946736693382263,300.0,0.0107832,-0.009293947881087661,0.0002,0.6924325227737427
1869824,913,1717,1088,-0.004277954809367657,0.2,4435,240.08055084000003,-22.68902530670166,0.18955078125,0.007816282962448896,0.3494485914707184,300.0,0.020539926,-0.0010128454538062214,0.0002,0.6418664455413818
1871872,914,1719,1088,-0.009938215836882591,0.2,4440,240.08055084000003,-22.67885046005249,0.1755859375,0.005017164302989841,0.34934502840042114,300.0,0.018550768,-0.010596323432400823,0.0002,0.6226214170455933
1873920,915,1722,1088,-0.008268697187304497,0.2,4445,239.95196989000004,-22.662034606933595,0.1505859375,0.006649352400563658,0.34929347038269043,300.0,0.009082118,-0.006379521521739662,0.0002,0.5858678817749023
1875968,916,1724,1087,-0.023262061178684235,0.2,4450,239.91902114,-22.667520809173585,0.155078125,0.007136488240212202,0.34939029812812805,300.0,0.010823761,-0.00929092422593385,0.0002,0.5682311654090881
1878016,917,1726,1087,-0.018779024481773376,0.2,4455,240.49642513999999,-22.675437927246094,0.11806640625,0.005268153175711632,0.349340558052063,300.0,0.012171233,-0.011550064501352608,0.0002,0.614283561706543
1880064,918,1728,1087,-0.01602778770029545,0.2,4460,240.49718102000003,-22.668534755706787,0.16279296875,0.005852622422389686,0.34935665130615234,300.0,0.015326261,-0.011382974195294082,0.0002,0.6436893939971924
1882112,919,1730,1087,-0.015220612287521362,0.2,4465,240.41872991,-22.680106449127198,0.12412109375,0.008271881961263716,0.3494429290294647,300.0,0.013693157,-0.010587924905121327,0.0002,0.5873810648918152
1884160,920,1732,1087,-0.01951354742050171,0.2,4470,239.72979220000002,-22.69914960861206,0.16328125,0.00997833777219057,0.3495766222476959,300.0,0.017239215,-0.007046620454639196,0.0002,0.6622786521911621
1886208,921,1734,1087,-0.02158859372138977,0.2,4475,239.72979220000002,-22.712836837768556,0.14970703125,0.008599080541171134,0.34954243898391724,300.0,0.016359355,-0.010569316963665188,0.0002,0.6659440994262695
1888256,922,1736,1087,-0.021878482773900032,0.2,4480,237.67835764999995,-22.70017728805542,0.14775390625,0.00907032685354352,0.34947964549064636,300.0,0.014860572,-0.010136908758431673,0.0002,0.541699230670929
1890304,923,1738,1087,-0.012552807107567787,0.2,4485,236.90946768,-22.692979907989503,0.19091796875,0.008058383408933879,0.3494638204574585,300.0,0.014132146,-0.005130506213754415,0.0002,0.6245115995407104
1892352,924,1740,1087,-0.015645869076251984,0.2,4490,235.94246675000002,-22.68842191696167,0.151953125,0.00986216776072979,0.34943482279777527,300.0,0.020070711,-0.007307520392350853,0.0002,0.6519297957420349
1894400,925,1742,1087,-0.012601570226252079,0.2,4495,237.60761441000002,-22.680969619750975,0.2041015625,0.007476142095401883,0.34939315915107727,300.0,0.0116993515,-0.013553067343309522,0.0002,0.6295485496520996
1896448,926,1743,1087,0.014473706483840942,0.2,4499,237.47277847,-22.672029113769533,0.14986979166666667,0.00820570724705855,0.34930309653282166,300.0,0.027459808,-0.0027373650732139747,0.0002,0.5587242841720581
1898496,927,1745,1087,-0.01150586735457182,0.2,4504,235.78033137999998,-22.652816581726075,0.12841796875,0.006336793745867908,0.3491935729980469,300.0,0.013872117,-0.01007994906976819,0.0002,0.6279129385948181
1900544,928,1748,1087,-0.006743753328919411,0.2,4509,235.78033137999998,-22.64007158279419,0.1357421875,0.007414389448240399,0.3491698205471039,300.0,0.010746527,-0.0097918382845819,0.0002,0.5678693652153015
1902592,929,1750,1087,-0.015773218125104904,0.2,4514,235.44167467000003,-22.640037536621094,0.15107421875,0.006811912776902318,0.349194198846817,300.0,0.012112026,-0.01056426630821079,0.0002,0.6058446168899536
1904640,930,1751,1087,0.03269729018211365,0.2,4516,235.22094876999995,-22.64357829093933,0.142333984375,0.008893611142411828,0.34921011328697205,300.0,0.016428117,0.0029354027938097715,0.0002,0.6574481129646301
1906688,931,1753,1087,-0.01786089688539505,0.2,4521,235.54568156000005,-22.646049976348877,0.11904296875,0.007882735901512205,0.34921079874038696,300.0,0.009827311,-0.007445804984308779,0.0002,0.6578307151794434
1908736,932,1755,1087,-0.006191566586494446,0.2,4526,235.62180639000002,-22.645388889312745,0.1638671875,0.010609166510403157,0.3492174446582794,300.0,0.013313599,-0.005552715389057994,0.0002,0.5465458631515503
1910784,933,1756,1087,0.01622580736875534,0.2,4528,235.79848444000004,-22.646846771240234,0.210693359375,0.01106335234362632,0.3492189347743988,300.0,0.014975989,0.007789313909597695,0.0002,0.5556105375289917
1912832,934,1759,1087,-0.005941988900303841,0.2,4533,236.60915542000004,-22.65232410430908,0.16123046875,0.00879057457204908,0.34930288791656494,300.0,0.013683783,-0.008788433915469795,0.0002,0.5909589529037476
1914880,935,1761,1087,-0.011644016019999981,0.2,4538,236.60915542000004,-22.669120407104494,0.149609375,0.010222190944477915,0.349383145570755,300.0,0.011090536,-0.008443748799618334,0.0002,0.6039944887161255
1916928,936,1763,1087,0.007037371397018433,0.2,4543,236.87707695999998,-22.685013103485108,0.1822265625,0.006792435166426003,0.3494921624660492,300.0,0.015655937,-0.0065787713858298956,0.0002,0.5799519419670105
1918976,937,1765,1086,-0.00035354355350136757,0.2,4548,236.46010780999998,-22.704813289642335,0.15576171875,0.009402747359126806,0.34959548711776733,300.0,0.01579359,-0.009444142086431384,0.0002,0.5732619166374207
1921024,938,1767,1086,-0.01907227374613285,0.2,4553,236.51533906999998,-22.71402473449707,0.19111328125,0.009273026045411826,0.3495759069919586,300.0,0.01539094,-0.012980795768089592,0.0002,0.6416149139404297
1923072,939,1768,1087,0.0393478088080883,0.2,4554,236.34063029000004,-22.709498405456543,0.181640625,0.008295788429677486,0.3495660722255707,300.0,0.013581328,0.01046342053450644,0.0002,0.618228554725647
1925120,940,1770,1087,-0.011539720930159092,0.2,4559,236.27449815,-22.702615165710448,0.15009765625,0.0053406457882374525,0.34949490427970886,300.0,0.011235586,-0.006036413996480405,0.0002,0.562990665435791
1927168,941,1772,1087,-0.021020133048295975,0.2,4564,236.27449815,-22.696180629730225,0.1427734375,0.00646984779741615,0.34950584173202515,300.0,0.012637587,-0.009785668062977492,0.0002,0.5938282012939453
1929216,942,1773,1087,0.014758122153580189,0.2,4567,235.49396740999998,-22.69731502532959,0.1462890625,0.009388441499322654,0.34948378801345825,300.0,0.027532028,0.0005144988419488073,0.0002,0.469190776348114
1931264,943,1775,1087,-0.011286750435829163,0.2,4572,236.54847306,-22.688997650146483,0.1201171875,0.0063128741690889004,0.3494165539741516,300.0,0.011151861,-0.007597666303627193,0.0002,0.5066518187522888
1933312,944,1777,1087,-0.020531510934233665,0.2,4577,235.77071011000004,-22.68174104690552,0.1162109375,0.007347957789897918,0.34939444065093994,300.0,0.015442511,-0.008881543879397213,0.0002,0.6330755949020386
1935360,945,1779,1087,-0.0017420933581888676,0.2,4582,236.49012147000002,-22.678550910949706,0.1728515625,0.005558627750724554,0.3493797779083252,300.0,0.015695244,-0.006675562541931868,0.0002,0.4655997157096863
1937408,946,1781,1087,-0.017639625817537308,0.2,4587,234.89676433999998,-22.67708044052124,0.1587890625,0.005641058064065873,0.34937354922294617,300.0,0.013800284,-0.010581931937485934,0.0002,0.6522102355957031
1939456,947,1783,1087,-0.028091048821806908,0.2,4592,233.71054621,-22.675709629058836,0.14423828125,0.008514344622381032,0.3493684232234955,300.0,0.012687847,-0.011316276900470257,0.0002,0.6000744104385376
1941504,948,1785,1087,-0.02095329761505127,0.2,4597,233.71054621,-22.672200393676757,0.19794921875,0.010050108283758163,0.3493383526802063,300.0,0.016962415,-0.011468325927853584,0.0002,0.6826636791229248
1943552,949,1787,1087,0.005802840925753117,0.2,4602,233.47700269000003,-22.665002250671385,0.20244140625,0.007833336759358645,0.3492848575115204,300.0,0.017359551,-0.002335935505107045,0.0002,0.6246517896652222
1945600,950,1789,1087,-0.009929640218615532,0.2,4607,233.34947855000001,-22.657028102874754,0.15546875,0.006930676754564047,0.34926706552505493,300.0,0.01606233,-0.009834332880564034,0.0002,0.6074504852294922
1947648,951,1790,1087,0.02646317332983017,0.2,4609,234.09345459999997,-22.656927347183228,0.197021484375,0.005703497969079763,0.3492673337459564,300.0,0.018948868,0.007393208332359791,0.0002,0.5925967693328857
1949696,952,1792,1087,-0.013502350077033043,0.2,4614,235.24727998000003,-22.651280307769774,0.1529296875,0.007278486713767051,0.3491935133934021,300.0,0.013678424,-0.009822915983386337,0.0002,0.6402043104171753
1951744,953,1794,1087,-0.012554285116493702,0.2,4619,236.54323882999998,-22.638294315338136,0.17265625,0.007464308151975274,0.34913256764411926,300.0,0.0151936775,-0.008038070774637163,0.0002,0.6460748910903931
1953792,954,1796,1087,-0.006901217624545097,0.2,4624,235.38036817,-22.629498386383055,0.1353515625,0.005511009530164301,0.3490818440914154,300.0,0.016238488,-0.01024413777049631,0.0002,0.6085762977600098
1955840,955,1798,1087,-0.024507533758878708,0.2,4629,235.38036817,-22.622103023529053,0.1625,0.007424927153624594,0.3490591049194336,300.0,0.018133812,-0.011132176499813795,0.0002,0.6580804586410522
1957888,956,1800,1087,-0.013781275600194931,0.2,4634,233.64947327,-22.62246141433716,0.180078125,0.01186740812845528,0.34905827045440674,300.0,0.013742799,-0.010935280844569207,0.0002,0.6244329810142517
1959936,957,1802,1087,-0.02227412350475788,0.2,4639,233.68523527999997,-22.62218084335327,0.151953125,0.00824489074293524,0.34907785058021545,300.0,0.0131391,-0.005309098027646541,0.0002,0.6446495056152344
1961984,958,1804,1087,-0.012522256001830101,0.2,4644,231.60227791,-22.622964572906493,0.1396484375,0.010716747352853417,0.3490704596042633,300.0,0.013568865,-0.007956891437061131,0.0002,0.5944914817810059
1964032,959,1806,1087,-0.012083121575415134,0.2,4649,232.11226217,-22.61708984375,0.172265625,0.008555397507734597,0.34901779890060425,300.0,0.017419795,-0.008760460535995662,0.0002,0.6192973852157593
1966080,960,1808,1086,-0.009109439328312874,0.2,4654,230.3430448,-22.611500453948974,0.16123046875,0.010560108022764325,0.3490235209465027,300.0,0.020486934,-0.007115315040573477,0.0002,0.6446518898010254
1968128,961,1810,1087,0.010930733755230904,0.2,4658,229.94759694000004,-22.61681057856633,0.14693509615384615,0.012117813054758769,0.34906890988349915,300.0,0.031177882,-0.002285660172884281,0.0002,0.5864094495773315
1970176,962,1812,1087,-0.014186080545186996,0.2,4663,229.94759694000004,-22.619933986663817,0.11923828125,0.007673182198777795,0.34904757142066956,300.0,0.011179602,-0.007937290729023517,0.0002,0.3827652335166931
1972224,963,1814,1086,-0.015442867763340473,0.2,4668,230.83680465,-22.615309047698975,0.140234375,0.005887783318758011,0.3490673303604126,300.0,0.013629733,-0.010554860811680555,0.0002,0.4767765402793884
1974272,964,1816,1086,-0.009054679423570633,0.2,4673,231.34055912999997,-22.6126540184021,0.18486328125,0.00603937404230237,0.34897634387016296,300.0,0.021226276,-0.006329370755702257,0.0002,0.6207033395767212
1976320,965,1818,1086,-0.014123059809207916,0.2,4678,229.63030182,-22.59800148010254,0.14404296875,0.006313106534071267,0.34892264008522034,300.0,0.009783879,-0.006390665879007429,0.0002,0.6218372583389282
1978368,966,1820,1086,-0.019288305193185806,0.2,4683,229.70675416000003,-22.586545753479005,0.137890625,0.005979776522144676,0.34881746768951416,300.0,0.011961255,-0.011225266009569168,0.0002,0.6880980730056763
1980416,967,1822,1086,-0.013243746012449265,0.2,4688,229.92167465999998,-22.56923131942749,0.16494140625,0.006497538718394935,0.3487769067287445,300.0,0.013874068,-0.007049774006009102,0.0002,0.6758489608764648
1982464,968,1824,1086,-0.010245561599731445,0.2,4693,229.01525877000003,-22.564337062835694,0.141796875,0.005827297386713326,0.3487243354320526,300.0,0.012181328,-0.011685809236951172,0.0002,0.5936691164970398
1984512,969,1826,1086,-0.014136099256575108,0.2,4698,229.01525877000003,-22.55653257369995,0.194921875,0.005837137927301228,0.3487255275249481,300.0,0.016825493,-0.007441909331828356,0.0002,0.531143069267273
1986560,970,1828,1086,0.023664604872465134,0.2,4702,230.12409720000002,-22.559095859527588,0.1966552734375,0.007450235891155899,0.3487367331981659,300.0,0.018098386,-0.0011549408081918955,0.0002,0.6113308668136597
1988608,971,1829,1086,0.015994805842638016,0.2,4705,232.32116086000002,-22.559693249789152,0.14328835227272727,0.007260074373334646,0.3487456738948822,300.0,0.021272898,0.0007850834253159436,0.0002,0.6566412448883057
1990656,972,1830,1087,0.007887251675128937,0.2,4708,232.38174676,-22.56098677895286,0.14825994318181818,0.007726484189995311,0.3487415313720703,300.0,0.018816099,0.0017868648706512017,0.0002,0.5874411463737488
1992704,973,1832,1087,-0.005628593266010284,0.2,4713,233.54102337,-22.554913425445555,0.1931640625,0.007433579885400832,0.3486759066581726,300.0,0.01443775,-0.005653012031689286,0.0002,0.6260495185852051
1994752,974,1834,1087,-0.018328791484236717,0.2,4718,235.00354946,-22.546445465087892,0.178125,0.006850593583658337,0.34866252541542053,300.0,0.021060891,-0.011928959656506777,0.0002,0.6397180557250977
1996800,975,1836,1087,-0.026028811931610107,0.2,4723,235.63040053,-22.55500726699829,0.178125,0.007415975886397063,0.3487687408924103,300.0,0.020656342,-0.010429909499362112,0.0002,0.6770926713943481
1998848,976,1838,1086,-0.014837151393294334,0.2,4728,235.63040053,-22.563763046264647,0.1328125,0.010083537129685283,0.3487014174461365,300.0,0.015380857,-0.009623705339618028,0.0002,0.5943670272827148
2000896,977,1840,1086,-0.023840337991714478,0.2,4733,236.05555731000004,-22.554743576049805,0.1341796875,0.009528465988114476,0.34873026609420776,300.0,0.012397196,-0.012105991621501744,0.0002,0.5626303553581238
2002944,978,1842,1086,-0.02559320256114006,0.2,4738,236.71544747000004,-22.55957450866699,0.13271484375,0.0060180685948580505,0.3487169146537781,300.0,0.012013795,-0.011161977192386985,0.0002,0.5369566679000854
2004992,979,1844,1086,-0.0072243306785821915,0.2,4743,237.47589727999994,-22.55941677093506,0.16923828125,0.010000865487381817,0.3487279415130615,300.0,0.013239268,-0.006479022698476911,0.0002,0.6446834802627563
2007040,980,1847,1086,-0.013957435265183449,0.2,4748,237.4384013,-22.561651706695557,0.18623046875,0.008688617101870477,0.3487602174282074,300.0,0.017739978,-0.011968155950307846,0.0002,0.6201359033584595
2009088,981,1849,1086,-0.017283599823713303,0.2,4753,236.92258780000003,-22.570359802246095,0.16689453125,0.0071906403871253135,0.3488081693649292,300.0,0.013976473,-0.012207130389288067,0.0002,0.5956487655639648
2011136,982,1851,1086,-0.01751941442489624,0.2,4758,236.92258780000003,-22.573373985290527,0.144140625,0.008761039562523365,0.34879088401794434,300.0,0.009230417,-0.0049405660247430205,0.0002,0.4652424454689026
2013184,983,1853,1086,-0.016211409121751785,0.2,4763,238.03415514999998,-22.570431327819826,0.13349609375,0.006576247001066804,0.3487741947174072,300.0,0.01219532,-0.009230159898288548,0.0002,0.5259089469909668
2015232,984,1854,1086,0.012279778718948364,0.2,4766,238.61663908000003,-22.567357222239178,0.12125651041666667,0.005882080799589555,0.34874406456947327,300.0,0.01819478,-0.00038481181642661494,0.0002,0.6227017641067505
2017280,985,1856,1086,-0.017217520624399185,0.2,4771,238.29452025999996,-22.55906276702881,0.16357421875,0.0056829366367310286,0.3486891984939575,300.0,0.015503374,-0.005190082616172731,0.0002,0.5918982028961182
2019328,986,1858,1086,-0.011469798162579536,0.2,4776,237.75468873000003,-22.55523157119751,0.15888671875,0.009231696370989084,0.34870490431785583,300.0,0.012358787,-0.005829219147562981,0.0002,0.6676031351089478
2021376,987,1860,1086,-0.012296119704842567,0.2,4781,238.25633717,-22.56004409790039,0.1423828125,0.00739536655601114,0.3487366735935211,300.0,0.013033115,-0.008810489752795548,0.0002,0.5975774526596069
2023424,988,1862,1086,-0.014349902048707008,0.2,4786,237.98933792000003,-22.550385761260987,0.11484375,0.005602089129388333,0.3485702872276306,300.0,0.011070463,-0.009587437566369771,0.0002,0.5935745239257812
2025472,989,1864,1086,-0.012591035105288029,0.2,4791,237.98933792000003,-22.521000099182128,0.14853515625,0.006654984946362674,0.34846219420433044,300.0,0.014014043,-0.01203983121085912,0.0002,0.5312222242355347
2027520,990,1866,1086,-0.02076205424964428,0.2,4796,237.39886262000005,-22.517802047729493,0.15322265625,0.011034110561013222,0.34854692220687866,300.0,0.012149513,-0.014590028976090252,0.0002,0.5957539677619934
2029568,991,1869,1085,-0.019236532971262932,0.2,4801,236.87068432,-22.54291868209839,0.1259765625,0.008829111233353615,0.34871813654899597,300.0,0.015707375,-0.009005785104818642,0.0002,0.6751033067703247
2031616,992,1871,1085,-0.017561381682753563,0.2,4806,236.42935993000003,-22.559740352630616,0.11552734375,0.009721558587625623,0.3487119972705841,300.0,0.011429127,-0.012048006965778768,0.0002,0.6418149471282959
2033664,993,1873,1085,-0.014446771703660488,0.2,4811,236.77973422,-22.550428771972655,0.1498046875,0.008582000760361553,0.34865716099739075,300.0,0.014998003,-0.010441639949567616,0.0002,0.6784388422966003
2035712,994,1875,1085,-0.02451517805457115,0.2,4816,237.55001743999998,-22.544312286376954,0.147265625,0.009014046238735317,0.34866437315940857,300.0,0.013951668,-0.01033945318777114,0.0002,0.6339290738105774
2037760,995,1876,1085,0.012287015095353127,0.2,4820,237.16150286,-22.543784260749817,0.2030029296875,0.009236403770046309,0.34865254163742065,300.0,0.019957226,-0.0003116417210549116,0.0002,0.632017970085144
2039808,996,1878,1085,-0.011361612007021904,0.2,4825,237.16150286,-22.541430473327637,0.13623046875,0.013234553206712008,0.3486686944961548,300.0,0.01928581,-0.008886573975905776,0.0002,0.6184147596359253
2041856,997,1880,1085,-0.020609892904758453,0.2,4830,236.23349096000004,-22.546730709075927,0.16923828125,0.009261790593154729,0.3487045168876648,300.0,0.01026799,-0.005319342040456832,0.0002,0.5234317779541016
2043904,998,1882,1085,-0.02084248885512352,0.2,4835,235.52331687000003,-22.550784492492674,0.1482421875,0.005459467112086713,0.34870845079421997,300.0,0.02006368,-0.011685048136860133,0.0002,0.5407646894454956
2045952,999,1884,1085,-0.0022325606551021338,0.2,4840,236.87682755000003,-22.54495668411255,0.1865234375,0.006746479100547731,0.3486425578594208,300.0,0.00806199,0.0010594772640615702,0.0002,0.5562462210655212
2048000,1000,1886,1085,-0.019470153376460075,0.2,4845,237.39255277000004,-22.53106336593628,0.1779296875,0.005244943941943347,0.348577082157135,300.0,0.013416098,-0.003611132176592946,0.0002,0.6525869369506836
2050048,1001,1888,1085,-0.012866069562733173,0.2,4850,236.84040742000002,-22.525015926361085,0.1578125,0.005115100671537221,0.34854692220687866,300.0,0.013472384,-0.005375674972310662,0.0002,0.6212753653526306
2052096,1002,1890,1085,-0.016352443024516106,0.2,4855,236.29826146,-22.526851749420167,0.16533203125,0.005584535701200366,0.34862905740737915,300.0,0.016786104,-0.013081903988495468,0.0002,0.6597024202346802
2054144,1003,1892,1085,-0.013432673178613186,0.2,4860,236.29826146,-22.544876670837404,0.151171875,0.009442344028502702,0.34870415925979614,300.0,0.013358259,-0.006847238657064736,0.0002,0.6503157615661621
2056192,1004,1894,1085,-0.008988691493868828,0.2,4865,237.12978416,-22.554085787604837,0.18290441176470587,0.005247694330618662,0.34874972701072693,300.0,0.03010489,-0.005357692949473858,0.0002,0.6043126583099365
2058240,1005,1896,1085,-0.008151375688612461,0.2,4870,237.44820546000003,-22.563139965659694,0.19212582236842105,0.004890983654676299,0.34880274534225464,300.0,0.02369357,-0.006549696413506018,0.0002,0.6574026942253113
2060288,1006,1898,1085,-0.022974791005253792,0.2,4875,239.08720897,-22.569811820983887,0.16416015625,0.00668236322235316,0.34884634613990784,300.0,0.012070725,-0.014228888601064683,0.0002,0.6406438946723938
2062336,1007,1900,1085,-0.00666072778403759,0.2,4879,238.63785366999997,-22.57594284644494,0.15159254807692307,0.008262565610213922,0.34888216853141785,300.0,0.03650564,-0.005748606860064543,0.0002,0.6237319707870483
2064384,1008,1902,1085,-0.01233510859310627,0.2,4884,238.24566736000006,-22.578730297088622,0.12568359375,0.006819501100108027,0.3488607108592987,300.0,0.013649202,-0.00879329622257501,0.0002,0.6875315308570862
2066432,1009,1904,1085,-0.011154734529554844,0.2,4889,238.10874731999996,-22.565258598327638,0.15634765625,0.005787635780870914,0.34875762462615967,300.0,0.01298905,-0.008440676657482982,0.0002,0.6356856226921082
2068480,1010,1906,1084,-0.011402055621147156,0.2,4894,238.10874731999996,-22.55353775024414,0.12099609375,0.007450888422317803,0.34875908493995667,300.0,0.013134297,-0.0100061462726444,0.0002,0.5968544483184814
2070528,1011,1908,1084,-0.02706218510866165,0.2,4899,237.96296216,-22.556229972839354,0.1642578125,0.006575734307989478,0.34875619411468506,300.0,0.017294748,-0.010636417521163821,0.0002,0.5804165601730347
2072576,1012,1910,1085,0.017662744969129562,0.2,4903,239.52388264,-22.549819946289062,0.15700120192307693,0.00571462454704138,0.34869638085365295,300.0,0.03416289,-0.0006054285555504835,0.0002,0.5887233018875122
2074624,1013,1912,1084,-0.01959207095205784,0.2,4908,239.39137685999995,-22.537282943725586,0.17099609375,0.004925541114062071,0.34863513708114624,300.0,0.016897472,-0.007787946797907353,0.0002,0.5632967352867126
2076672,1014,1914,1084,-0.01698019914329052,0.2,4913,238.39112768000004,-22.53194942474365,0.15703125,0.0076365772401914,0.34865882992744446,300.0,0.014529385,-0.007622774690389633,0.0002,0.6432753801345825
2078720,1015,1916,1084,0.019404005259275436,0.2,4918,237.48644176,-22.537429508410003,0.17999588815789475,0.005421260151227838,0.3486931324005127,300.0,0.026006898,-0.004760446835701403,0.0002,0.6587569713592529
2080768,1016,1917,1085,-0.010451585985720158,0.2,4922,237.48644176,-22.538914952959335,0.12960379464285715,0.007281045329623989,0.34867119789123535,300.0,0.02247375,-0.005298100179061294,0.0002,0.6002302169799805
2082816,1017,1918,1085,0.03829919174313545,0.2,4923,237.49048571000003,-22.536200841267902,0.19921875,0.008232959235707918,0.34866777062416077,300.0,0.017013388,0.0077699509759744005,0.0002,0.4998616576194763
2084864,1018,1919,1086,0.05171721428632736,0.2,4924,238.05164426,-22.53557586669922,0.23763020833333334,0.0072922483086586,0.3486645519733429,300.0,0.02139312,0.023040530737489462,0.0002,0.5083481073379517
2086912,1019,1921,1086,-0.003557128831744194,0.2,4929,237.83726059000003,-22.534766960144044,0.1521484375,0.01081420574337244,0.3486673831939697,300.0,0.011451609,-0.00677515568677336,0.0002,0.6412553787231445
2088960,1020,1923,1086,-0.009685528464615345,0.2,4934,238.20239241999997,-22.5387170791626,0.122265625,0.009922478022053838,0.34870871901512146,300.0,0.012662214,-0.008983911690302193,0.0002,0.5429341793060303
2091008,1021,1925,1086,-0.0061895763501524925,0.2,4939,237.15317981,-22.541391563415527,0.1095703125,0.008688793587498366,0.3486538529396057,300.0,0.012239385,-0.00892873394768685,0.0002,0.5772569179534912
2093056,1022,1927,1085,-0.015782341361045837,0.2,4944,235.98199917,-22.524646186828612,0.17021484375,0.007981062051840127,0.34855327010154724,300.0,0.016719636,-0.010341812274418771,0.0002,0.6024622917175293
2095104,1023,1929,1085,0.0024314336478710175,0.2,4949,235.98199917,-22.51006135940552,0.1623046875,0.0071553268237039445,0.3485061526298523,300.0,0.014644578,-0.008315312722697855,0.0002,0.6367806196212769
2097152,1024,1931,1085,-0.01731591857969761,0.2,4954,236.19330008,-22.503951835632325,0.18125,0.008984411507844925,0.34848588705062866,300.0,0.020845816,-0.009473913162946702,0.0002,0.6730556488037109
2099200,1025,1931,1086,0.017630789428949356,0.2,4955,236.91152329,-22.502574920654297,0.240234375,0.006554292359699805,0.34848544001579285,300.0,0.01564341,0.005891243616739909,0.0002,0.6256148219108582
2101248,1026,1934,1086,-0.019304778426885605,0.2,4960,235.64161155000002,-22.50078535079956,0.159765625,0.007971912599168718,0.34845682978630066,300.0,0.014209412,-0.012660548649728298,0.0002,0.6350150108337402
2103296,1027,1935,1086,0.019256610423326492,0.2,4963,235.36021831999994,-22.49526526711204,0.16956676136363635,0.008934020149436865,0.348432719707489,300.0,0.017819451,-0.0005293259058486332,0.0002,0.6248931884765625
2105344,1028,1937,1086,-0.021655000746250153,0.2,4968,237.06623391000002,-22.488765048980714,0.14638671875,0.007159054139629006,0.34840139746665955,300.0,0.015873123,-0.012170223239809274,0.0002,0.5791817903518677
2107392,1029,1939,1086,-0.0002601831220090389,0.2,4973,237.69302321000004,-22.485026836395264,0.17109375,0.007719199452549219,0.3483773469924927,300.0,0.015284511,-0.007059866341296584,0.0002,0.553823709487915
2109440,1030,1940,1087,0.03447612747550011,0.2,4974,237.69302321000004,-22.481364568074543,0.22200520833333334,0.009006466095646223,0.3483741283416748,300.0,0.016235972,0.014447023471196493,0.0002,0.5714364051818848
2111488,1031,1942,1087,-0.005667970981448889,0.2,4979,237.20507421000002,-22.478468704223634,0.19970703125,0.008307807985693217,0.34834223985671997,300.0,0.021066878,-0.00278056567767635,0.0002,0.6286221742630005
2113536,1032,1944,1087,-0.016498390585184097,0.2,4984,238.69032724000007,-22.46806936264038,0.17841796875,0.005347838974557817,0.3482625186443329,300.0,0.020173427,-0.010977433470543474,0.0002,0.49147212505340576
2115584,1033,1945,1087,0.019345775246620178,0.2,4986,237.71774432000007,-22.457909992762975,0.14397321428571427,0.0060805208049714565,0.34823980927467346,300.0,0.019335812,0.006529561776135649,0.0002,0.5861212015151978
2117632,1034,1947,1087,-0.015806803479790688,0.2,4991,237.96685204000002,-22.449470710754394,0.12548828125,0.005535044334828853,0.3481712341308594,300.0,0.013368409,-0.009491620189510285,0.0002,0.6564958691596985
2119680,1035,1948,1087,0.021441688761115074,0.2,4994,238.35688062,-22.4390230178833,0.22314453125,0.006676603651915987,0.34812599420547485,300.0,0.01879536,0.0006084702520941695,0.0002,0.619959831237793
2121728,1036,1950,1087,-0.013666417449712753,0.2,4999,238.64715829000005,-22.43951234817505,0.15947265625,0.007663411018438637,0.3482057750225067,300.0,0.014450781,-0.010482133086770772,0.0002,0.6496581435203552
2123776,1037,1952,1087,-0.018443794921040535,0.2,5004,238.64715829000005,-22.453803539276123,0.116796875,0.007667658780701458,0.3482095003128052,300.0,0.012384243,-0.00976102645508945,0.0002,0.65373694896698
2125824,1038,1954,1087,-0.021505899727344513,0.2,5009,238.97935470000002,-22.450169372558594,0.1705078125,0.009465564833953976,0.3481907248497009,300.0,0.0146617275,-0.016441669804044066,0.0002,0.5978838205337524
2127872,1039,1957,1087,-0.01019260659813881,0.2,5014,238.76405752000005,-22.450738620758056,0.16455078125,0.006558720162138343,0.34822577238082886,300.0,0.01386887,-0.007299039792269468,0.0002,0.5989305377006531
2129920,1040,1958,1087,-0.01242142915725708,0.2,5019,239.00650219,-22.456272888183594,0.1673828125,0.006818035617470741,0.3482399880886078,300.0,0.012711131,-0.004525992553681135,0.0002,0.5868512392044067
2131968,1041,1961,1087,-0.016097091138362885,0.2,5024,240.16499516000005,-22.458026599884032,0.12021484375,0.005907332012429834,0.3482710123062134,300.0,0.009970216,-0.007335636497009546,0.0002,0.5269478559494019
2134016,1042,1963,1086,-0.017428738996386528,0.2,5029,239.78850091,-22.457339000701904,0.1623046875,0.005369258765131235,0.3482275903224945,300.0,0.012460481,-0.009811737621203066,0.0002,0.6327997446060181
2136064,1043,1964,1087,0.04419883340597153,0.2,5030,240.97439272,-22.451744079589844,0.224609375,0.008480007061734796,0.34821656346321106,300.0,0.017999876,0.012745515909045935,0.0002,0.6160542964935303
2138112,1044,1966,1087,-0.022138698026537895,0.2,5035,240.97439272,-22.44428195953369,0.18369140625,0.00649490060750395,0.34812453389167786,300.0,0.018883832,-0.011934077204205095,0.0002,0.6156700849533081
2140160,1045,1968,1087,-0.0049590254202485085,0.2,5040,240.80647805999993,-22.43277578353882,0.1708984375,0.009978656284511089,0.3481276333332062,300.0,0.016149268,-0.0009718992281705141,0.0002,0.6106953620910645
2142208,1046,1970,1086,-0.01572560705244541,0.2,5045,241.16574916,-22.43470153808594,0.167578125,0.007194380275905132,0.34810367226600647,300.0,0.011625126,-0.00745952227152884,0.0002,0.6385939121246338
2144256,1047,1972,1086,-0.01012072991579771,0.2,5050,241.38413953,-22.43104953765869,0.15205078125,0.007357233669608831,0.34811025857925415,300.0,0.012072426,-0.007531566615216434,0.0002,0.628877580165863
2146304,1048,1974,1086,-0.017030851915478706,0.2,5055,242.16904132999997,-22.435558128356934,0.184765625,0.011021042987704278,0.34814372658729553,300.0,0.014972242,-0.009029401722364128,0.0002,0.660782516002655
2148352,1049,1976,1086,-0.009062621742486954,0.2,5060,242.56819509000002,-22.438277149200438,0.15732421875,0.010330324620008468,0.34814292192459106,300.0,0.014908515,-0.006315013207495212,0.0002,0.6931835412979126
2150400,1050,1978,1086,-0.014972487464547157,0.2,5065,242.93551257000001,-22.439083194732667,0.1283203125,0.006915878457948566,0.34818190336227417,300.0,0.012311556,-0.010158791532739997,0.0002,0.63037109375
2152448,1051,1981,1086,-0.01423957385122776,0.2,5070,242.93551257000001,-22.446285915374755,0.1205078125,0.007342749484814703,0.3482006788253784,300.0,0.009280826,-0.008516390994191169,0.0002,0.41883981227874756
2154496,1052,1983,1086,-0.02964182198047638,0.2,5075,243.62924418999998,-22.44767599105835,0.20751953125,0.009880670253187418,0.34822043776512146,300.0,0.023057586,-0.012645523133687674,0.0002,0.5079805850982666
2156544,1053,1985,1086,-0.01933189667761326,0.2,5080,244.110717,-22.439971733093262,0.15224609375,0.006560730119235814,0.34810951352119446,300.0,0.014861283,-0.006361163803376257,0.0002,0.4910166263580322
2158592,1054,1987,1086,-0.014890158548951149,0.2,5085,243.45590541,-22.419124126434326,0.19423828125,0.005365615524351597,0.34802258014678955,300.0,0.01993958,-0.0057136202463880185,0.0002,0.539227306842804
2160640,1055,1989,1085,-0.015903737396001816,0.2,5090,243.96225595999996,-22.40821018218994,0.13828125,0.005943552171811461,0.34801405668258667,300.0,0.017373567,-0.007646055845543742,0.0002,0.6493915319442749
2162688,1056,1991,1085,-0.014262329787015915,0.2,5095,244.74283329999997,-22.410073852539064,0.16123046875,0.006142219761386514,0.34800830483436584,300.0,0.012181437,-0.0074505082098767165,0.0002,0.5699925422668457
2164736,1057,1993,1085,-0.023499829694628716,0.2,5100,244.74283329999997,-22.410906028747558,0.21025390625,0.006631031655706466,0.34802693128585815,300.0,0.015567046,-0.013466244051232933,0.0002,0.6751965880393982
2166784,1058,1995,1085,-0.009869882836937904,0.2,5105,244.75391271,-22.411655235290528,0.14111328125,0.007982293725945055,0.34800928831100464,300.0,0.014301366,-0.008949354803189636,0.0002,0.6284880638122559
2168832,1059,1997,1085,-0.019143298268318176,0.2,5110,243.71929645,-22.40055618286133,0.1333984375,0.011283195018768311,0.34792959690093994,300.0,0.011128703,-0.008260921388864518,0.0002,0.6139549612998962
2170880,1060,1999,1085,-0.01635039784014225,0.2,5115,242.39230776000008,-22.388388633728027,0.14208984375,0.008366961102001368,0.3478701412677765,300.0,0.015046975,-0.010386647726409137,0.0002,0.5278313755989075
2172928,1061,2000,1085,0.023376083001494408,0.2,5117,241.11637833,-22.381774629865372,0.17075892857142858,0.007666736109448331,0.3478594720363617,300.0,0.022559261,0.004474560464067119,0.0002,0.5337409377098083
2174976,1062,2003,1085,-0.012779362499713898,0.2,5122,240.88768531999997,-22.381877899169922,0.207421875,0.005569746228866279,0.34787121415138245,300.0,0.01814781,-0.009628186491318047,0.0002,0.5705991983413696
2177024,1063,2005,1085,-0.008363057859241962,0.2,5127,239.64503024,-22.385570430755614,0.15205078125,0.0064001403283327814,0.34789639711380005,300.0,0.012658171,-0.010453886212781071,0.0002,0.5814346075057983
2179072,1064,2006,1085,0.017979148775339127,0.2,5129,239.64503024,-22.38852882385254,0.132080078125,0.006692152412142605,0.3479088842868805,300.0,0.01630733,0.003518331970553845,0.0002,0.53659987449646
2181120,1065,2008,1085,0.018580034375190735,0.2,5134,239.85996643000001,-22.390390797665244,0.15470805921052633,0.006913202961808757,0.34790903329849243,300.0,0.023092845,-0.0020483695460777533,0.0002,0.5068607330322266
2183168,1066,2010,1085,-0.010842387564480305,0.2,5139,239.43767560999996,-22.389006233215333,0.1533203125,0.008789334073662758,0.34791362285614014,300.0,0.015339666,-0.008013464859686792,0.0002,0.6425742506980896
2185216,1067,2012,1085,-0.009366100654006004,0.2,5144,239.93956787000002,-22.383569717407227,0.1453125,0.0067318961257115005,0.34784379601478577,300.0,0.013558983,-0.008021709509193897,0.0002,0.6352713704109192
2187264,1068,2014,1085,-0.021867837756872177,0.2,5149,238.64310470000007,-22.369075965881347,0.155859375,0.007688275189138949,0.34778106212615967,300.0,0.0148181245,-0.009500485425814987,0.0002,0.6192779541015625
2189312,1069,2016,1085,-0.023232227191329002,0.2,5154,238.38977894999996,-22.35663890838623,0.215625,0.009635613625869155,0.34768757224082947,300.0,0.019057674,-0.010224493127316237,0.0002,0.5935550928115845
2191360,1070,2019,1085,-0.016935275867581367,0.2,5159,236.30644109999997,-22.342907905578613,0.19755859375,0.010437622386962175,0.3476412892341614,300.0,0.01557323,-0.007503994391299784,0.0002,0.675033450126648
2193408,1071,2021,1085,-0.0037933150306344032,0.2,5164,236.30644109999997,-22.33547487258911,0.20927734375,0.011298402212560177,0.3475675880908966,300.0,0.017323606,-0.0064924816135317085,0.0002,0.5086338520050049
2195456,1072,2023,1085,-0.017765749245882034,0.2,5169,237.0110784,-22.32218885421753,0.15615234375,0.0070211671525612475,0.3475029766559601,300.0,0.013061789,-0.011700782016851008,0.0002,0.5387916564941406
2197504,1073,2024,1085,0.03776630759239197,0.2,5172,237.26119377999999,-22.316092014312744,0.18343098958333334,0.01136834678861002,0.3474934697151184,300.0,0.01972585,0.0030057731394966445,0.0002,0.5420333743095398
2199552,1074,2026,1085,0.009564189240336418,0.2,5176,237.50312964,-22.314542174339294,0.18994140625,0.007577924843644723,0.34748682379722595,300.0,0.021964766,-0.002559396205469966,0.0002,0.5673950910568237
2201600,1075,2028,1085,0.0013794954866170883,0.2,5181,237.79821655999996,-22.31698152754042,0.2197265625,0.008514474922170242,0.3475141227245331,300.0,0.028387535,-0.0049000950530171394,0.0002,0.612687349319458
2203648,1076,2030,1085,-0.013982795178890228,0.2,5186,238.11694641999998,-22.323629665374757,0.16865234375,0.008102409774437547,0.3475612699985504,300.0,0.01157614,-0.004833024623803794,0.0002,0.6102184057235718
2205696,1077,2032,1085,0.019838256761431694,0.2,5190,238.87310214,-22.332928112574987,0.18205915178571427,0.007300679771495717,0.34761372208595276,300.0,0.027875222,-0.00037761318630405834,0.0002,0.6079223155975342
2207744,1078,2034,1085,-0.011433797888457775,0.2,5195,238.87310214,-22.347798919677736,0.15791015625,0.006771241477690637,0.34774017333984375,300.0,0.01442162,-0.00859127906151116,0.0002,0.5452880859375
2209792,1079,2036,1084,-0.014898561872541904,0.2,5200,238.38845180000007,-22.364282035827635,0.1591796875,0.010122922761365772,0.3477673828601837,300.0,0.01657951,-0.010210123169235885,0.0002,0.6203925609588623
2211840,1080,2038,1085,0.009783200919628143,0.2,5204,238.32162770000005,-22.357029097420828,0.17717633928571427,0.00992443020056401,0.34766992926597595,300.0,0.02791942,-0.0057021628599613905,0.0002,0.6802728176116943
2213888,1081,2040,1085,0.004599807318300009,0.2,5209,238.02908212,-22.343805408477785,0.162109375,0.010945846606045962,0.3476494550704956,300.0,0.019271426,-0.007171972119249403,0.0002,0.6354429125785828
2215936,1082,2042,1084,-0.016012215986847878,0.2,5214,236.79143157000001,-22.346760845184328,0.17978515625,0.008057897863909601,0.3476541042327881,300.0,0.018578053,-0.007791047962382436,0.0002,0.570892333984375
2217984,1083,2044,1085,0.010768561623990536,0.2,5218,236.65825785999994,-22.344963754926408,0.14801897321428573,0.007549101154186896,0.34763768315315247,300.0,0.027046787,-0.005715709246162858,0.0002,0.5448617935180664
2220032,1084,2045,1085,-0.01631711982190609,0.2,5223,238.13240105,-22.33850507736206,0.17421875,0.008062345231883228,0.3475792706012726,300.0,0.019198293,-0.009823640366084874,0.0002,0.5849703550338745
2222080,1085,2048,1084,-0.008689746260643005,0.2,5228,238.13240105,-22.32541170120239,0.13076171875,0.005407440103590488,0.3474874496459961,300.0,0.01395091,-0.008686984074302018,0.0002,0.5286235809326172
2224128,1086,2050,1084,-0.009898856282234192,0.2,5233,238.62107152000002,-22.31145496368408,0.20888671875,0.010754367429763078,0.34743785858154297,300.0,0.015961308,-0.006953285983763635,0.0002,0.637639582157135
2226176,1087,2052,1084,-0.0032131588086485863,0.2,5238,238.38822848,-22.305923461914062,0.19791666666666666,0.006608234821922249,0.3474123775959015,300.0,0.02749699,-0.006821604549056954,0.0002,0.6136453151702881
2228224,1088,2054,1084,-0.016541730612516403,0.2,5243,238.59792708999998,-22.304191303253173,0.14873046875,0.009169312473386527,0.3474375307559967,300.0,0.014007823,-0.007519141817465424,0.0002,0.5242346525192261
2230272,1089,2056,1084,-0.010715505108237267,0.2,5248,239.0286204,-22.30845890045166,0.182421875,0.007525620074011386,0.3474455177783966,300.0,0.01365025,-0.0017375613329932093,0.0002,0.5920677781105042
2232320,1090,2059,1083,-0.003028574865311384,0.2,5253,238.42757017000002,-22.31353406906128,0.170703125,0.007086242060177028,0.34750765562057495,300.0,0.016714264,-0.007364564016461373,0.0002,0.6668703556060791
2234368,1091,2061,1083,-0.01565009169280529,0.2,5258,238.42757017000002,-22.322934341430663,0.13046875,0.009355810610577464,0.34756001830101013,300.0,0.012351047,-0.006703385733999312,0.0002,0.6412721872329712
2236416,1092,2064,1083,-0.017270708456635475,0.2,5263,236.50138038,-22.33189630508423,0.136328125,0.010903828497976064,0.3475870192050934,300.0,0.012304691,-0.010586169292218983,0.0002,0.49342894554138184
2238464,1093,2066,1083,-0.02027793787419796,0.2,5268,236.81413013000005,-22.332042503356934,0.14921875,0.005491613945923746,0.3475985825061798,300.0,0.01790446,-0.012909224815666675,0.0002,0.5388284921646118
2240512,1094,2068,1082,-0.015730299055576324,0.2,5273,238.56209680999996,-22.333637237548828,0.1416015625,0.005909572495147586,0.34758567810058594,300.0,0.015155029,-0.008369620493613183,0.0002,0.674797773361206
2242560,1095,2071,1082,-0.008462781086564064,0.2,5278,239.28356846999998,-22.32847661972046,0.19228515625,0.007144518126733601,0.3475356698036194,300.0,0.012143034,-0.004840427869930863,0.0002,0.6089462041854858
2244608,1096,2073,1082,-0.024596350267529488,0.2,5283,238.79010719000001,-22.321956825256347,0.183203125,0.010610985197126865,0.3475057780742645,300.0,0.016972138,-0.00820026856381446,0.0002,0.6019482016563416
2246656,1097,2075,1082,-0.01431331504136324,0.2,5288,240.47133986000006,-22.31775608062744,0.1947265625,0.007412306498736143,0.34747815132141113,300.0,0.017182296,-0.0066396655747666955,0.0002,0.6467500925064087
2248704,1098,2078,1082,0.000887768343091011,0.2,5293,240.47133986000006,-22.314182472229003,0.21162109375,0.006000824877992273,0.34747380018234253,300.0,0.017662235,-0.0019518208224326371,0.0002,0.6003907918930054
2250752,1099,2081,1081,-0.01963738165795803,0.2,5298,238.49882199,-22.314990329742432,0.13818359375,0.010276690311729907,0.3474804162979126,300.0,0.0132756885,-0.010447147069498897,0.0002,0.6131619215011597
2252800,1100,2084,1080,-0.027094854041934013,0.2,5303,241.07179052000004,-22.319164276123047,0.1951171875,0.007028613402508199,0.34750619530677795,300.0,0.017619994,-0.010881432937458158,0.0002,0.5811145305633545
2254848,1101,2086,1080,-0.014073816128075123,0.2,5308,239.54704181999998,-22.328724670410157,0.1203125,0.006300830631516874,0.3476104140281677,300.0,0.012628948,-0.008534139208495616,0.0002,0.6352493762969971
2256896,1102,2089,1080,-0.000869271345436573,0.2,5313,239.56768646,-22.349665451049805,0.173046875,0.006651241146028042,0.3477272391319275,300.0,0.01178647,-0.006455157813616097,0.0002,0.6281634569168091
2258944,1103,2091,1079,-0.029599439352750778,0.2,5318,238.66202047000007,-22.364642810821532,0.116015625,0.008411064837127924,0.347760409116745,300.0,0.012994299,-0.012306877854280173,0.0002,0.636004626750946
2260992,1104,2094,1079,-0.018930334597826004,0.2,5323,239.31576927999996,-22.361451148986816,0.14140625,0.007203271961770952,0.34770068526268005,300.0,0.011693842,-0.008058843668550253,0.0002,0.6550595760345459
2263040,1105,2096,1079,-0.018104661256074905,0.2,5328,239.31576927999996,-22.346737766265868,0.2248046875,0.007910445355810225,0.3475726544857025,300.0,0.02270712,-0.011404571775346994,0.0002,0.6167949438095093
2265088,1106,2097,1079,0.017410632222890854,0.2,5331,239.97916687,-22.328080972035725,0.22054036458333334,0.006240159505978227,0.34751927852630615,300.0,0.022630263,0.0012183425715193152,0.0002,0.6186932325363159
2267136,1107,2098,1080,-0.0005268645472824574,0.2,5332,240.48018473999997,-22.323250770568848,0.26611328125,0.009302896447479725,0.34751296043395996,300.0,0.018925373,0.006763136945664883,0.0002,0.6982786655426025
2269184,1108,2101,1079,-0.02080605924129486,0.2,5337,239.39106878,-22.327254486083984,0.14267578125,0.009411331452429294,0.34758448600769043,300.0,0.011714795,-0.010613946104422211,0.0002,0.6531403660774231
2271232,1109,2103,1079,0.0010162247344851494,0.2,5342,240.79296796999995,-22.340587997436522,0.1939453125,0.008749936427921056,0.34761279821395874,300.0,0.019495312,-0.01087202385533601,0.0002,0.5547702312469482
2273280,1110,2105,1079,0.009041709825396538,0.2,5346,241.37304382000005,-22.339977117685173,0.228515625,0.00901776308623644,0.34759798645973206,300.0,0.038282048,1.7483002291275905e-05,0.0002,0.5860095024108887
2275328,1111,2107,1079,-0.022048024460673332,0.2,5351,242.24985130000002,-22.33096237182617,0.151953125,0.00726718120276928,0.3475065529346466,300.0,0.018716468,-0.009819243347737937,0.0002,0.6105145812034607
2277376,1112,2110,1079,-0.011176081374287605,0.2,5356,242.24985130000002,-22.31719560623169,0.14189453125,0.007158007682301104,0.34747448563575745,300.0,0.017744295,-0.012569091049954295,0.0002,0.6132242679595947
2279424,1113,2112,1078,-0.005537454038858414,0.2,5361,240.70316317,-22.317999744415282,0.20439453125,0.006013943441212177,0.3475337624549866,300.0,0.01824836,-0.009359617764130235,0.0002,0.6589471101760864
2281472,1114,2115,1078,-0.024480115622282028,0.2,5366,240.04554678999997,-22.328631973266603,0.15576171875,0.005473226448521018,0.3475782871246338,300.0,0.014526529,-0.011886822688393296,0.0002,0.4910445809364319
2283520,1115,2117,1078,0.001995436381548643,0.2,5370,238.87051888000002,-22.33039269080529,0.15114182692307693,0.0058308068949442645,0.34757301211357117,300.0,0.030163206,-0.0008394200927936113,0.0002,0.5685634613037109
2285568,1116,2119,1078,-0.006072124466300011,0.2,5375,239.05199605999994,-22.3244384765625,0.18681640625,0.009342215582728386,0.34750667214393616,300.0,0.01896885,-0.010575587605126202,0.0002,0.6505275964736938
2287616,1117,2122,1077,-0.00783979706466198,0.2,5380,238.83653534999996,-22.31841516494751,0.18291015625,0.008979857759550213,0.3475261926651001,300.0,0.02005577,-0.005877179140225053,0.0002,0.6269270777702332
2289664,1118,2126,1076,-0.011121309362351894,0.2,5385,238.76695338000002,-22.319957160949706,0.13271484375,0.006291790236718953,0.34748661518096924,300.0,0.00952925,-0.01016338774934411,0.0002,0.6369835138320923
2291712,1119,2129,1076,-0.018972966820001602,0.2,5390,238.76695338000002,-22.311406326293945,0.20283203125,0.00719639325980097,0.3474563956260681,300.0,0.01946044,-0.007856714725494384,0.0002,0.7005250453948975
2293760,1120,2132,1075,-0.007913919165730476,0.2,5395,238.87671147000003,-22.3062762260437,0.1697265625,0.005824875272810459,0.3474045395851135,300.0,0.020582132,-0.010690282401628792,0.0002,0.5862683057785034
2295808,1121,2134,1075,-0.01267366111278534,0.2,5400,240.61523954,-22.30034761428833,0.14140625,0.007294614845886826,0.3474256098270416,300.0,0.015794529,-0.010940777976065874,0.0002,0.6876204013824463
2297856,1122,2137,1075,-0.014972296543419361,0.2,5405,240.02454993999999,-22.302674579620362,0.18212890625,0.007523298030719161,0.3473920524120331,300.0,0.01739865,-0.010075248405337333,0.0002,0.64350426197052
2299904,1123,2140,1074,-0.02617293782532215,0.2,5410,241.47738590999998,-22.291948509216308,0.165625,0.00683024434838444,0.3473263382911682,300.0,0.0138821425,-0.011393984325695782,0.0002,0.5686556696891785
2301952,1124,2143,1073,-0.013099243864417076,0.2,5415,240.84201838,-22.282339572906494,0.22197265625,0.004701172770000994,0.34731200337409973,300.0,0.018207699,-0.002171714883297682,0.0002,0.6503337621688843
2304000,1125,2146,1073,-0.017134685069322586,0.2,5420,239.22923604,-22.281221675872803,0.16376953125,0.005554458242841065,0.34730303287506104,300.0,0.009972436,-0.009891589544713498,0.0002,0.6917182803153992
2306048,1126,2149,1073,-0.019004924222826958,0.2,5425,239.22923604,-22.273505878448486,0.15263671875,0.005300431558862328,0.3472389876842499,300.0,0.019985607,-0.005394264799542725,0.0002,0.3018749952316284
2308096,1127,2151,1072,-0.007668978068977594,0.2,5430,239.36224504999998,-22.261932373046875,0.1990234375,0.007453543436713517,0.3472073972225189,300.0,0.012691827,-0.00019415766000747682,0.0002,0.5230683088302612
2310144,1128,2154,1072,-0.009133677929639816,0.2,5435,239.57423138000001,-22.261576175689697,0.175390625,0.006631027860566974,0.34723126888275146,300.0,0.019475276,-0.00021239183843135834,0.0002,0.6303163766860962
2312192,1129,2157,1071,-0.02225342206656933,0.2,5440,239.22141911,-22.269335556030274,0.1662109375,0.007982814102433622,0.3472815454006195,300.0,0.016964186,-0.0065713149262592195,0.0002,0.6535271406173706
2314240,1130,2160,1070,-0.01244264841079712,0.2,5445,240.41035509999998,-22.264640045166015,0.15966796875,0.005757354665547609,0.3471375107765198,300.0,0.017326942,-0.010632387246005237,0.0002,0.6045828461647034
2316288,1131,2163,1070,-0.004539732821285725,0.2,5450,239.96720646999998,-22.23527603149414,0.1630859375,0.0065905462950468065,0.3470085561275482,300.0,0.013446962,-0.008547257794998587,0.0002,0.6473237872123718
2318336,1132,2166,1070,-0.019896183162927628,0.2,5455,239.96720646999998,-22.21717758178711,0.15048828125,0.009418975934386254,0.34693172574043274,300.0,0.012758998,-0.015229886723682284,0.0002,0.5185818672180176
2320384,1133,2169,1069,-0.013007430359721184,0.2,5460,241.11680113999998,-22.20928840637207,0.17998046875,0.007159315259195864,0.3469010889530182,300.0,0.018201454,-0.0050829951884225014,0.0002,0.6168836951255798
2322432,1134,2172,1068,-0.02413538657128811,0.2,5465,242.23274363000004,-22.204866313934325,0.1923828125,0.005994077725335956,0.34688788652420044,300.0,0.017836398,-0.008513067208696157,0.0002,0.47640401124954224
2324480,1135,2175,1068,0.004299497231841087,0.2,5470,240.51607241000002,-22.202308955945465,0.15645559210526316,0.007269691479833503,0.3468685746192932,300.0,0.023431653,-0.006775300288082738,0.0002,0.5095258951187134
2326528,1136,2178,1068,-0.005002838093787432,0.2,5474,240.26406097999995,-22.198633193969727,0.14375,0.007583742092053095,0.3468400835990906,300.0,0.019984268,-0.0036402937645713487,0.0002,0.5972809791564941
2328576,1137,2181,1067,-0.018830781802535057,0.2,5479,239.24903778,-22.191560649871825,0.169140625,0.00656771631911397,0.34677988290786743,300.0,0.0162528,-0.012943425588309765,0.0002,0.6565259695053101
2330624,1138,2184,1067,-0.015367107465863228,0.2,5484,238.78073367999997,-22.179260349273683,0.213671875,0.0056242890190333125,0.3467170298099518,300.0,0.014062975,-0.0072857071179896595,0.0002,0.6346573233604431
2332672,1139,2187,1066,-0.021520840004086494,0.2,5489,238.78073367999997,-22.171187019348146,0.1984375,0.006334617966786027,0.3467123210430145,300.0,0.019458354,-0.0049070622655563055,0.0002,0.5458493828773499
2334720,1140,2188,1066,0.016402624547481537,0.2,5491,238.72886645,-22.172909872872488,0.17633928571428573,0.007608743717095682,0.3467256724834442,300.0,0.017777974,0.00611676591714578,0.0002,0.5841618776321411
2336768,1141,2191,1066,-0.021566122770309448,0.2,5496,238.65817337000001,-22.17751808166504,0.17666015625,0.005974425724707544,0.34675171971321106,300.0,0.014747109,-0.010356751433573664,0.0002,0.6443973779678345
2338816,1142,2195,1065,-0.0008146893233060837,0.2,5501,239.26261975,-22.179854488372804,0.18427734375,0.007285509491339326,0.3467434346675873,300.0,0.019751666,-0.003674946213141084,0.0002,0.6740310192108154
2340864,1143,2196,1065,0.0413128100335598,0.2,5503,241.51108433999997,-22.178369794573104,0.13253348214285715,0.006998128922922271,0.3467450439929962,300.0,0.01651595,0.008410360331514053,0.0002,0.6942980289459229
2342912,1144,2199,1064,-0.019007135182619095,0.2,5508,240.4853185,-22.17460060119629,0.16005859375,0.007438500667922199,0.34668347239494324,300.0,0.015082523,-0.010219527105800808,0.0002,0.7356650829315186
2344960,1145,2203,1064,-0.018028419464826584,0.2,5513,240.96163574000002,-22.16443042755127,0.1658203125,0.011129146069288253,0.34666311740875244,300.0,0.019673172,-0.007400797749869526,0.0002,0.642204761505127
2347008,1146,2207,1063,-0.0165494903922081,0.2,5518,240.96163574000002,-22.162797737121583,0.18447265625,0.00625998810864985,0.3466491997241974,300.0,0.019275367,-0.0020202310755848885,0.0002,0.6112407445907593
2349056,1147,2210,1062,-0.016739463433623314,0.2,5523,241.07751327000003,-22.159627151489257,0.157421875,0.0069004113785922526,0.34661242365837097,300.0,0.012145522,-0.012374803586862982,0.0002,0.6276211738586426
2351104,1148,2214,1061,-0.008231822401285172,0.2,5528,239.78718128000003,-22.155703639984132,0.162890625,0.0061739052180200815,0.34662923216819763,300.0,0.015689261,-0.009213032969273626,0.0002,0.5842006206512451
2353152,1149,2216,1061,0.021126778796315193,0.2,5531,239.53807762,-22.15860280123624,0.18607954545454544,0.006134577391838486,0.34663301706314087,300.0,0.025963632,-0.0005738352510062131,0.0002,0.6185336112976074
2355200,1150,2219,1061,-0.007345541846007109,0.2,5536,240.51626751,-22.151639556884767,0.208984375,0.005663885897956788,0.34655195474624634,300.0,0.015863933,-0.010164296673610806,0.0002,0.535080075263977
2357248,1151,2222,1060,-0.002761127892881632,0.2,5541,240.13521504,-22.140881061553955,0.21318359375,0.006314457720145583,0.3465447723865509,300.0,0.016701102,-0.007084556948393583,0.0002,0.5484573245048523
2359296,1152,2226,1059,-0.004971355199813843,0.2,5546,240.82245034000005,-22.146625137329103,0.14814453125,0.006137533579021692,0.3466258943080902,300.0,0.018123332,-0.009023423079634085,0.0002,0.6153836846351624
2361344,1153,2229,1059,-0.0025114226154983044,0.2,5551,240.82245034000005,-22.153685665130617,0.1515625,0.006471891771070659,0.3465924859046936,300.0,0.014222174,-0.005814964137971401,0.0002,0.611729621887207
2363392,1154,2233,1058,-0.014694285579025745,0.2,5556,240.38158171000003,-22.15051727294922,0.1658203125,0.009878529468551278,0.34665119647979736,300.0,0.018298263,-0.01392700900323689,0.0002,0.6195114850997925
2365440,1155,2237,1057,-0.014643551781773567,0.2,5561,239.60869080000003,-22.157905197143556,0.179296875,0.007378328568302095,0.34662264585494995,300.0,0.013010506,-0.00768860885873437,0.0002,0.5626547336578369
2367488,1156,2238,1057,0.05316496640443802,0.2,5562,241.4962309,-22.15158748626709,0.1943359375,0.007491035968996584,0.3466155230998993,300.0,0.0157665,0.016188181238248944,0.0002,0.5966190099716187
2369536,1157,2241,1056,-0.014078701846301556,0.2,5567,241.79925994000004,-22.148752403259277,0.17861328125,0.007169583742506802,0.3466034531593323,300.0,0.013301308,-0.00870396599639207,0.0002,0.6200059056282043
2371584,1158,2245,1056,-0.01977585442364216,0.2,5572,241.12546316,-22.148844146728514,0.1791015625,0.009042823314666748,0.3466032147407532,300.0,0.017562568,-0.011345254350453615,0.0002,0.5523792505264282
2373632,1159,2246,1056,0.0019188402220606804,0.2,5574,242.3836486,-22.149798965454103,0.13046875,0.006918133702129126,0.34660351276397705,300.0,0.033495665,-0.0021473657339811324,0.0002,0.6317944526672363
2375680,1160,2249,1055,-0.020878540351986885,0.2,5579,242.3836486,-22.145319938659668,0.17373046875,0.006714029447175562,0.3465465307235718,300.0,0.01624505,-0.008605940104462206,0.0002,0.6473770141601562
2377728,1161,2251,1056,0.02672405354678631,0.2,5581,243.70429270999998,-22.137697219848633,0.17606026785714285,0.006849457908953939,0.34652721881866455,300.0,0.027119042,0.0038258803875318597,0.0002,0.6359143257141113
2379776,1162,2252,1056,0.03241175040602684,0.2,5582,242.86887572000003,-22.135929107666016,0.17643229166666666,0.00985913754751285,0.34652408957481384,300.0,0.014602614,0.004933519599338372,0.0002,0.6210305094718933
2381824,1163,2254,1056,0.053760699927806854,0.2,5583,243.12088039000002,-22.135481516520183,0.27734375,0.008154097323616346,0.34652236104011536,300.0,0.024899146,0.017548800135652225,0.0002,0.6107497811317444
2383872,1164,2257,1055,-0.020805930718779564,0.2,5588,241.91565321,-22.137795639038085,0.16572265625,0.0073471340816468,0.3465603291988373,300.0,0.013818629,-0.013198216818273068,0.0002,0.6015207767486572
2385920,1165,2261,1054,-0.014330882579088211,0.2,5593,242.68348509,-22.142692470550536,0.198046875,0.007551654614508152,0.3465759754180908,300.0,0.020925086,-0.010991416545584798,0.0002,0.549837589263916
2387968,1166,2266,1053,-0.021290386095643044,0.2,5598,242.68348509,-22.145586490631104,0.212109375,0.005389380059204996,0.34660008549690247,300.0,0.020345546,-0.011474304320290684,0.0002,0.6131550073623657
2390016,1167,2269,1053,-0.01307824905961752,0.2,5603,242.80937664,-22.15082378387451,0.13564453125,0.004872106271795929,0.3466208577156067,300.0,0.00944752,-0.007407533959485591,0.0002,0.4226376414299011
2392064,1168,2273,1052,-0.0052749719470739365,0.2,5608,242.40142505000003,-22.15159139633179,0.13515625,0.005398875079117715,0.34662020206451416,300.0,0.011923614,-0.009229983272962271,0.0002,0.584571361541748
2394112,1169,2276,1051,-0.00843647588044405,0.2,5613,243.49590630999998,-22.147573280334473,0.2232421875,0.0069236573297530414,0.34658148884773254,300.0,0.022488391,-0.012081318581476808,0.0002,0.6276665925979614
2396160,1170,2280,1050,-0.01489122025668621,0.2,5618,243.42350226,-22.138665866851806,0.165234375,0.005988964950665832,0.3465171754360199,300.0,0.017771719,-0.010750310006551444,0.0002,0.568029522895813
2398208,1171,2284,1049,-0.011838207021355629,0.2,5623,242.52678080000004,-22.13005723953247,0.16015625,0.005693316366523505,0.3464924693107605,300.0,0.014394084,-0.011266500363126397,0.0002,0.5987057089805603
2400256,1172,2288,1049,-0.014246124774217606,0.2,5628,241.96334211,-22.122812271118164,0.15888671875,0.005919289821758866,0.34643253684043884,300.0,0.015839707,-0.008906114217825233,0.0002,0.630839467048645
2402304,1173,2292,1048,-0.019397882744669914,0.2,5633,241.96334211,-22.114894485473634,0.15283203125,0.00763525296933949,0.34643518924713135,300.0,0.011990361,-0.009907222969923168,0.0002,0.675837516784668
2404352,1174,2296,1047,-0.01858583092689514,0.2,5638,239.96123070000002,-22.113087272644044,0.15234375,0.009846047358587384,0.34638744592666626,300.0,0.01724786,-0.010234067682176828,0.0002,0.6094678044319153
2406400,1175,2299,1046,-0.015093199908733368,0.2,5643,238.62310906,-22.103975105285645,0.15986328125,0.008040048507973551,0.3463517427444458,300.0,0.021073319,-0.009602456842549146,0.0002,0.5864884853363037
2408448,1176,2303,1045,-0.010989412665367126,0.2,5648,237.51751580999996,-22.101507949829102,0.16650390625,0.008109957142733038,0.3463793396949768,300.0,0.016205791,-0.00939988144673407,0.0002,0.5474675893783569
2410496,1177,2306,1044,-0.0019109435379505157,0.2,5653,237.79048322999995,-22.10582799911499,0.18271484375,0.008715671254321933,0.3463766574859619,300.0,0.01918128,-0.00641906289383769,0.0002,0.603865385055542
2412544,1178,2310,1044,-0.0150443809106946,0.2,5658,238.74310974,-22.1041382683648,0.2173394097222222,0.0070501780654821135,0.34637612104415894,300.0,0.027776308,-0.010649846582156088,0.0002,0.5948412418365479
2414592,1179,2313,1043,-0.008512049913406372,0.2,5662,237.45920578999997,-22.101355743408202,0.18307291666666667,0.007306873115400473,0.34634843468666077,300.0,0.023832515,-0.005378977240373691,0.0002,0.600080132484436
2416640,1180,2315,1043,0.03207838907837868,0.2,5663,237.45920578999997,-22.098575592041016,0.23828125,0.008092073413232962,0.34634876251220703,300.0,0.019021621,0.010690611554309726,0.0002,0.6193256378173828
2418688,1181,2319,1042,-0.009210530668497086,0.2,5668,238.31209693,-22.09491958618164,0.16064453125,0.005892415088601411,0.34628504514694214,300.0,0.014699563,-0.010657938383519649,0.0002,0.5524155497550964
2420736,1182,2323,1041,-0.0240348968654871,0.2,5673,237.41849969000003,-22.084008312225343,0.1703125,0.006084778159856796,0.3462637960910797,300.0,0.019133413,-0.01542110783047974,0.0002,0.6150109767913818
2422784,1183,2328,1040,-0.010821476578712463,0.2,5678,235.13342331,-22.079033756256102,0.20205078125,0.00860593190882355,0.3462182283401489,300.0,0.017721403,-0.009039076103363186,0.0002,0.5942310094833374
2424832,1184,2330,1040,-0.01635553315281868,0.2,5682,237.18033072999998,-22.0748929977417,0.14229910714285715,0.007724593859165907,0.3462385833263397,300.0,0.028333856,-0.007966534226267998,0.0002,0.5912731289863586
2426880,1185,2334,1039,-0.011977103538811207,0.2,5687,236.58452999000002,-22.079659366607665,0.13740234375,0.0059682263527065516,0.34626591205596924,300.0,0.015876468,-0.01126841246150434,0.0002,0.6333051323890686
2428928,1186,2336,1039,0.034774087369441986,0.2,5688,238.23396809,-22.081531047821045,0.1904296875,0.006963709136471152,0.3462618589401245,300.0,0.015065106,0.013306506210938096,0.0002,0.5168720483779907
2430976,1187,2339,1038,-0.01668810471892357,0.2,5693,238.23396809,-22.075843048095702,0.16796875,0.006089421012438834,0.34620174765586853,300.0,0.0137149375,-0.007663028710521757,0.0002,0.6229535341262817
2433024,1188,2343,1038,-0.0038801226764917374,0.2,5698,239.54989415000003,-22.064539432525635,0.20791015625,0.004983133124187589,0.34613460302352905,300.0,0.021524549,-0.012525006919167936,0.0002,0.48395973443984985
2435072,1189,2347,1037,-0.01330188661813736,0.2,5703,238.65163169999997,-22.053901195526123,0.208203125,0.009730210178531706,0.346099853515625,300.0,0.020639727,-0.008733141131233423,0.0002,0.6427361369132996
2437120,1190,2351,1036,-0.021924953907728195,0.2,5708,239.93185457000007,-22.049568939208985,0.2021484375,0.010288346838206053,0.34609928727149963,300.0,0.018764628,-0.00954565592110157,0.0002,0.5736113786697388
2439168,1191,2354,1036,7.138308137655258e-05,0.2,5710,239.84303337999998,-22.05021776471819,0.21484375,0.009435995481908321,0.3460932672023773,300.0,0.029067086,0.006129029339977673,0.0002,0.5723006725311279
2441216,1192,2358,1034,-0.014440597966313362,0.2,5715,239.49403018,-22.04813117980957,0.16318359375,0.008720104559324681,0.3460777699947357,300.0,0.019106962,-0.009561426425352692,0.0002,0.6152731776237488
2443264,1193,2363,1033,-0.0006029009819030762,0.2,5720,240.18853706,-22.044813251495363,0.2001953125,0.008708437997847795,0.3460625112056732,300.0,0.017740484,-0.00800104927038774,0.0002,0.5835161209106445
2445312,1194,2367,1032,-0.011196468956768513,0.2,5725,240.18853706,-22.03903274536133,0.166015625,0.007053525862284004,0.34603333473205566,300.0,0.014369844,-0.0079428406432271,0.0002,0.5491321086883545
2447360,1195,2370,1032,-0.0050530084408819675,0.2,5730,240.06402952000008,-22.03556594848633,0.15888671875,0.007347568357363343,0.34603285789489746,300.0,0.012121819,-0.0059306823648512365,0.0002,0.6195278167724609
2449408,1196,2374,1031,-0.014495099894702435,0.2,5735,241.91084313,-22.037167167663576,0.178515625,0.006829170254059136,0.3460494577884674,300.0,0.014116336,-0.008673690306022764,0.0002,0.5740700364112854
2451456,1197,2378,1030,-0.006123188883066177,0.2,5740,244.42463833,-22.040350278218586,0.20735677083333334,0.0074768866826262735,0.3460533916950226,300.0,0.03110394,-0.006328054858992497,0.0002,0.5511949062347412
2453504,1198,2383,1029,-0.012765659019351006,0.2,5745,244.42135652000002,-22.03781728744507,0.2361328125,0.005808597151190043,0.3460175096988678,300.0,0.024947226,-0.010393497557379306,0.0002,0.584752082824707
2455552,1199,2388,1028,-0.02519533596932888,0.2,5750,245.22771977000005,-22.031183433532714,0.1298828125,0.005981951020658016,0.3459851145744324,300.0,0.011846131,-0.008918470167554916,0.0002,0.5674696564674377
2457600,1200,2392,1027,-0.02509615570306778,0.2,5755,242.82999895000003,-22.0288197517395,0.17734375,0.006679936475120485,0.34599435329437256,300.0,0.015420634,-0.009042482916265726,0.0002,0.6181851625442505
2459648,1201,2396,1026,-0.004599913023412228,0.2,5760,242.82999895000003,-22.03377685546875,0.20107421875,0.008982461551204324,0.3460344970226288,300.0,0.021472001,-0.0042811733903363345,0.0002,0.5439364910125732
2461696,1202,2400,1025,-0.011655855923891068,0.2,5765,241.49216691,-22.043345069885255,0.1740234375,0.010632408084347844,0.3461250364780426,300.0,0.015904266,-0.0108252422651276,0.0002,0.616364598274231
2463744,1203,2404,1024,-0.01996583119034767,0.2,5770,240.96760417,-22.056258106231688,0.199609375,0.010054716560989618,0.34614625573158264,300.0,0.022563402,-0.010498649021610618,0.0002,0.6838504076004028
2465792,1204,2409,1023,-0.024158259853720665,0.2,5775,242.31219167999998,-22.05861806869507,0.1787109375,0.0068986545316874984,0.3461799621582031,300.0,0.020177431,-0.011216828692704439,0.0002,0.6570936441421509
2467840,1205,2410,1023,0.054363422095775604,0.2,5776,242.531455,-22.062705993652344,0.15625,0.007620554883033037,0.3461829721927643,300.0,0.012299764,0.015372094387809435,0.0002,0.5846526622772217
2469888,1206,2414,1022,-0.023652881383895874,0.2,5781,243.07301386,-22.066061878204344,0.2322265625,0.00661998123396188,0.3462066352367401,300.0,0.016665418,-0.008322724397294224,0.0002,0.5456854104995728
2471936,1207,2417,1022,0.020253388211131096,0.2,5783,243.07301386,-22.0689332144601,0.15792410714285715,0.007604166133595365,0.3462076187133789,300.0,0.023187071,0.005039407139910119,0.0002,0.6189417839050293
2473984,1208,2420,1021,0.03571969270706177,0.2,5786,241.31196754000004,-22.066259384155273,0.1922940340909091,0.009387876838445663,0.3461776673793793,300.0,0.018567437,0.0051246547055515375,0.0002,0.5884089469909668
2476032,1209,2422,1022,0.04321547970175743,0.2,5787,240.49377535999997,-22.06244945526123,0.181640625,0.007349558873102069,0.34616607427597046,300.0,0.01670545,0.0072670961963012815,0.0002,0.5488258600234985
2478080,1210,2428,1020,-0.012352760881185532,0.2,5792,240.37323906000006,-22.054073810577393,0.14267578125,0.008321498893201352,0.3460994362831116,300.0,0.014846528,-0.011980592273175716,0.0002,0.5771542191505432
2480128,1211,2432,1019,-0.006946369539946318,0.2,5797,238.12872787,-22.050537967681883,0.15966796875,0.009062992269173264,0.34613701701164246,300.0,0.013601581,-0.010880778427235782,0.0002,0.6183186769485474
2482176,1212,2436,1018,-0.02878478541970253,0.2,5802,237.52635005000005,-22.0562385559082,0.144140625,0.008902364480309188,0.34613990783691406,300.0,0.012373468,-0.012437478546053172,0.0002,0.6024684906005859
2484224,1213,2440,1017,-0.0062253884971141815,0.2,5807,237.19507477000008,-22.053371810913085,0.1775390625,0.009334173705428838,0.3461352586746216,300.0,0.022223331,-0.012103916169144214,0.0002,0.6547551155090332
2486272,1214,2443,1017,0.016736306250095367,0.2,5810,237.19507477000008,-22.053071628917348,0.19513494318181818,0.009055221537974749,0.34613627195358276,300.0,0.022008903,0.0011071076785976236,0.0002,0.5943660140037537
2488320,1215,2447,1016,0.006664859596639872,0.2,5815,237.69441072,-22.050433052910698,0.2133246527777778,0.007130956173770958,0.3461032211780548,300.0,0.02508904,-0.004268226123207973,0.0002,0.4891154170036316
2490368,1216,2452,1015,-0.017915770411491394,0.2,5820,239.41921199,-22.039596176147462,0.18720703125,0.007176627544686199,0.3460181951522827,300.0,0.019595636,-0.01452046660706401,0.0002,0.6055363416671753
2492416,1217,2457,1014,-0.014348570257425308,0.2,5825,237.39727815999998,-22.028600025177003,0.17158203125,0.010606026509776711,0.34598565101623535,300.0,0.013302272,-0.008878715918399394,0.0002,0.6200153827667236
2494464,1218,2461,1013,-0.009176913648843765,0.2,5830,236.71268013999997,-22.020954132080078,0.1733940972222222,0.009249393672992786,0.3459331691265106,300.0,0.03077783,-0.007433362447449731,0.0002,0.5804139375686646
2496512,1219,2466,1012,-0.028018254786729813,0.2,5835,237.66342566999995,-22.016677379608154,0.20654296875,0.006705360417254269,0.34597212076187134,300.0,0.019298071,-0.011740300676319749,0.0002,0.5779211521148682
2498560,1220,2469,1011,0.0188587699085474,0.2,5839,237.32700461000002,-22.02426249186198,0.24765625,0.005395006388425827,0.34599536657333374,300.0,0.028384997,0.002153447084128857,0.0002,0.5705515146255493
2500608,1221,2473,1010,-0.005038562696427107,0.2,5844,237.32700461000002,-22.030192375183105,0.20712890625,0.007074334425851703,0.346053808927536,300.0,0.025451977,-0.007336894306354225,0.0002,0.6166386604309082
2502656,1222,2475,1010,0.03810691833496094,0.2,5845,237.11366611999998,-22.036046346028645,0.20768229166666666,0.010087631642818451,0.346057653427124,300.0,0.01639597,0.014035202252368132,0.0002,0.6204556226730347
2504704,1223,2480,1009,-0.02219831943511963,0.2,5850,238.16707681000008,-22.04469223022461,0.18154296875,0.00960973515175283,0.34616464376449585,300.0,0.011169779,-0.009098211489617824,0.0002,0.6291050910949707
2506752,1224,2485,1008,-0.004590751137584448,0.2,5855,239.32153882999998,-22.06445026397705,0.20390625,0.009011261584237217,0.34627437591552734,300.0,0.020249534,-0.012482365290634335,0.0002,0.6018552184104919
2508800,1225,2489,1007,-0.011739592999219894,0.2,5859,239.26453284,-22.07625125004695,0.158203125,0.007552715949714184,0.3462965190410614,300.0,0.035395056,-0.00501463938361177,0.0002,0.6466454267501831
2510848,1226,2492,1007,-0.0013011782430112362,0.2,5862,238.94868900999998,-22.077953720092772,0.177734375,0.007518851663917303,0.346296489238739,300.0,0.023261856,-0.0013618567027151585,0.0002,0.614968478679657
2512896,1227,2498,1005,0.0005710548721253872,0.2,5867,238.92986393000004,-22.07565755844116,0.18701171875,0.00909516925457865,0.3462885916233063,300.0,0.014094926,-0.0027503254124894736,0.0002,0.6218867301940918
2514944,1228,2503,1004,-0.017673220485448837,0.2,5872,238.92986393000004,-22.07477264404297,0.16005859375,0.0088154427241534,0.34624868631362915,300.0,0.011261915,-0.006682592630386353,0.0002,0.5441932678222656
2516992,1229,2506,1004,0.014501644298434258,0.2,5875,238.27986485999998,-22.064261176369406,0.17986505681818182,0.00845052157952027,0.34619417786598206,300.0,0.01979479,0.0029428352347829127,0.0002,0.6340250968933105
2519040,1230,2511,1002,-0.0215500108897686,0.2,5880,239.04224856000002,-22.051676750183105,0.15439453125,0.0077622298849746585,0.34611597657203674,300.0,0.015741725,-0.011610684799961746,0.0002,0.6682999134063721
2521088,1231,2517,1001,-0.019777005538344383,0.2,5885,239.77440872,-22.042070198059083,0.14951171875,0.008516046567820013,0.3460668623447418,300.0,0.014821666,-0.007953802566044032,0.0002,0.6378732919692993
2523136,1232,2522,1000,-0.009225958958268166,0.2,5890,241.28250695,-22.033614063262938,0.1724609375,0.009218637691810727,0.34603095054626465,300.0,0.013423089,-0.008619987475685775,0.0002,0.6071341633796692
2525184,1233,2528,998,-0.01867489702999592,0.2,5895,241.10509548000002,-22.031499099731445,0.1375,0.00843720834236592,0.3460487723350525,300.0,0.016576251,-0.009741464047692716,0.0002,0.6287866830825806
2527232,1234,2532,998,0.016640324145555496,0.2,5898,241.79098997,-22.036924188787285,0.17045454545454544,0.007471741769801487,0.34606996178627014,300.0,0.02691347,0.0030246419747444716,0.0002,0.5576120615005493
2529280,1235,2537,996,-0.01864797994494438,0.2,5903,241.79098997,-22.038242912292482,0.1783203125,0.0049068125197663905,0.3460620641708374,300.0,0.018480552,-0.012489837105385959,0.0002,0.5268129110336304
2531328,1236,2543,995,-0.020905228331685066,0.2,5908,242.47638057,-22.03880443572998,0.15751953125,0.0068403933430090545,0.34608593583106995,300.0,0.012977474,-0.009709092625416815,0.0002,0.4915333390235901
2533376,1237,2547,994,-0.015313496813178062,0.2,5913,242.63733114000001,-22.041591114468044,0.24424913194444445,0.003983129579056468,0.34606632590293884,300.0,0.028870834,-0.010810503115256628,0.0002,0.49881839752197266
2535424,1238,2552,993,-0.006056386977434158,0.2,5918,241.70378479,-22.0377179145813,0.17822265625,0.005708061740733683,0.34607556462287903,300.0,0.020242564,-0.009166314825415611,0.0002,0.6091907024383545
2537472,1239,2558,991,-0.015930309891700745,0.2,5923,242.53763881000003,-22.0367844581604,0.17646484375,0.00831723741721362,0.3460487723350525,300.0,0.016860556,-0.010904015367850661,0.0002,0.6635293364524841
2539520,1240,2563,990,-0.017771117389202118,0.2,5928,243.68154151000002,-22.034409713745116,0.1642578125,0.009160991036333143,0.3460586369037628,300.0,0.01969609,-0.012556047691032291,0.0002,0.6809355020523071
2541568,1241,2570,988,-0.01403298880904913,0.2,5933,243.68154151000002,-22.037949752807616,0.20166015625,0.008455858076922595,0.34609630703926086,300.0,0.01701691,-0.0062573839677497745,0.0002,0.655602216720581
2543616,1242,2575,987,-0.02467566728591919,0.2,5938,244.71229054,-22.038034629821777,0.1818359375,0.014021691167727113,0.34603506326675415,300.0,0.014452314,-0.008035999280400575,0.0002,0.6088966131210327
2545664,1243,2581,986,-0.013997374102473259,0.2,5943,244.19035370999998,-22.023146057128905,0.18408203125,0.006310572219081223,0.3459540903568268,300.0,0.019459706,-0.011912992899306118,0.0002,0.49625444412231445
2547712,1244,2585,985,-0.01277769822627306,0.2,5948,244.35581522,-22.01440324783325,0.15654296875,0.0057967650471255185,0.3459570109844208,300.0,0.018226434,-0.010010985331609846,0.0002,0.5153203010559082
2549760,1245,2590,984,0.0034175142645835876,0.2,5953,242.95194084,-22.016142315334744,0.21028645833333334,0.009171983977365825,0.34596383571624756,300.0,0.029751457,-0.008258473645481799,0.0002,0.6122357249259949
2551808,1246,2596,982,-0.02723417431116104,0.2,5958,241.68715273,-22.014765167236327,0.22041015625,0.00916313948109746,0.345933198928833,300.0,0.018472444,-0.015934275463223457,0.0002,0.6813613772392273
2553856,1247,2598,982,0.01009984128177166,0.2,5959,241.58332691999996,-22.010262966156006,0.1806640625,0.010060961125418544,0.3459247350692749,300.0,0.016683154,0.00581111223436892,0.0002,0.6887723207473755
2555904,1248,2606,980,-0.0014157542027533054,0.2,5964,241.58332691999996,-22.00590796219675,0.21247944078947367,0.01087139532166092,0.3458899259567261,300.0,0.027508147,-0.0018235174448866594,0.0002,0.6556134223937988
2557952,1249,2612,979,-0.027692707255482674,0.2,5969,240.60224739,-22.00634346008301,0.1888671875,0.006649326672777534,0.34593793749809265,300.0,0.017912317,-0.011429178272373974,0.0002,0.5224756598472595
2560000,1250,2617,977,-0.03236379101872444,0.2,5974,240.55943426,-22.010126304626464,0.1623046875,0.006261607585474849,0.3458848297595978,300.0,0.012602839,-0.012663090997375549,0.0002,0.6798565983772278
2562048,1251,2623,976,-0.005579129792749882,0.2,5979,240.42000574999997,-22.000095081329345,0.20634765625,0.007209825492464006,0.3458727300167084,300.0,0.021127656,-0.009096983750350774,0.0002,0.595490574836731
2564096,1252,2629,975,-0.008353829383850098,0.2,5984,240.26099732,-22.002924633026122,0.12763671875,0.007459329813718796,0.34587791562080383,300.0,0.012490349,-0.010844181501306593,0.0002,0.5795993804931641
2566144,1253,2636,973,-0.02857905812561512,0.2,5989,239.06374189999994,-22.001648807525633,0.1482421875,0.008000807650387288,0.3458753526210785,300.0,0.014325114,-0.009731282992288471,0.0002,0.48202645778656006
2568192,1254,2643,971,-0.02367301657795906,0.2,5994,238.34839176000003,-22.005355834960938,0.20244140625,0.005204796907491982,0.3459269106388092,300.0,0.021114372,-0.011626944411545992,0.0002,0.5860929489135742
2570240,1255,2649,970,0.011256991885602474,0.2,5999,238.34839176000003,-22.006653690338133,0.21298828125,0.007255488261580467,0.34584909677505493,300.0,0.019825637,-0.007314873160794377,0.0002,0.5491021871566772
2572288,1256,2655,968,-0.022227494046092033,0.2,6004,237.54216836,-21.99481620788574,0.159765625,0.005851471167989075,0.3458496630191803,300.0,0.012611914,-0.010488848784007132,0.0002,0.5897186398506165
2574336,1257,2661,967,-0.01759643852710724,0.2,6009,237.38997233000006,-21.99817314147949,0.2119140625,0.007886724174022674,0.3458382189273834,300.0,0.020753717,-0.012667384790256619,0.0002,0.5810858011245728
2576384,1258,2668,965,-0.01516227051615715,0.2,6014,237.94042413,-21.994120788574218,0.19716796875,0.006473239301703871,0.3458316922187805,300.0,0.0127478205,-0.006144159100949764,0.0002,0.4519290328025818
2578432,1259,2676,963,-0.010857303626835346,0.2,6019,239.00898908,-21.994507694244383,0.18876953125,0.005557045899331569,0.3458442687988281,300.0,0.019582372,-0.013595469505526125,0.0002,0.5450879335403442
2580480,1260,2683,961,-0.029278460890054703,0.2,6024,239.99008992000003,-21.997322654724123,0.18564453125,0.005877296905964613,0.3458971083164215,300.0,0.020134559,-0.013874265970662237,0.0002,0.6047828197479248
2582528,1261,2686,961,0.02124064974486828,0.2,6026,240.00088076,-22.003273725509644,0.15380859375,0.007348773942794651,0.3459010720252991,300.0,0.022155628,0.0017417120398022234,0.0002,0.5809364318847656
2584576,1262,2693,959,-0.016359101980924606,0.2,6031,240.00088076,-22.000729942321776,0.1771484375,0.010298499371856451,0.3458757698535919,300.0,0.019017333,-0.014390859380364418,0.0002,0.6137077212333679
2586624,1263,2700,957,-0.02843908779323101,0.2,6036,240.55620865999992,-21.99793815612793,0.1921875,0.005635276180692017,0.345900297164917,300.0,0.015904918,-0.015135707426816225,0.0002,0.5748725533485413
2588672,1264,2707,956,-0.022480202838778496,0.2,6041,239.87565731000004,-22.003941747877334,0.171875,0.00752812502388325,0.3459368050098419,300.0,0.030300798,-0.01381092332303524,0.0002,0.6128830909729004
2590720,1265,2715,954,-0.019587663933634758,0.2,6046,239.86641447000002,-22.00898160934448,0.180078125,0.00825669236946851,0.34596481919288635,300.0,0.02018037,-0.0118879220681265,0.0002,0.5645363330841064
2592768,1266,2727,950,-0.024179570376873016,0.2,6051,240.11507817999998,-22.00868844985962,0.16650390625,0.006895216298289597,0.34591144323349,300.0,0.016771458,-0.00992490949574858,0.0002,0.6444344520568848
2594816,1267,2737,947,-0.03379950672388077,0.2,6056,238.53135036,-21.994361686706544,0.18955078125,0.007469331542961299,0.34583061933517456,300.0,0.014801804,-0.015205241041257977,0.0002,0.5018333792686462
2596864,1268,2747,945,-0.03396883234381676,0.2,6061,239.06799374000005,-21.98269910812378,0.215625,0.006436420534737408,0.3457953929901123,300.0,0.020126209,-0.014206965710036457,0.0002,0.5735857486724854
2598912,1269,2757,942,-0.01686287857592106,0.2,6066,239.06799374000005,-21.975500774383544,0.21181640625,0.0073726563947275284,0.34572160243988037,300.0,0.019037312,-0.006859559484291821,0.0002,0.48915374279022217
2600960,1270,2768,939,-0.03095967322587967,0.2,6071,239.14387813000002,-21.95903377532959,0.19287109375,0.0060386860743165014,0.3456455171108246,300.0,0.014488103,-0.012315638735890389,0.0002,0.586215615272522
2603008,1271,2783,935,-0.024007301777601242,0.2,6076,239.98305702,-21.95070791244507,0.1462890625,0.006834180094301701,0.3456205129623413,300.0,0.0121647585,-0.010537877725437284,0.0002,0.5776070952415466
2605056,1272,2793,932,-0.010054140351712704,0.2,6081,239.32076146,-21.94808702468872,0.2041015625,0.008476522751152515,0.3456079661846161,300.0,0.01678785,-0.008179558091796935,0.0002,0.6385111808776855
2607104,1273,2805,929,0.014587786048650742,0.2,6086,238.29015507000003,-21.94299182891846,0.20634765625,0.007632907899096608,0.34557586908340454,300.0,0.026071927,-0.004860417149029672,0.0002,0.6471953988075256
2609152,1274,2815,926,-0.016257978975772858,0.2,6091,238.25592362,-21.93633289337158,0.21259765625,0.009080580063164234,0.3455423414707184,300.0,0.02224219,-0.012156134424731135,0.0002,0.6276773810386658
2611200,1275,2827,923,-0.010445477440953255,0.2,6096,239.24743424999997,-21.932419776916504,0.2193359375,0.010999091295525431,0.3455170691013336,300.0,0.017637998,-0.007713523902930319,0.0002,0.6184341907501221
2613248,1276,2838,920,-0.019477710127830505,0.2,6101,239.24743424999997,-21.92637929916382,0.18515625,0.009598331432789564,0.3454965054988861,300.0,0.018031908,-0.013142626453191041,0.0002,0.548966646194458
2615296,1277,2850,917,-0.018794644623994827,0.2,6106,240.09360711999997,-21.92294588088989,0.213671875,0.00892992082517594,0.34548911452293396,300.0,0.021481626,-0.010589112341403962,0.0002,0.5973641872406006
2617344,1278,2860,915,-0.02234504371881485,0.2,6111,240.07473313,-21.92649097442627,0.17060546875,0.007200993155129254,0.34553271532058716,300.0,0.01425609,-0.009741757810115815,0.0002,0.3832346796989441
2619392,1279,2877,910,-0.012702415697276592,0.2,6116,240.55103451000002,-21.93604669570923,0.1689453125,0.009149579145014287,0.345623254776001,300.0,0.016784228,-0.012281796999741346,0.0002,0.5932544469833374
2621440,1280,2908,901,-0.015445411205291748,0.2,6121,242.14781969,-21.94758195877075,0.187109375,0.0071458770660683514,0.3456211984157562,300.0,0.02124799,-0.011806895048357547,0.0002,0.6340646743774414
2623488,1281,2949,889,0.019099634140729904,0.2,6126,242.05864425,-21.940641905132093,0.20189144736842105,0.0106370841201983,0.3455868065357208,300.0,0.023871273,-0.004114141565208372,0.0002,0.6054461002349854
2625536,1282,3018,869,-0.011974511668086052,0.2,6131,242.05864425,-21.936674213409425,0.2025390625,0.01387037239037454,0.34558331966400146,300.0,0.022490399,-0.011101225391030312,0.0002,0.6313769817352295
2627584,1283,3069,856,0.039117831736803055,0.2,6134,243.32786827000004,-21.93619884144176,0.20933948863636365,0.007762061135674065,0.3455779552459717,300.0,0.026529536,0.004280142062766986,0.0002,0.6033381223678589
2629632,1284,3144,836,0.027866732329130173,0.2,6136,244.55618631000002,-21.934713091169083,0.203125,0.012127790999199663,0.3455653488636017,300.0,0.02379971,0.007909994239785842,0.0002,0.5631991624832153
2631680,1285,3229,814,-0.017032906413078308,0.2,6141,244.39627295,-21.93119173049927,0.19560546875,0.007958125253207982,0.3455415666103363,300.0,0.017220063,-0.011748295463621616,0.0002,0.5965557098388672
2633728,1286,3286,801,-0.015387078747153282,0.2,6146,244.0886925,-21.927762031555176,0.18056640625,0.009380112914368511,0.34552696347236633,300.0,0.016396195,-0.010684068547561765,0.0002,0.6961804628372192
2635776,1287,3331,791,0.015325529500842094,0.2,6150,244.46518135000005,-21.92640520731608,0.22890625,0.007289970666170121,0.34553301334381104,300.0,0.024061406,0.0005771377744774024,0.0002,0.6449328660964966
2637824,1288,3412,773,-0.020881270989775658,0.2,6155,243.75874925,-21.9261887550354,0.18046875,0.006502092420123518,0.3454970419406891,300.0,0.018967692,-0.014221087354235351,0.0002,0.553482174873352
2639872,1289,3460,762,-0.014063751325011253,0.2,6160,243.75874925,-21.9182071685791,0.1552734375,0.0046277214540168645,0.34546178579330444,300.0,0.011264937,-0.010919292829930783,0.0002,0.6408053636550903
2641920,1290,3517,751,-0.027936749160289764,0.2,6165,244.04242872000003,-21.916246604919433,0.2109375,0.005954913422465324,0.3454805314540863,300.0,0.019251404,-0.005610297457315028,0.0002,0.6007609963417053
2643968,1291,3580,738,-0.016147185117006302,0.2,6170,242.90701340999996,-21.910244941711426,0.19072265625,0.007068061106838286,0.34538814425468445,300.0,0.016057758,-0.008504749834537506,0.0002,0.5667599439620972
2646016,1292,3641,726,-0.01795358397066593,0.2,6175,243.09926143,-21.90079689025879,0.212890625,0.007233418268151581,0.3454131782054901,300.0,0.024320852,-0.011522765387780964,0.0002,0.5396220684051514
2648064,1293,3682,719,-0.0075783138163387775,0.2,6180,242.81496599,-21.904830265045167,0.1818359375,0.006428403686732054,0.34538155794143677,300.0,0.02288742,-0.008959719794802368,0.0002,0.6287221312522888
2650112,1294,3740,708,-0.01546326745301485,0.2,6185,242.01240259999997,-21.89352731704712,0.2037109375,0.008684110129252076,0.3453047573566437,300.0,0.014107317,-0.0070367835694924,0.0002,0.6421765089035034
2652160,1295,3790,699,-0.02356903627514839,0.2,6190,240.49867391,-21.88069725036621,0.15869140625,0.010995849501341581,0.3452529013156891,300.0,0.013438563,-0.011554160621017218,0.0002,0.6835590600967407
2654208,1296,3843,690,-0.016258934512734413,0.2,6195,240.49867391,-21.874694061279296,0.19501953125,0.014032972697168588,0.34525591135025024,300.0,0.021996347,-0.012380469683557748,0.0002,0.6748831272125244
2656256,1297,3891,682,-0.02124931290745735,0.2,6200,242.56848222999997,-21.87374954223633,0.17802734375,0.006930049951188266,0.34523892402648926,300.0,0.019236133,-0.009482593601569533,0.0002,0.452171266078949
2658304,1298,3938,674,-0.009410008788108826,0.2,6205,241.7581911,-21.868918418884277,0.16015625,0.00745763867162168,0.3452160656452179,300.0,0.013406841,-0.005737222824245691,0.0002,0.5836054086685181
2660352,1299,3990,666,-0.010283454321324825,0.2,6210,242.64060990000002,-21.866018867492677,0.19501953125,0.005627424269914627,0.3451921343803406,300.0,0.016631309,-0.011548105161637068,0.0002,0.5335171222686768
2662400,1300,4044,658,-0.01853630691766739,0.2,6215,243.24690332000006,-21.862548828125,0.1306640625,0.007041841302998364,0.34519869089126587,300.0,0.012921782,-0.008023842796683311,0.0002,0.6189773082733154
2664448,1301,4104,649,-0.014580713585019112,0.2,6220,243.02365019999993,-21.859449195861817,0.1576171875,0.006423035822808743,0.3451522886753082,300.0,0.016520469,-0.013059215410612524,0.0002,0.6266340613365173
2666496,1302,4119,647,0.032871946692466736,0.2,6221,243.0454349,-21.853971004486084,0.2099609375,0.006808302248828113,0.34514522552490234,300.0,0.018320614,0.010117521975189447,0.0002,0.5839048624038696
2668544,1303,4193,636,-0.029034476727247238,0.2,6226,243.0454349,-21.848973274230957,0.17451171875,0.006268160650506616,0.3450917601585388,300.0,0.013922995,-0.011054766341112554,0.0002,0.5162414312362671
2670592,1304,4251,628,-0.025516968220472336,0.2,6231,244.24015298999998,-21.83978271484375,0.1845703125,0.004763469495810568,0.34503114223480225,300.0,0.014053721,-0.010169349145144224,0.0002,0.41952669620513916
2672640,1305,4310,619,-0.014600354246795177,0.2,6236,244.6245799900001,-21.83015489578247,0.20693359375,0.008551350492052735,0.34498509764671326,300.0,0.018554926,-0.01025219433940947,0.0002,0.6350475549697876
2674688,1306,4356,613,-0.026773856952786446,0.2,6241,244.85144952999997,-21.82367115020752,0.175390625,0.008341532689519227,0.34495943784713745,300.0,0.016984459,-0.010644648177549242,0.0002,0.613476037979126
2676736,1307,4394,609,-0.004671021364629269,0.2,6246,246.16209916,-21.81754493713379,0.1861328125,0.007347331917844713,0.3448890447616577,300.0,0.02400499,-0.009153109043836594,0.0002,0.6197828054428101
2678784,1308,4429,604,-0.02069607749581337,0.2,6251,246.64013147000003,-21.81106071472168,0.20791015625,0.007016459642909467,0.3449295461177826,300.0,0.017244019,-0.015238098183181137,0.0002,0.5441540479660034
2680832,1309,4458,601,-0.019483372569084167,0.2,6256,245.91029924999998,-21.82184257507324,0.1845703125,0.007444840809330344,0.34499654173851013,300.0,0.021285478,-0.011724211182445288,0.0002,0.5708140730857849
2682880,1310,4468,600,0.008215993642807007,0.2,6261,245.91029924999998,-21.831393718719482,0.222265625,0.007598288799636066,0.3450247049331665,300.0,0.017312765,0.0005227958434261381,0.0002,0.6254457235336304
2684928,1311,4475,599,0.012227075174450874,0.2,6266,245.62910300999997,-21.83429224350873,0.20795036764705882,0.006966746028731851,0.3450501263141632,300.0,0.031050898,-0.0032254728926893544,0.0002,0.5280941724777222
2686976,1312,4481,599,0.009436637163162231,0.2,6269,244.30963721999996,-21.838684876759846,0.14225260416666666,0.0098489283118397,0.3450620174407959,300.0,0.018233802,-0.0006629215398182472,0.0002,0.6517714262008667
2689024,1313,4489,598,0.015584124252200127,0.2,6274,243.92456232,-21.83729990790872,0.21197150735294118,0.009977822849417435,0.3450334370136261,300.0,0.04037818,-0.0029990774414995138,0.0002,0.6227105855941772
2691072,1314,4497,598,-0.016507185995578766,0.2,6279,242.61878659,-21.834798049926757,0.166015625,0.009721220843493939,0.3450220823287964,300.0,0.0145297,-0.009488583263009786,0.0002,0.6514022350311279
2693120,1315,4504,597,0.018805690109729767,0.2,6283,242.23432633999997,-21.832880528767905,0.19986979166666666,0.010169365939994653,0.345028281211853,300.0,0.024232447,-0.004228874606390794,0.0002,0.6674346923828125
2695168,1316,4510,597,0.010875876061618328,0.2,6287,242.23432633999997,-21.836925213153545,0.17998798076923078,0.010352432512893127,0.3450380265712738,300.0,0.03288786,0.0007795330602675676,0.0002,0.6658607125282288
2697216,1317,4518,596,0.004693826660513878,0.2,6292,243.06282750999995,-21.83763208389282,0.175,0.0073104063281789426,0.345055490732193,300.0,0.020755926,-0.008155018545221538,0.0002,0.5541648864746094
2699264,1318,4526,596,-0.020100386813282967,0.2,6297,240.45514726000002,-21.84163818359375,0.1814453125,0.007373422896489501,0.34506699442863464,300.0,0.01344455,-0.009248446812853217,0.0002,0.4265393018722534
2701312,1319,4533,595,-0.02370765618979931,0.2,6302,239.46316491999997,-21.844459342956544,0.16474609375,0.0056873585795983676,0.34507375955581665,300.0,0.021755941,-0.011566284543368966,0.0002,0.5417065024375916
2703360,1320,4541,595,-0.017692379653453827,0.2,6307,238.02189571,-21.846569728851318,0.239453125,0.006509515480138362,0.3450852632522583,300.0,0.024217553,-0.012775067740585655,0.0002,0.654678463935852
2705408,1321,4549,594,-0.01584729179739952,0.2,6312,238.64720229000002,-21.847334766387938,0.21416015625,0.006581903132610023,0.3450757563114166,300.0,0.017174328,-0.0061737143900245425,0.0002,0.6378986835479736
2707456,1322,4554,594,-0.0026733451522886753,0.2,6315,238.3168793,-21.844128131866455,0.20849609375,0.004895747755654156,0.34506019949913025,300.0,0.019811213,0.001720597967505455,0.0002,0.6410796642303467
2709504,1323,4561,593,-0.014673931524157524,0.2,6320,238.3168793,-21.829418659210205,0.1896484375,0.004386948654428124,0.3448716402053833,300.0,0.017718948,-0.013951328583061695,0.0002,0.4853866696357727
2711552,1324,4569,593,-0.008157795295119286,0.2,6325,238.07508458,-21.795971488952638,0.20947265625,0.0072371400194242595,0.34474679827690125,300.0,0.018118042,-0.011543426709249616,0.0002,0.5015583038330078
2713600,1325,4576,592,-0.019199606031179428,0.2,6330,237.82441089,-21.786641597747803,0.15380859375,0.007640257570892572,0.3447645306587219,300.0,0.017275212,-0.009257861599326133,0.0002,0.6422966718673706
2715648,1326,4584,592,-0.012597261928021908,0.2,6335,239.30553268999995,-21.793011283874513,0.15517578125,0.006646206276491285,0.34479886293411255,300.0,0.016099801,-0.012462627131026239,0.0002,0.6199542284011841
2717696,1327,4591,591,-0.012713683769106865,0.2,6340,239.46249778,-21.796834850311278,0.14765625,0.005293563823215663,0.34480324387550354,300.0,0.018738965,-0.01136262242216617,0.0002,0.6001940965652466
2719744,1328,4599,591,-0.011899316683411598,0.2,6345,239.76923958,-21.80018014907837,0.1412109375,0.006348174647428095,0.344844788312912,300.0,0.013067666,-0.007230580365285277,0.0002,0.633589506149292
2721792,1329,4608,590,-0.005144050810486078,0.2,6350,239.08961168,-21.811369037628175,0.1826171875,0.011569754267111421,0.3448888063430786,300.0,0.016805865,-0.008259259769693017,0.0002,0.6454976797103882
2723840,1330,4615,590,-0.019163567572832108,0.2,6355,239.08961168,-21.820313930511475,0.22744140625,0.011601462448015808,0.3449699580669403,300.0,0.02267848,-0.012283143401145936,0.0002,0.6097471714019775
2725888,1331,4622,589,-0.006750240921974182,0.2,6360,239.12522193000004,-21.836999893188477,0.1521484375,0.010939895827323198,0.3450615704059601,300.0,0.019340297,-0.008296316000632941,0.0002,0.6369078159332275
2727936,1332,4630,589,-0.021321799606084824,0.2,6365,239.05020462000002,-21.852477169036867,0.136328125,0.006664817314594984,0.3451273441314697,300.0,0.018089823,-0.012526017404161394,0.0002,0.5064568519592285
2729984,1333,4639,588,-0.023857275024056435,0.2,6370,239.20868869000003,-21.851825523376466,0.19453125,0.00555533820297569,0.34504565596580505,300.0,0.017737834,-0.013614601176232099,0.0002,0.5615099668502808
2732032,1334,4644,588,0.012811802327632904,0.2,6374,240.51876822999998,-21.83764222952036,0.20477764423076922,0.007265532353463082,0.34500718116760254,300.0,0.045023914,-0.0024046343393050707,0.0002,0.6254018545150757
2734080,1335,4650,587,0.009517582133412361,0.2,6378,241.22867584999997,-21.830401011875697,0.20884486607142858,0.008367708185687661,0.34496021270751953,300.0,0.026258245,-0.003884344012476504,0.0002,0.6237757802009583
2736128,1336,4658,587,-0.023435892537236214,0.2,6383,240.90319628,-21.824817371368407,0.16513671875,0.006925917114131153,0.34495458006858826,300.0,0.014155639,-0.007236524298787117,0.0002,0.6478539705276489
2738176,1337,4666,586,-0.011551233939826488,0.2,6388,240.90319628,-21.82674684524536,0.17919921875,0.007668115315027535,0.34494832158088684,300.0,0.016868351,-0.009186325781047344,0.0002,0.5433698892593384
2740224,1338,4674,586,-0.0221989918500185,0.2,6393,239.84850397000002,-21.816325092315672,0.168359375,0.007092273491434753,0.3448267877101898,300.0,0.019045755,-0.012523299152962863,0.0002,0.5448494553565979
2742272,1339,4681,585,-0.011993068270385265,0.2,6398,239.88402582000003,-21.79306478500366,0.16552734375,0.008045141445472836,0.3447254002094269,300.0,0.015161987,-0.010027025663293897,0.0002,0.6084238290786743
2744320,1340,4689,585,-0.02766457572579384,0.2,6403,239.79688628,-21.784136962890624,0.15341796875,0.008384781097993255,0.3447045385837555,300.0,0.013405352,-0.011736597446724773,0.0002,0.590653657913208
2746368,1341,4697,584,-0.029923906549811363,0.2,6408,240.05616412000003,-21.780578708648683,0.16826171875,0.005817711213603615,0.34466618299484253,300.0,0.017331513,-0.01284838761202991,0.0002,0.50252765417099
2748416,1342,4704,584,-0.014097004197537899,0.2,6413,241.01046318000002,-21.77162103652954,0.20380859375,0.005922047677449882,0.3446207046508789,300.0,0.018674068,-0.009000867465510964,0.0002,0.6059194803237915
2750464,1343,4712,583,-0.014197834767401218,0.2,6418,241.58268800999997,-21.769988346099854,0.1890625,0.007874598470516503,0.3446705937385559,300.0,0.01885344,-0.012078284309245646,0.0002,0.6153634786605835
2752512,1344,4721,583,-0.02838553674519062,0.2,6423,241.58268800999997,-21.775697422027587,0.1470703125,0.00633811024017632,0.34463825821876526,300.0,0.013224068,-0.015046897483989597,0.0002,0.5529602766036987
2754560,1345,4729,582,-0.027918808162212372,0.2,6428,242.09428327999998,-21.769675540924073,0.1974609375,0.005114649422466755,0.3446219563484192,300.0,0.025116235,-0.009990596561692655,0.0002,0.5391435623168945
2756608,1346,4737,581,-0.023353110998868942,0.2,6433,243.53196153999997,-21.77322483062744,0.2158203125,0.005886501958593726,0.3446717858314514,300.0,0.022933379,-0.012723876826930791,0.0002,0.6525778770446777
2758656,1347,4740,581,0.007564891129732132,0.2,6435,243.19628578,-21.780443572998045,0.123828125,0.0059196294285357,0.34468546509742737,300.0,0.031742185,0.003438128251582384,0.0002,0.613371729850769
2760704,1348,4747,581,-0.011359183117747307,0.2,6440,243.25775806000001,-21.780414581298828,0.165625,0.007334347395226359,0.3446475863456726,300.0,0.011000657,-0.007772928010672331,0.0002,0.6220275163650513
2762752,1349,4756,580,-0.0350140780210495,0.2,6445,243.22033820999997,-21.76709442138672,0.21318359375,0.008619670383632183,0.3445500135421753,300.0,0.020430032,-0.01102362284436822,0.0002,0.6219085454940796
2764800,1350,4764,580,-0.022519979625940323,0.2,6450,242.43367152,-21.752394580841063,0.18408203125,0.00804313006810844,0.34447190165519714,300.0,0.014970187,-0.009340283134952188,0.0002,0.4833751916885376
2766848,1351,4774,579,-0.024425514042377472,0.2,6455,242.43367152,-21.74617233276367,0.22587890625,0.010081155458465219,0.3444865047931671,300.0,0.02282251,-0.010848123556934297,0.0002,0.5766992568969727
2768896,1352,4780,579,0.0038206828758120537,0.2,6459,241.3234619,-21.751944405691965,0.208984375,0.0113862936518022,0.3445132076740265,300.0,0.0281008,-0.001682976759704096,0.0002,0.586857795715332
2770944,1353,4789,578,-0.018691644072532654,0.2,6464,241.80716110999998,-21.75757827758789,0.1662109375,0.005854409513995051,0.34454402327537537,300.0,0.014963854,-0.012001413153484464,0.0002,0.6094692349433899
2772992,1354,4791,578,0.014958253130316734,0.2,6465,241.14017927000003,-21.7609920501709,0.17317708333333334,0.005399756909658511,0.3445442318916321,300.0,0.014604201,0.0030403807759284973,0.0002,0.6232931613922119
2775040,1355,4795,578,0.03764102980494499,0.2,6467,239.84529081999997,-21.76182610648019,0.21763392857142858,0.006718308066150972,0.34455281496047974,300.0,0.019613082,0.009670117470834936,0.0002,0.6254416704177856
2777088,1356,4803,578,-0.02436104789376259,0.2,6472,239.16063522000002,-21.76270799636841,0.221484375,0.0067145965527743105,0.34455928206443787,300.0,0.02255099,-0.008259664662182331,0.0002,0.6646748781204224
2779136,1357,4809,577,0.0021804329007864,0.2,6475,239.16063522000002,-21.765127817789715,0.22347005208333334,0.00627348405153801,0.3445829749107361,300.0,0.022101834,0.005957893328741193,0.0002,0.6095174551010132
2781184,1358,4817,577,-0.002760577015578747,0.2,6480,238.76557884,-21.767540719774033,0.1824001736111111,0.0054022886842075325,0.3445713222026825,300.0,0.029779356,-0.008471989900701575,0.0002,0.6510074138641357
2783232,1359,4825,576,0.009740453213453293,0.2,6484,239.52590809000006,-21.761864344278973,0.19830729166666666,0.006210419970254104,0.34452754259109497,300.0,0.021420086,-0.004246487406392893,0.0002,0.6162853240966797
2785280,1360,4834,576,-0.039807118475437164,0.2,6489,239.49687600000001,-21.7551118850708,0.23701171875,0.008767681126482785,0.3445022404193878,300.0,0.027360188,-0.011814630555454642,0.0002,0.6561710834503174
2787328,1361,4842,575,-0.013728312216699123,0.2,6494,238.4697481,-21.75200996398926,0.21953125,0.007286609685979784,0.34448543190956116,300.0,0.022101684,-0.0092748656636104,0.0002,0.6350305080413818
2789376,1362,4852,574,-0.017265496775507927,0.2,6499,239.70585684999998,-21.75256519317627,0.2544921875,0.007673448300920427,0.3445073664188385,300.0,0.019875353,-0.0024600184289738534,0.0002,0.5365909934043884
2791424,1363,4861,574,-0.012465006671845913,0.2,6504,238.20189950999998,-21.753427982330322,0.20478515625,0.006297216401435435,0.34447020292282104,300.0,0.0123688765,-0.004287985991686583,0.0002,0.6385530233383179
2793472,1364,4866,574,0.026131322607398033,0.2,6506,238.20189950999998,-21.746905190604075,0.16657366071428573,0.011311662782515799,0.34444892406463623,300.0,0.019661264,0.0037249684599893434,0.0002,0.6282835006713867
2795520,1365,4875,573,-0.017564136534929276,0.2,6511,238.66982008,-21.74434413909912,0.17216796875,0.008517753379419447,0.3444548547267914,300.0,0.019865409,-0.013456964888609946,0.0002,0.6456741690635681
2797568,1366,4884,572,-0.0056480830535292625,0.2,6516,239.98234451000005,-21.73586130142212,0.16376953125,0.008490986889228225,0.34432315826416016,300.0,0.018199667,-0.00734976411331445,0.0002,0.5288572311401367
2799616,1367,4894,571,-0.027285218238830566,0.2,6521,241.14496114999994,-21.721511363983154,0.16435546875,0.007313203485682607,0.3443938195705414,300.0,0.018556032,-0.00881280996836722,0.0002,0.6468278169631958
2801664,1368,4899,571,0.004708935506641865,0.2,6524,240.96917166,-21.736042785644532,0.20703125,0.00900397514924407,0.34442397952079773,300.0,0.022693887,-0.002553738746792078,0.0002,0.6522268056869507
2803712,1369,4909,571,-0.025460906326770782,0.2,6529,242.55017383999999,-21.735089683532713,0.21201171875,0.01087368382140994,0.34438005089759827,300.0,0.018798117,-0.013205690891481936,0.0002,0.6302026510238647
2805760,1370,4919,570,-0.022211959585547447,0.2,6534,242.74747569000002,-21.724353981018066,0.15234375,0.0107155816629529,0.3443102240562439,300.0,0.021614185,-0.01105977394618094,0.0002,0.5952056646347046
2807808,1371,4929,569,-0.025122201070189476,0.2,6539,242.74747569000002,-21.720177364349365,0.1876953125,0.007608674420043826,0.34434774518013,300.0,0.013122186,-0.0075257652904838325,0.0002,0.6561079025268555
2809856,1372,4938,568,0.0014672721736133099,0.2,6544,241.43490316,-21.725565719604493,0.22724609375,0.0074173118453472854,0.3443450331687927,300.0,0.021601468,-0.007801949232816696,0.0002,0.4803012013435364
2811904,1373,4947,568,-0.010966740548610687,0.2,6549,240.91619533999994,-21.72165174484253,0.2203125,0.007322615920566022,0.3442917466163635,300.0,0.022770569,-0.010215833014808596,0.0002,0.6100720167160034
2813952,1374,4957,567,-0.011713212355971336,0.2,6554,240.31388890999997,-21.710961532592773,0.187109375,0.005657962942495942,0.34421199560165405,300.0,0.01755784,-0.011243694927543402,0.0002,0.6219213008880615
2816000,1375,4966,566,-0.020128928124904633,0.2,6559,240.92153613000005,-21.700600719451906,0.18701171875,0.006242883438244462,0.344199001789093,300.0,0.013531536,-0.009815457090735436,0.0002,0.6202079057693481
2818048,1376,4976,566,-0.012433571740984917,0.2,6564,241.42381706,-21.700218963623048,0.25048828125,0.005359132937155664,0.3441850244998932,300.0,0.024907783,-0.007284339319448918,0.0002,0.5955600738525391
2820096,1377,4986,565,-0.0266950111836195,0.2,6569,242.32925221000002,-21.694810962677003,0.2099609375,0.00315917634870857,0.3441258370876312,300.0,0.018134758,-0.007927690632641315,0.0002,0.6041640639305115
2822144,1378,4994,565,0.008510631509125233,0.2,6574,242.32925221000002,-21.68553408454446,0.21645220588235295,0.00593649478190962,0.3441161513328552,300.0,0.031842835,-0.008098046596655074,0.0002,0.6379298567771912
2824192,1379,5002,564,-0.003537056501954794,0.2,6579,243.49866406,-21.686367882622612,0.20692274305555555,0.008197689920456873,0.3441230058670044,300.0,0.033017434,-0.00800701417028904,0.0002,0.583695650100708
2826240,1380,5013,563,-0.011466868221759796,0.2,6584,242.53408302,-21.685835933685304,0.196875,0.0057790532475337384,0.3441093862056732,300.0,0.022660658,-0.00893140654079616,0.0002,0.56336510181427
2828288,1381,5025,562,-0.01991608552634716,0.2,6589,243.71535591000003,-21.68795747756958,0.19658203125,0.006652591633610427,0.34415480494499207,300.0,0.012628359,-0.007339449948631227,0.0002,0.5971518754959106
2830336,1382,5036,561,-0.023915523663163185,0.2,6594,244.52806656999996,-21.69455518722534,0.1818359375,0.007409883569926024,0.34417638182640076,300.0,0.018058829,-0.015060701372567565,0.0002,0.6029876470565796
2832384,1383,5048,561,-0.019635263830423355,0.2,6599,245.00555610000004,-21.700373458862305,0.2072265625,0.006532654375769198,0.3442351520061493,300.0,0.018084574,-0.00854389532469213,0.0002,0.5238639712333679
2834432,1384,5060,560,-0.025196434929966927,0.2,6604,244.84261371,-21.71018009185791,0.18291015625,0.005785168404690922,0.34428271651268005,300.0,0.019083336,-0.014448120212182402,0.0002,0.5435889959335327
2836480,1385,5063,560,0.03285221382975578,0.2,6605,244.84261371,-21.71547031402588,0.19287109375,0.005385222844779491,0.3442886173725128,300.0,0.014806151,0.008774112211540341,0.0002,0.6018298864364624
2838528,1386,5071,559,0.015794804319739342,0.2,6608,246.75186644,-21.71738780628551,0.2814275568181818,0.007441590540111065,0.3443015217781067,300.0,0.026184246,0.007312157022004778,0.0002,0.49329841136932373
2840576,1387,5082,558,-0.008042528294026852,0.2,6613,246.92701616,-21.720597553253175,0.22470703125,0.012705490691587329,0.3443286418914795,300.0,0.020593442,-0.006915934034623206,0.0002,0.645648717880249
2842624,1388,5093,558,-0.01722858101129532,0.2,6618,245.65641233999997,-21.733112239837645,0.1767578125,0.01039932295680046,0.344477117061615,300.0,0.01962502,-0.014340743632055819,0.0002,0.6173126697540283
2844672,1389,5104,557,-0.0026030451990664005,0.2,6623,245.31994525999994,-21.75709934234619,0.1703125,0.010417993692681194,0.3445456326007843,300.0,0.01388837,-0.008046564599499106,0.0002,0.5951688289642334
2846720,1390,5115,556,-0.007967103272676468,0.2,6628,243.57448137,-21.759389686584473,0.19423828125,0.01325627015903592,0.34452641010284424,300.0,0.018861547,-0.00659563688095659,0.0002,0.669348955154419
2848768,1391,5125,555,-0.015787914395332336,0.2,6633,243.57448137,-21.75703344345093,0.1759765625,0.013058418733999133,0.34451571106910706,300.0,0.016109966,-0.013603591336868703,0.0002,0.5534015893936157
2850816,1392,5129,555,0.035366252064704895,0.2,6634,242.34031905,-21.755087852478027,0.1572265625,0.014379635220393538,0.3445144593715668,300.0,0.012635337,0.008842752315104008,0.0002,0.612407386302948
2852864,1393,5136,555,-0.005731876939535141,0.2,6637,240.01253727000002,-21.753591364080254,0.17631392045454544,0.012487791647965258,0.3444993793964386,300.0,0.02821938,-0.006103543988005681,0.0002,0.5076605081558228
2854912,1394,5143,555,0.02261795476078987,0.2,6641,239.82811585999997,-21.751321411132814,0.24049479166666668,0.008220197167247534,0.34449854493141174,300.0,0.02603937,0.0033115490650137266,0.0002,0.5869979858398438
2856960,1395,5149,554,0.03804302588105202,0.2,6643,237.33802831000006,-21.750563757760183,0.19419642857142858,0.008475682166005884,0.3444928824901581,300.0,0.023651592,0.008615831777985607,0.0002,0.6190475225448608
2859008,1396,5160,554,-0.017310451716184616,0.2,6648,238.53708923000005,-21.750995254516603,0.1478515625,0.00703374242875725,0.3445117473602295,300.0,0.015268592,-0.010721284337341786,0.0002,0.595550537109375
2861056,1397,5169,553,-0.008379168808460236,0.2,6653,238.34094349,-21.753846897798425,0.1928998161764706,0.007532507263343124,0.3445284366607666,300.0,0.031244898,-0.010086888639146791,0.0002,0.4851239323616028
2863104,1398,5181,552,-0.01117037609219551,0.2,6658,238.34094349,-21.750525188446044,0.19560546875,0.012678741430863737,0.3444649577140808,300.0,0.021194194,-0.01003084988333285,0.0002,0.667638897895813
2865152,1399,5185,552,0.016625549644231796,0.2,6660,235.12234757,-21.743046951293945,0.1765625,0.013382226414978503,0.3444569408893585,300.0,0.03321086,0.0037934720516204835,0.0002,0.6710529327392578
2867200,1400,5195,551,-0.015449712052941322,0.2,6665,234.87645147,-21.73696279525757,0.19794921875,0.006992691289633512,0.34439000487327576,300.0,0.010909675,-0.00680255307815969,0.0002,0.6583759784698486
2869248,1401,5206,551,-0.018240835517644882,0.2,6670,233.59046133999996,-21.729422760009765,0.18154296875,0.007625568425282836,0.3444032371044159,300.0,0.01661012,-0.010349002946168185,0.0002,0.5968866944313049
2871296,1402,5217,550,-0.025300418958067894,0.2,6675,232.62377365,-21.73227310180664,0.20859375,0.007475805771537125,0.3444037139415741,300.0,0.020739624,-0.010031723952852189,0.0002,0.6018718481063843
2873344,1403,5223,550,0.030023012310266495,0.2,6677,232.37190626999995,-21.731395721435547,0.214111328125,0.008665834437124431,0.3444068431854248,300.0,0.022196472,0.009674362372606993,0.0002,0.5819283723831177
2875392,1404,5234,549,-0.0216125026345253,0.2,6682,233.56092461,-21.736166381835936,0.1669921875,0.009296358143910766,0.3444920778274536,300.0,0.012339068,-0.012757790554314852,0.0002,0.6116239428520203
2877440,1405,5244,548,-0.02581622451543808,0.2,6687,233.56092461,-21.74565715789795,0.1908203125,0.00660711913369596,0.34445109963417053,300.0,0.021085903,-0.011334449076093734,0.0002,0.5090707540512085
2879488,1406,5249,548,0.021471884101629257,0.2,6688,233.99161071999998,-21.738288402557373,0.2255859375,0.005330683314241469,0.344439297914505,300.0,0.016344698,0.008113882504403591,0.0002,0.5693925619125366
2881536,1407,5261,547,-0.01685129478573799,0.2,6693,234.58158246999994,-21.727991580963135,0.21298828125,0.008806198555976152,0.3443147540092468,300.0,0.019055275,-0.0064657983835786585,0.0002,0.6573935151100159
2883584,1408,5268,547,-0.015165633521974087,0.2,6696,236.41124968,-21.71217498779297,0.2005859375,0.008263301616534591,0.3442966639995575,300.0,0.029606078,-0.0013266159687191248,0.0002,0.6555156707763672
2885632,1409,5280,546,-0.015671197324991226,0.2,6701,236.67206545000002,-21.711193656921388,0.2041015625,0.004912035306915641,0.3443063199520111,300.0,0.015701465,-0.0063381224870681764,0.0002,0.4943334460258484
2887680,1410,5292,545,-0.004778855945914984,0.2,6706,237.4860258,-21.712724018096925,0.19892578125,0.005956804775632918,0.3443124294281006,300.0,0.022196852,-0.00466666161082685,0.0002,0.5935475826263428
2889728,1411,5303,544,-0.01640937104821205,0.2,6711,235.53115844,-21.71465826034546,0.22919921875,0.009235401917248965,0.34433823823928833,300.0,0.017895263,-0.01391398108098656,0.0002,0.602290153503418
2891776,1412,5313,544,-0.0010333145037293434,0.2,6716,235.53115844,-21.716801007588703,0.234375,0.005414285464212298,0.3443067967891693,300.0,0.030209873,-0.00468916492536664,0.0002,0.5828917622566223
2893824,1413,5326,543,-0.021272221580147743,0.2,6721,237.58430736,-21.70827684402466,0.20439453125,0.0037596065201796593,0.34424853324890137,300.0,0.022958446,-0.010642062453553081,0.0002,0.522238552570343
2895872,1414,5338,542,-0.0202646367251873,0.2,6726,239.6175151,-21.697291374206543,0.1892578125,0.004010910436045378,0.3442031145095825,300.0,0.014219212,-0.011405445635318756,0.0002,0.5676171779632568
2897920,1415,5350,541,-0.02424141950905323,0.2,6731,238.17791799000003,-21.68451862335205,0.154296875,0.0076860995963215824,0.34409552812576294,300.0,0.016712273,-0.012294454826042056,0.0002,0.6087579727172852
2899968,1416,5358,541,0.015106257051229477,0.2,6734,239.66579915999998,-21.671219739046965,0.1924715909090909,0.007963210386647419,0.344074010848999,300.0,0.023801908,0.0005744654600593177,0.0002,0.616412878036499
2902016,1417,5363,541,0.0028186021372675896,0.2,6736,240.63270388000004,-21.67089335123698,0.19791666666666666,0.007907721369216839,0.34408557415008545,300.0,0.028648132,-0.0023963312463214,0.0002,0.6593809127807617
2904064,1418,5376,540,-0.03272316977381706,0.2,6741,240.79247016000002,-21.67801990509033,0.1970703125,0.006164902518503368,0.3441567122936249,300.0,0.016736418,-0.012130554928444327,0.0002,0.6252241134643555
2906112,1419,5382,539,0.013509233482182026,0.2,6743,240.79247016000002,-21.68520191737584,0.15708705357142858,0.004488482605665922,0.34415754675865173,300.0,0.022848815,-0.0007926860957273415,0.0002,0.6383711099624634
2908160,1420,5394,539,-0.022370457649230957,0.2,6748,242.11522360000004,-21.67862663269043,0.17490234375,0.009857849311083555,0.34408730268478394,300.0,0.014502142,-0.01097551379352808,0.0002,0.651572048664093
2910208,1421,5406,538,-0.02589820884168148,0.2,6753,242.07253939999998,-21.66646728515625,0.1716796875,0.0052096855361014605,0.3440568447113037,300.0,0.017920515,-0.0116945656016469,0.0002,0.4681156277656555
2912256,1422,5416,537,0.0024774118792265654,0.2,6757,243.30644947999997,-21.66010971069336,0.148046875,0.0050823370305200415,0.34400346875190735,300.0,0.025114054,-0.00789268994703889,0.0002,0.6089929342269897
2914304,1423,5429,536,-0.008452310226857662,0.2,6762,242.75408643999998,-21.648760509490966,0.18955078125,0.007978498004376888,0.3439537584781647,300.0,0.025786772,-0.014070107322186231,0.0002,0.6376827359199524
2916352,1424,5434,536,0.00992687325924635,0.2,6764,243.36079207999998,-21.64387385050456,0.15885416666666666,0.0104466473373274,0.3439426124095917,300.0,0.025364267,0.002350788408269485,0.0002,0.6236852407455444
2918400,1425,5440,536,0.03485465794801712,0.2,6766,243.01536524,-21.640960931777954,0.216796875,0.008356419100891799,0.3439229428768158,300.0,0.023341963,0.004582845140248537,0.0002,0.6335436105728149
2920448,1426,5453,535,-0.025246772915124893,0.2,6771,243.01536524,-21.634015369415284,0.172265625,0.006460280041210353,0.3438645601272583,300.0,0.015692368,-0.013938418379984796,0.0002,0.5013359785079956
2922496,1427,5465,534,-0.012697081081569195,0.2,6776,242.99771645,-21.620762443542482,0.196875,0.01116354246623814,0.3437751829624176,300.0,0.017579405,-0.005773587990552187,0.0002,0.6325650215148926
2924544,1428,5475,534,0.0009608687832951546,0.2,6780,242.35447202,-21.606114387512207,0.17787388392857142,0.00811665811176811,0.3437287211418152,300.0,0.029066991,-0.0028518245089799166,0.0002,0.6302685737609863
2926592,1429,5487,533,-0.029232308268547058,0.2,6785,243.52778073,-21.600156402587892,0.201171875,0.006942500825971365,0.3437020182609558,300.0,0.016436413,-0.011460341420024634,0.0002,0.5669025182723999
2928640,1430,5500,532,-0.021607739850878716,0.2,6790,243.36546962,-21.592825508117677,0.1953125,0.006094225193373859,0.3436393141746521,300.0,0.018095557,-0.012053223396651446,0.0002,0.6220941543579102
2930688,1431,5510,531,-0.01966896653175354,0.2,6795,243.11744995999993,-21.585364061243393,0.17371323529411764,0.006580637987045681,0.34363704919815063,300.0,0.03459781,-0.01095565564601737,0.0002,0.6822154521942139
2932736,1432,5522,531,0.0056732334196567535,0.2,6800,243.11744995999993,-21.595038414001465,0.22373046875,0.007895572297275066,0.3437323272228241,300.0,0.028973624,-0.013055602414533496,0.0002,0.6666207313537598
2934784,1433,5535,530,-0.029667571187019348,0.2,6805,242.46172084999995,-21.611372566223146,0.17939453125,0.0056495079537853595,0.3438113331794739,300.0,0.013391156,-0.01082405427005142,0.0002,0.6391842365264893
2936832,1434,5547,529,-0.024721886962652206,0.2,6810,244.07221873000003,-21.62087059020996,0.18935546875,0.006325253820978105,0.3438495099544525,300.0,0.025998063,-0.011988441506400705,0.0002,0.5291180610656738
2938880,1435,5559,528,-0.015216581523418427,0.2,6815,242.96403060000003,-21.624874877929688,0.21689453125,0.008418702986091375,0.34386610984802246,300.0,0.019685611,-0.013977342145517468,0.0002,0.5867832899093628
2940928,1436,5572,527,-0.023775381967425346,0.2,6820,242.36585056999996,-21.628567218780518,0.16337890625,0.006572629441507161,0.34388890862464905,300.0,0.014477224,-0.010020890668965877,0.0002,0.6219824552536011
2942976,1437,5585,526,-0.011604959145188332,0.2,6825,241.70106669999998,-21.641761302947998,0.1970703125,0.007759624603204429,0.3440150022506714,300.0,0.018812753,-0.011877806717529893,0.0002,0.6017026901245117
2945024,1438,5597,526,-0.02114761993288994,0.2,6830,242.09341640000002,-21.664491653442383,0.185546875,0.00960592282935977,0.3440975546836853,300.0,0.016356256,-0.010316222230903805,0.0002,0.6118312478065491
2947072,1439,5609,525,-0.0030616859439760447,0.2,6835,242.09341640000002,-21.67306966781616,0.18173828125,0.006463209446519613,0.3441222608089447,300.0,0.0146235945,-0.009789148904383182,0.0002,0.5533138513565063
2949120,1440,5622,524,-0.020386680960655212,0.2,6840,243.36235083999998,-21.675677585601807,0.20498046875,0.00585900447331369,0.34412723779678345,300.0,0.017038658,-0.01122838193550706,0.0002,0.5187737345695496
2951168,1441,5634,523,-0.007362169213593006,0.2,6845,243.08095924999998,-21.67582540512085,0.2111328125,0.006035333801992238,0.3441232740879059,300.0,0.023121588,-0.015742381289601325,0.0002,0.6510331034660339
2953216,1442,5638,523,0.037350915372371674,0.2,6846,243.61692407,-21.674787521362305,0.203125,0.009043020894750953,0.34411928057670593,300.0,0.015186098,0.01761618856107816,0.0002,0.6241381764411926
2955264,1443,5650,522,-0.022541644051671028,0.2,6851,245.15828786000003,-21.677663230895995,0.215234375,0.008962108707055449,0.3441799581050873,300.0,0.014164339,-0.015541466372087597,0.0002,0.6403056979179382
2957312,1444,5659,522,0.0017566322349011898,0.2,6854,244.75373599000002,-21.68802850896662,0.1709872159090909,0.00818373521112583,0.3442143499851227,300.0,0.025465695,-0.00147142798893831,0.0002,0.6668096780776978
2959360,1445,5671,521,-0.022460417822003365,0.2,6859,243.84082441000007,-21.69132528305054,0.20361328125,0.008642927813343703,0.3442137837409973,300.0,0.019567829,-0.016629032930359243,0.0002,0.6227278113365173
2961408,1446,5684,520,-0.02681257203221321,0.2,6864,243.84082441000007,-21.687065219879152,0.1970703125,0.007931370032019913,0.34416088461875916,300.0,0.017435389,-0.013250925787724554,0.0002,0.611402153968811
2963456,1447,5696,520,-0.03006519377231598,0.2,6869,244.25487276999996,-21.673877143859862,0.18837890625,0.007884557940997183,0.3440648317337036,300.0,0.018341685,-0.014593222783878446,0.0002,0.612660825252533
2965504,1448,5701,520,0.04076568782329559,0.2,6870,243.27694198000006,-21.663245677947998,0.22900390625,0.007946856319904327,0.3440530598163605,300.0,0.018996254,0.012950881849974394,0.0002,0.500786304473877
2967552,1449,5713,519,-0.028644835576415062,0.2,6875,241.36357045,-21.655235862731935,0.2037109375,0.010439853323623538,0.3439682126045227,300.0,0.018124528,-0.011346303671598435,0.0002,0.561266303062439
2969600,1450,5725,518,-0.01857687719166279,0.2,6880,240.65071988,-21.646122646331786,0.2044921875,0.008820454427041113,0.3440060019493103,300.0,0.01414917,-0.009961058059707284,0.0002,0.5847314596176147
2971648,1451,5734,518,0.014031295664608479,0.2,6883,241.44632079,-21.651230898770418,0.1768465909090909,0.0058238208293914795,0.3439902663230896,300.0,0.027826697,-0.0011458864689550617,0.0002,0.617198646068573
2973696,1452,5739,518,0.05056202784180641,0.2,6884,241.94615975,-21.648120880126953,0.3092447916666667,0.005153701330224673,0.34398365020751953,300.0,0.030687362,0.024420375004410744,0.0002,0.4239879250526428
2975744,1453,5751,517,-0.024568457156419754,0.2,6889,241.94615975,-21.647781658172608,0.19501953125,0.005204824765678495,0.3440023958683014,300.0,0.022393549,-0.012399304006248713,0.0002,0.1808919906616211
2977792,1454,5756,517,0.04444455727934837,0.2,6890,241.45214654000003,-21.651377995808918,0.23763020833333334,0.008468384544054667,0.34400469064712524,300.0,0.018374886,0.01310113879541556,0.0002,0.53943932056427
2979840,1455,5767,516,-0.01078149862587452,0.2,6895,241.55879037,-21.651500601517526,0.24434621710526316,0.006055477491923068,0.3440092206001282,300.0,0.024052605,-0.00913701593679817,0.0002,0.4515702724456787
2981888,1456,5779,515,-0.03336913511157036,0.2,6900,241.47918562000004,-21.649548053741455,0.1619140625,0.007781559182330966,0.3439518213272095,300.0,0.015348471,-0.014193776249885558,0.0002,0.6223750114440918
2983936,1457,5787,515,0.015174848027527332,0.2,6903,241.29511243000002,-21.638917229392312,0.1786221590909091,0.008942512795329094,0.3439120054244995,300.0,0.025932461,-0.0010196711783382025,0.0002,0.606489360332489
2985984,1458,5800,514,0.0013944962993264198,0.2,6908,240.26604001999996,-21.6271710395813,0.18798828125,0.008649081410840153,0.3438186049461365,300.0,0.022936584,-0.0074947600136511024,0.0002,0.6520126461982727
2988032,1459,5811,514,-0.007139804773032665,0.2,6912,240.36419553999997,-21.609826360430038,0.18861607142857142,0.005601891782134771,0.34373199939727783,300.0,0.032401048,-0.00329907943627664,0.0002,0.6229654550552368
2990080,1460,5822,513,-0.0030583005864173174,0.2,6917,240.36419553999997,-21.593251546223957,0.24131944444444445,0.00796003049860398,0.3436482846736908,300.0,0.029575223,-0.007173322244650788,0.0002,0.5444743037223816
2992128,1461,5834,512,-0.014658279716968536,0.2,6922,239.84532717999994,-21.583106136322023,0.191015625,0.009049185644835233,0.34361717104911804,300.0,0.019079648,-0.011362556740641594,0.0002,0.5671951174736023
2994176,1462,5848,511,-0.02553708292543888,0.2,6927,240.09690575999997,-21.581932830810548,0.1953125,0.007959005492739379,0.34362345933914185,300.0,0.016562384,-0.008440345688723028,0.0002,0.6156688332557678
2996224,1463,5861,511,0.0079224007204175,0.2,6929,241.18666237999997,-21.58467125892639,0.191162109375,0.008924555848352611,0.343652606010437,300.0,0.02286674,0.001043743104673922,0.0002,0.6649512052536011
2998272,1464,5869,510,0.012361302971839905,0.2,6931,241.66251282999997,-21.59131567818778,0.19670758928571427,0.011153698632759708,0.3436928391456604,300.0,0.03157362,0.0048401840031147,0.0002,0.6776440143585205
3000320,1465,5882,510,-0.024690644815564156,0.2,6936,242.75037517999993,-21.59473361968994,0.17041015625,0.0074393212562426925,0.3436608910560608,300.0,0.015753152,-0.014055275614373386,0.0002,0.6114634275436401
3002368,1466,5896,509,-0.016257833689451218,0.2,6941,242.75037517999993,-21.5830010865864,0.21628289473684212,0.006425614346210894,0.3435911238193512,300.0,0.027756145,-0.01120436611879421,0.0002,0.6433014273643494
3004416,1467,5908,508,-0.002258370164781809,0.2,6946,243.44466786,-21.57461216575221,0.21504934210526316,0.005615856522988332,0.3435778319835663,300.0,0.025911232,-0.007407330025575663,0.0002,0.6160684823989868
3006464,1468,5914,508,0.012511939741671085,0.2,6948,242.61197572,-21.575373785836355,0.13950892857142858,0.012097251734563283,0.34357649087905884,300.0,0.024482975,-0.0015829055170927728,0.0002,0.625546932220459
3008512,1469,5926,507,-0.01311478577554226,0.2,6953,242.44364525000003,-21.573263549804686,0.22177734375,0.007949970429763198,0.3435540795326233,300.0,0.019094942,-0.011669286154210567,0.0002,0.6402655839920044
3010560,1470,5939,506,-0.03325051814317703,0.2,6958,241.74380202,-21.573820209503175,0.20185546875,0.00872307657264173,0.34360697865486145,300.0,0.019580116,-0.01289283384103328,0.0002,0.6620994210243225
3012608,1471,5951,506,-0.010549351572990417,0.2,6963,242.84732692,-21.585117912292482,0.185546875,0.009890236519277095,0.3436623215675354,300.0,0.016106524,-0.01362089707981795,0.0002,0.6173611879348755
3014656,1472,5964,505,-0.02942512184381485,0.2,6968,242.79901464999995,-21.59419937133789,0.18232421875,0.006926993140950799,0.3437234163284302,300.0,0.014213707,-0.013582157413475215,0.0002,0.5040165781974792
3016704,1473,5976,504,-0.0208638533949852,0.2,6973,242.79901464999995,-21.602499580383302,0.22216796875,0.00798969240859151,0.3437316417694092,300.0,0.02722222,-0.011456847772933543,0.0002,0.5754348039627075
3018752,1474,5989,504,-0.023454682901501656,0.2,6978,243.37007646,-21.606769466400145,0.21513671875,0.006797183863818645,0.3437861502170563,300.0,0.022776004,-0.015171473380178213,0.0002,0.602055549621582
3020800,1475,5994,503,0.01980818435549736,0.2,6979,243.04248522000006,-21.61500358581543,0.1728515625,0.0062881826888769865,0.3438054323196411,300.0,0.014919227,0.005672562983818352,0.0002,0.5477521419525146
3022848,1476,6006,503,-0.015311038121581078,0.2,6984,243.42205796,-21.623849964141847,0.23466796875,0.007477561454288661,0.3438735902309418,300.0,0.023096463,-0.0042553985491395,0.0002,0.5714666843414307
3024896,1477,6018,502,-0.015491308644413948,0.2,6989,244.88520046000002,-21.62612714767456,0.19033203125,0.007781373476609588,0.3438270390033722,300.0,0.015772667,-0.013625420071184636,0.0002,0.5195810794830322
3026944,1478,6031,501,-0.022351056337356567,0.2,6994,245.83186496000002,-21.61374225616455,0.17763671875,0.007736611063592136,0.3437802195549011,300.0,0.018440083,-0.012283765291795135,0.0002,0.5735622644424438
3028992,1479,6044,501,-0.013790946453809738,0.2,6999,246.1872195,-21.603074741363525,0.20224609375,0.007135949120856822,0.3436761200428009,300.0,0.013543252,-0.005439861142076552,0.0002,0.5649800300598145
3031040,1480,6058,500,-0.019236605614423752,0.2,7004,246.1872195,-21.584903526306153,0.156640625,0.009540317533537745,0.3436144292354584,300.0,0.016534178,-0.013017226615920663,0.0002,0.5474125742912292
3033088,1481,6071,499,-0.02314690686762333,0.2,7009,243.64272318000002,-21.580321311950684,0.1840277777777778,0.007793571929343873,0.34362736344337463,300.0,0.029099401,-0.011634608226207396,0.0002,0.5603550672531128
3035136,1482,6082,499,-0.01599203608930111,0.2,7013,241.87445488,-21.584059834480286,0.2230224609375,0.008551125036319718,0.34364253282546997,300.0,0.027933076,-0.009994763386202976,0.0002,0.47796010971069336
3037184,1483,6102,497,-0.022284766659140587,0.2,7018,242.51873200999995,-21.587419414520262,0.18779296875,0.006428881548345089,0.3436644971370697,300.0,0.021648943,-0.012829564884305,0.0002,0.5439015626907349
3039232,1484,6115,496,0.004727180115878582,0.2,7023,241.77309028,-21.58830788556267,0.20726102941176472,0.0072799874195719465,0.34363874793052673,300.0,0.031730093,-0.007516754681573194,0.0002,0.653314471244812
3041280,1485,6132,495,-0.01582375541329384,0.2,7028,242.57243641999997,-21.57711238861084,0.1892578125,0.00771201765164733,0.34355705976486206,300.0,0.018491974,-0.011314243567176164,0.0002,0.5842933654785156
3043328,1486,6151,494,-0.01590428128838539,0.2,7033,241.16809854000002,-21.568838787078857,0.216796875,0.006295742560178041,0.3435734808444977,300.0,0.020240894,-0.006858737440779805,0.0002,0.6259216666221619
3045376,1487,6165,493,-0.023410676047205925,0.2,7038,241.16809854000002,-21.575885105133057,0.19853515625,0.005870128213427961,0.34363237023353577,300.0,0.021475928,-0.012195236375555396,0.0002,0.5203479528427124
3047424,1488,6170,493,0.026745758950710297,0.2,7039,241.45348919999998,-21.580719629923504,0.17122395833333334,0.007234277358899514,0.34363505244255066,300.0,0.014280801,0.005269888943682115,0.0002,0.5595228672027588
3049472,1489,6182,493,-0.009157439693808556,0.2,7044,240.74666869000004,-21.58509063720703,0.2193359375,0.0067297377390787005,0.34369388222694397,300.0,0.016779458,-0.004961042758077383,0.0002,0.6261093616485596
3051520,1490,6194,492,-0.01400987058877945,0.2,7049,241.95595136,-21.59517107009888,0.224609375,0.005182776902802289,0.34373635053634644,300.0,0.016940655,-0.01256360944826156,0.0002,0.5792217254638672
3053568,1491,6207,491,-0.012571091763675213,0.2,7054,240.97987182999998,-21.598249626159667,0.16611328125,0.005737150833010673,0.34374070167541504,300.0,0.015332873,-0.010933395754545928,0.0002,0.6394129395484924
3055616,1492,6217,491,0.0006388765759766102,0.2,7058,238.86053271,-21.601590156555176,0.18401227678571427,0.009981420888964618,0.34377697110176086,300.0,0.031338867,-0.003774262432541166,0.0002,0.6293871998786926
3057664,1493,6230,490,-0.006362938787788153,0.2,7063,239.29221748,-21.604811668395996,0.19638671875,0.010623349621891976,0.34375491738319397,300.0,0.021709483,-0.010051725222729147,0.0002,0.6011865735054016
3059712,1494,6243,490,-0.007852435111999512,0.2,7068,239.29221748,-21.5973539352417,0.1673828125,0.007067163800820708,0.34370487928390503,300.0,0.016876837,-0.010075697617139667,0.0002,0.5565313696861267
3061760,1495,6247,490,0.030202679336071014,0.2,7069,239.06640464,-21.592988967895508,0.22721354166666666,0.011782165616750717,0.3436981439590454,300.0,0.02043564,0.008958967868238688,0.0002,0.5761009454727173
3063808,1496,6259,489,-0.015324300155043602,0.2,7074,238.78776487,-21.59030418395996,0.198046875,0.00725540027488023,0.34368059039115906,300.0,0.014872393,-0.007219972694292665,0.0002,0.6381675004959106
3065856,1497,6272,488,-0.014640692621469498,0.2,7079,240.74271655,-21.5928391456604,0.2048828125,0.006826021382585168,0.3437105119228363,300.0,0.022883154,-0.0074982362915761765,0.0002,0.5654074549674988
3067904,1498,6285,488,-0.021437974646687508,0.2,7084,242.52989881000002,-21.597293281555174,0.173828125,0.005567473405972123,0.3437032699584961,300.0,0.012744412,-0.009623265010304749,0.0002,0.6015389561653137
3069952,1499,6290,488,0.022146986797451973,0.2,7085,240.94401269000002,-21.595234394073486,0.21337890625,0.006738630007021129,0.34369057416915894,300.0,0.01615829,0.006619466934353113,0.0002,0.6941450834274292
3072000,1500,6302,487,-0.030974790453910828,0.2,7090,241.29869856000002,-21.592266464233397,0.18828125,0.009632617491297424,0.34367606043815613,300.0,0.02062405,-0.01640856210142374,0.0002,0.6172007322311401
3074048,1501,6315,486,-0.01475917175412178,0.2,7095,241.29869856000002,-21.59488868713379,0.17548828125,0.009569499036297202,0.34372684359550476,300.0,0.015326063,-0.013143450138159096,0.0002,0.6078408360481262
3076096,1502,6327,486,-0.018091952428221703,0.2,7100,239.85136168,-21.60187511444092,0.19697265625,0.0062282048398628834,0.34372252225875854,300.0,0.016538713,-0.011707460728939623,0.0002,0.6187120676040649
3078144,1503,6337,485,-0.00014833337627351284,0.2,7104,240.48491126000005,-21.598176193237304,0.20052083333333334,0.005893144849687814,0.34369418025016785,300.0,0.028656418,-0.007797449920326471,0.0002,0.6739090085029602
3080192,1504,6351,484,-0.00828744936734438,0.2,7109,240.13565555000002,-21.592358303070068,0.19873046875,0.008512967312708498,0.34368669986724854,300.0,0.018798597,-0.012173659098334611,0.0002,0.6362890005111694
3082240,1505,6362,484,0.013414815068244934,0.2,7111,239.90829216999998,-21.59408269609724,0.20396205357142858,0.008086444144802434,0.34369686245918274,300.0,0.026003798,0.004237672447093895,0.0002,0.6593877673149109
3084288,1506,6379,483,-0.013606280088424683,0.2,7116,239.91914538999998,-21.594513511657716,0.23798828125,0.0072704298654571176,0.34368380904197693,300.0,0.01953359,-0.011537717003375293,0.0002,0.586923360824585
3086336,1507,6386,483,-0.015400483272969723,0.2,7120,239.91914538999998,-21.593644550868444,0.15345982142857142,0.010136802015560014,0.34371116757392883,300.0,0.02405934,-0.008003664768433996,0.0002,0.5865204334259033
3088384,1508,6394,483,-0.0004943874664604664,0.2,7125,239.67535193,-21.597423441269818,0.19048713235294118,0.009250294691061272,0.3437045216560364,300.0,0.032224864,-0.007382506669005927,0.0002,0.5424160957336426
3090432,1509,6405,482,-0.023572638630867004,0.2,7130,239.40311329,-21.58928680419922,0.19833984375,0.007418071059510112,0.3436468243598938,300.0,0.01962812,-0.01220722016878426,0.0002,0.6312450170516968
3092480,1510,6412,482,-0.0217986311763525,0.2,7135,240.45007902,-21.58313684463501,0.1625,0.005192884430289269,0.3436505198478699,300.0,0.017405458,-0.01448849206790328,0.0002,0.6748723983764648
3094528,1511,6415,482,0.01703518256545067,0.2,7137,242.22971772999998,-21.584232966105144,0.1689453125,0.007168033393099904,0.3436523675918579,300.0,0.02738622,0.005026083129147689,0.0002,0.6014113426208496
3096576,1512,6419,482,-0.012786099687218666,0.2,7142,241.73626516000004,-21.581828753153484,0.205078125,0.007412973584400283,0.34362122416496277,300.0,0.025391737,-0.010578149412241247,0.0002,0.5314985513687134
3098624,1513,6422,482,-0.007829809561371803,0.2,7147,242.27881962000004,-21.574513541327583,0.24251302083333334,0.005645056643212835,0.34358081221580505,300.0,0.028362127,-0.002585452567372057,0.0002,0.5978178977966309
3100672,1514,6426,482,-0.0331936851143837,0.2,7152,242.27881962000004,-21.56844844818115,0.17255859375,0.007206616154871881,0.3435761332511902,300.0,0.016689047,-0.013500897120684386,0.0002,0.620498538017273
3102720,1515,6429,482,-0.021327152848243713,0.2,7157,243.13584534999998,-21.56968250274658,0.20283203125,0.007505182432942093,0.34358540177345276,300.0,0.019510154,-0.009755979501642286,0.0002,0.6349098682403564
3104768,1516,6433,482,-0.026393430307507515,0.2,7162,242.96776817000003,-21.56814775466919,0.19921875,0.007355177123099565,0.3435620367527008,300.0,0.023807347,-0.011668648128397763,0.0002,0.6631695628166199
3106816,1517,6436,482,-0.00946899689733982,0.2,7165,242.85536337000002,-21.566881699995562,0.19389204545454544,0.010373024608601223,0.34357738494873047,300.0,0.0201321,-0.004641829989850521,0.0002,0.5450645089149475
3108864,1518,6438,482,0.046308912336826324,0.2,7166,243.59589999,-21.569259643554688,0.310546875,0.008330218183497587,0.3435860276222229,300.0,0.028019093,0.01701819182684024,0.0002,0.6136519908905029
3110912,1519,6442,482,-0.030265415087342262,0.2,7171,242.25870777999998,-21.57504301071167,0.22001953125,0.007507876981981099,0.34363797307014465,300.0,0.0216465,-0.015851266821846365,0.0002,0.6332182884216309
3112960,1520,6446,482,-0.01686016656458378,0.2,7176,243.18779342000002,-21.57997121810913,0.20712890625,0.00778345090802759,0.3436241149902344,300.0,0.015718602,-0.01090199628379196,0.0002,0.5248132348060608
3115008,1521,6448,483,0.010258659720420837,0.2,7179,243.18779342000002,-21.57894342595881,0.23952414772727273,0.00573379478671334,0.3436260223388672,300.0,0.022375682,0.0016001734713261778,0.0002,0.6894794702529907
3117056,1522,6452,483,-0.02063220739364624,0.2,7184,243.70624359,-21.581710815429688,0.16962890625,0.009014013782143592,0.34365907311439514,300.0,0.017758502,-0.007488775649107993,0.0002,0.5813971161842346
3119104,1523,6455,483,-0.02428680658340454,0.2,7189,242.45622087,-21.586879920959472,0.20244140625,0.005222658975981176,0.3436662256717682,300.0,0.024877965,-0.016046432708390058,0.0002,0.6705248355865479
3121152,1524,6456,483,0.02374373935163021,0.2,7190,243.03771798999998,-21.58606211344401,0.20768229166666666,0.007023396125684182,0.34366574883461,300.0,0.015676226,0.010316928227742514,0.0002,0.6468756198883057
3123200,1525,6460,483,-0.00819469802081585,0.2,7195,241.38545415999997,-21.58293800354004,0.20029296875,0.0074557236861437556,0.3436262607574463,300.0,0.023129173,-0.011270594433881342,0.0002,0.5802397727966309
3125248,1526,6461,483,0.015342910774052143,0.2,7196,239.68802544000002,-21.576295852661133,0.1884765625,0.008474685135297477,0.34361669421195984,300.0,0.014601502,0.006037699757143855,0.0002,0.6392481923103333
3127296,1527,6465,483,-0.01769368164241314,0.2,7201,239.50824238000004,-21.575192260742188,0.21044921875,0.0060184300411492584,0.3436305522918701,300.0,0.018913975,-0.010899852635338903,0.0002,0.6276607513427734
3129344,1528,6468,483,-0.03755129128694534,0.2,7206,239.50824238000004,-21.572203159332275,0.19462890625,0.004970215493813157,0.34355273842811584,300.0,0.026248867,-0.01220812478568405,0.0002,0.5454121232032776
3131392,1529,6472,483,-0.024574441835284233,0.2,7211,239.75733621999996,-21.563469409942627,0.18125,0.005951717775315046,0.34360313415527344,300.0,0.022210076,-0.010666986624710263,0.0002,0.5380488038063049
3133440,1530,6475,483,-0.015379861928522587,0.2,7216,240.88522390000003,-21.57540330886841,0.16455078125,0.006903522834181786,0.3436412513256073,300.0,0.019599995,-0.013479688391089439,0.0002,0.5685763359069824
3135488,1531,6479,483,-0.00973894540220499,0.2,7221,242.98704494,-21.574849796295165,0.20576171875,0.005591849563643336,0.3436039388179779,300.0,0.017529268,-0.011190129723399878,0.0002,0.5588154792785645
3137536,1532,6483,483,-0.025398073717951775,0.2,7226,241.1192932,-21.57017593383789,0.17900390625,0.0061597112799063325,0.3436019718647003,300.0,0.017045965,-0.011993903620168566,0.0002,0.6412954926490784
3139584,1533,6486,484,-0.005653360392898321,0.2,7231,241.44520827,-21.5677282333374,0.2212890625,0.006695486581884324,0.343535453081131,300.0,0.027071608,-0.007531573600135744,0.0002,0.5707920789718628
3141632,1534,6488,484,-0.016711130738258362,0.2,7236,243.14298513999998,-21.555954265594483,0.196484375,0.005609130370430648,0.34352660179138184,300.0,0.019988896,-0.009897850663401186,0.0002,0.5691186189651489
3143680,1535,6489,484,0.004569684155285358,0.2,7239,243.14298513999998,-21.55673770904541,0.2341796875,0.004975142097100616,0.34354472160339355,300.0,0.025040388,0.004232779424637556,0.0002,0.5563932657241821
3145728,1536,6490,484,0.015408891253173351,0.2,7241,243.57238509,-21.560368401663645,0.24302455357142858,0.006820877481784139,0.3435669243335724,300.0,0.020690307,0.011544510522591216,0.0002,0.5858170986175537
3147776,1537,6492,484,-0.021386809647083282,0.2,7246,243.74950845,-21.565370273590087,0.1796875,0.009677598159760237,0.34357932209968567,300.0,0.018375454,-0.010899671586230397,0.0002,0.5777273178100586
3149824,1538,6494,485,-0.009364797733724117,0.2,7249,244.52440365999996,-21.56226857503255,0.18636067708333334,0.0070299490277344985,0.3435429036617279,300.0,0.025416011,-0.004285157347718875,0.0002,0.668182373046875
3151872,1539,6495,485,0.015574468299746513,0.2,7253,243.45448852,-21.55697161356608,0.24453125,0.006342767458409071,0.34353840351104736,300.0,0.021356367,0.0026984858016173047,0.0002,0.5949662327766418
3153920,1540,6498,485,-0.016094882041215897,0.2,7258,243.83919372,-21.55604496002197,0.2208984375,0.005457665515132248,0.34352362155914307,300.0,0.022975905,-0.011160978628322483,0.0002,0.608005940914154
3155968,1541,6500,485,0.009498179890215397,0.2,7263,243.83919372,-21.553813457489014,0.209375,0.007859857217408717,0.3435310423374176,300.0,0.022215798,-0.010423047188669442,0.0002,0.596019983291626
3158016,1542,6502,485,-0.009921932592988014,0.2,7268,242.86089060999998,-21.551293754577635,0.24130859375,0.008644515066407621,0.3434811234474182,300.0,0.022388387,-0.009959584660828113,0.0002,0.5527610778808594
3160064,1543,6505,485,-0.017112920060753822,0.2,7273,240.90381584,-21.543844318389894,0.18994140625,0.007676241779699921,0.34346359968185425,300.0,0.019674562,-0.009127656882628798,0.0002,0.5598428249359131
3162112,1544,6507,485,-0.025630386546254158,0.2,7278,239.63297834000002,-21.54679365158081,0.17177734375,0.007649055542424321,0.34351372718811035,300.0,0.01484981,-0.014088497986085713,0.0002,0.6003158092498779
3164160,1545,6510,486,-0.025086937472224236,0.2,7283,238.20484581,-21.5557954788208,0.1970703125,0.006206861417740584,0.3435479998588562,300.0,0.019768089,-0.0128633952466771,0.0002,0.6451833844184875
3166208,1546,6512,486,-0.017052724957466125,0.2,7288,238.6097545,-21.555683040618895,0.2234375,0.006441109860315919,0.3435085713863373,300.0,0.019263742,-0.004409401584416628,0.0002,0.5395651459693909
3168256,1547,6514,486,-0.02751207910478115,0.2,7293,239.65651415999997,-21.54808759689331,0.19130859375,0.005738008581101894,0.34348347783088684,300.0,0.011751032,-0.00668389443308115,0.0002,0.5607016086578369
3170304,1548,6516,486,0.0013912022113800049,0.2,7296,239.65651415999997,-21.544392426808674,0.2138671875,0.006857395521365106,0.3434448838233948,300.0,0.022086434,-0.0061427400990699725,0.0002,0.5604143142700195
3172352,1549,6518,486,0.01280556432902813,0.2,7299,238.72426521000006,-21.538856506347656,0.22102864583333334,0.007084527014133831,0.3434339165687561,300.0,0.025268465,-0.0027798447214687863,0.0002,0.49240314960479736
3174400,1550,6520,486,-0.01572689600288868,0.2,7304,237.47411229000005,-21.538774681091308,0.17275390625,0.007831087242811919,0.34343621134757996,300.0,0.018503351,-0.010395962139591574,0.0002,0.6163122653961182
3176448,1551,6521,487,0.044440362602472305,0.2,7305,238.17437508,-21.538677215576172,0.2109375,0.006843757505218188,0.34343287348747253,300.0,0.018761652,0.011131617551048597,0.0002,0.6501510739326477
3178496,1552,6522,487,-0.01002755668014288,0.2,7310,238.44891311000003,-21.535639762878418,0.18984375,0.007754845917224884,0.34340178966522217,300.0,0.019349057,-0.008924773777835071,0.0002,0.6220771074295044
3180544,1553,6524,487,0.00746930344030261,0.2,7313,238.10184016,-21.530691719055177,0.197265625,0.006907092360779643,0.3433660566806793,300.0,0.02807898,0.0025339443702250717,0.0002,0.6677149534225464
3182592,1554,6525,487,0.0005243946798145771,0.2,7318,238.66055916000002,-21.520678901672362,0.16611328125,0.0070291822077706454,0.34330686926841736,300.0,0.019276911,-0.0119968670187518,0.0002,0.576352059841156
3184640,1555,6527,487,-0.009133821353316307,0.2,7322,238.66055916000002,-21.51461136341095,0.1881103515625,0.006403610139386728,0.3432942032814026,300.0,0.024607912,-0.007898530748207122,0.0002,0.6997026205062866
3186688,1556,6529,488,-0.014658238738775253,0.2,7327,239.05606122000006,-21.508597479926216,0.2299262152777778,0.006169541299136149,0.34324777126312256,300.0,0.028952232,-0.011312373499903414,0.0002,0.4896373748779297
3188736,1557,6532,488,-0.01973789930343628,0.2,7332,240.81425330000002,-21.502119159698488,0.19970703125,0.005814489629119635,0.34321606159210205,300.0,0.01825134,-0.011502468213438987,0.0002,0.6260126829147339
3190784,1558,6534,488,-0.019359849393367767,0.2,7337,241.12906737000006,-21.49140739440918,0.16513671875,0.006942503713071346,0.34308773279190063,300.0,0.014163127,-0.014695674134418368,0.0002,0.6690081357955933
3192832,1559,6535,488,0.0039002932608127594,0.2,7340,242.86094635999999,-21.472653822465375,0.16193181818181818,0.008563180538741026,0.34304991364479065,300.0,0.023120655,-0.00015477654100819066,0.0002,0.5926613211631775
3194880,1560,6537,488,-0.03215252608060837,0.2,7345,243.37263349,-21.47104330062866,0.20595703125,0.007817003992386162,0.34306207299232483,300.0,0.018946823,-0.0124242969090119,0.0002,0.6295100450515747
3196928,1561,6539,488,-0.01907765120267868,0.2,7350,241.9437803,-21.46920347213745,0.19404296875,0.008782873279415071,0.34300628304481506,300.0,0.017180283,-0.010449246922507881,0.0002,0.6079545021057129
3198976,1562,6540,489,-0.0008500781841576099,0.2,7352,241.9437803,-21.460384368896484,0.14518229166666666,0.008990666052947441,0.34299203753471375,300.0,0.025251761,-0.0014954818567881982,0.0002,0.6073684692382812
3201024,1563,6542,489,0.003332334104925394,0.2,7357,241.07491125,-21.459135246276855,0.20703125,0.010271203285083175,0.3430003821849823,300.0,0.023703936,-0.008674940490163863,0.0002,0.5499902367591858
3203072,1564,6544,489,-0.008464232087135315,0.2,7362,241.75950651000002,-21.46173667907715,0.18876953125,0.00717807961627841,0.3430156111717224,300.0,0.01867096,-0.01123027284629643,0.0002,0.6088119149208069
3205120,1565,6546,489,-0.007229836657643318,0.2,7367,240.94123912000003,-21.463808250427245,0.2173828125,0.01189195029437542,0.3430502414703369,300.0,0.022224862,-0.01274864855222404,0.0002,0.6095969676971436
3207168,1566,6548,489,-0.008280819281935692,0.2,7371,241.51096603000002,-21.469285011291504,0.18638392857142858,0.00953940927450146,0.34306618571281433,300.0,0.028202385,-0.010105041920074396,0.0002,0.6406076550483704
3209216,1567,6550,489,0.00770527683198452,0.2,7376,240.67208247,-21.467066478729247,0.20625,0.009552228543907405,0.34302398562431335,300.0,0.019656189,-0.008316748100332916,0.0002,0.6241426467895508
3211264,1568,6551,490,0.01741587370634079,0.2,7379,241.09216157999998,-21.457842566750266,0.16530539772727273,0.0077776276421817865,0.3429776728153229,300.0,0.028648688,0.0024078590372069316,0.0002,0.6529470682144165
3213312,1569,6553,490,-0.014308638870716095,0.2,7384,241.09216157999998,-21.451973056793214,0.19833984375,0.007759407046250999,0.342977374792099,300.0,0.015270533,-0.013074655062519014,0.0002,0.6208463907241821
3215360,1570,6556,490,-0.01423250325024128,0.2,7389,241.26643500000003,-21.451485061645506,0.18115234375,0.008972910768352448,0.34293419122695923,300.0,0.013696846,-0.009702602005563676,0.0002,0.5927352905273438
3217408,1571,6558,490,-0.02205083891749382,0.2,7394,239.858321,-21.431593322753905,0.1693359375,0.009842710942029953,0.3427661657333374,300.0,0.013574854,-0.012934984150342643,0.0002,0.6369545459747314
3219456,1572,6560,490,-0.027745649218559265,0.2,7399,239.78910122000002,-21.406029891967773,0.18798828125,0.006498114857822657,0.3427039682865143,300.0,0.011225404,-0.008511996152810753,0.0002,0.5281310081481934
3221504,1573,6561,490,0.02737785130739212,0.2,7402,239.73983807999997,-21.404026898470793,0.248046875,0.005532096055420962,0.34271901845932007,300.0,0.03381784,0.0027282257479700174,0.0002,0.6244131326675415
3223552,1574,6563,491,-0.015887675806879997,0.2,7407,238.53540265000004,-21.407097816467285,0.1904296875,0.008655305206775665,0.342731237411499,300.0,0.019935958,-0.013546891836449504,0.0002,0.6717208027839661
3225600,1575,6565,491,-0.0002090255729854107,0.2,7412,238.33749760000003,-21.41497936248779,0.19521484375,0.010708254342898727,0.3428150415420532,300.0,0.016763266,-0.009824458486400544,0.0002,0.6269330382347107
3227648,1576,6566,491,-0.005829965230077505,0.2,7417,238.33749760000003,-21.42876567840576,0.23505859375,0.010185743495821954,0.3428618609905243,300.0,0.02281548,-0.0050294793676584956,0.0002,0.5526968240737915
3229696,1577,6569,491,-0.012786798179149628,0.2,7422,237.91368479000005,-21.43706407546997,0.15517578125,0.005965394852682948,0.34293776750564575,300.0,0.01841164,-0.009124986873939634,0.0002,0.49955159425735474
3231744,1578,6571,491,-0.0191167164593935,0.2,7427,238.5847283,-21.44800262451172,0.18017578125,0.006882658414542675,0.3429397940635681,300.0,0.021229777,-0.00984831009991467,0.0002,0.6533876657485962
3233792,1579,6572,491,-0.01463398989289999,0.2,7432,238.38239676,-21.443390560150146,0.20390625,0.008056134101934731,0.3429112732410431,300.0,0.017994396,-0.009780528035480528,0.0002,0.6316555738449097
3235840,1580,6574,492,-0.019326554611325264,0.2,7437,239.10522083000004,-21.437399291992186,0.18828125,0.007083185645751655,0.34286177158355713,300.0,0.01759635,-0.008673753822222352,0.0002,0.6081386208534241
3237888,1581,6576,492,-0.013212459161877632,0.2,7442,238.25433507000002,-21.42984275817871,0.19111328125,0.008081139670684934,0.3428494930267334,300.0,0.022471994,-0.007991548907011748,0.0002,0.6804598569869995
3239936,1582,6578,492,-0.009838791564106941,0.2,7447,238.25433507000002,-21.430066108703613,0.20205078125,0.011162117961794138,0.3428420424461365,300.0,0.024643105,-0.011352608120068908,0.0002,0.7360398173332214
3241984,1583,6579,492,0.00719558447599411,0.2,7450,238.47837132,-21.426800987937234,0.20703125,0.00824126165190881,0.34281718730926514,300.0,0.026886025,0.0006989996710961515,0.0002,0.4627666473388672
3244032,1584,6581,492,-0.020941603928804398,0.2,7455,238.30844021000004,-21.41574945449829,0.16748046875,0.008757419046014547,0.3427114486694336,300.0,0.016456071,-0.012692304234951735,0.0002,0.4668741822242737
3246080,1585,6583,493,-0.024694031104445457,0.2,7460,240.33671657000002,-21.403014087677,0.1970703125,0.007530756434425712,0.3427262604236603,300.0,0.014041333,-0.010695835272781552,0.0002,0.5997287034988403
3248128,1586,6585,493,-0.021778900176286697,0.2,7465,240.91542702000004,-21.413853931427003,0.18388671875,0.0066767021548002955,0.3427927792072296,300.0,0.017754346,-0.013147599436342717,0.0002,0.5545883178710938
3250176,1587,6587,493,-0.025622161105275154,0.2,7470,241.20150661,-21.41997585296631,0.186328125,0.007504136022180319,0.3427966237068176,300.0,0.015425464,-0.012806514068506658,0.0002,0.595980703830719
3252224,1588,6589,493,-0.014255871064960957,0.2,7475,241.65373189000005,-21.419276332855226,0.17783203125,0.00710232809651643,0.3427773714065552,300.0,0.015978338,-0.011507712118327618,0.0002,0.6705436706542969
3254272,1589,6591,493,-0.014346012845635414,0.2,7480,241.65373189000005,-21.411655807495116,0.22294921875,0.008972524991258978,0.34274303913116455,300.0,0.022572862,-0.011998276831582189,0.0002,0.6203426122665405
3256320,1590,6593,493,-0.0028513921424746513,0.2,7485,243.17391070999997,-21.402290439605714,0.15322265625,0.007242074166424572,0.3426533341407776,300.0,0.018771041,-0.005528343236073851,0.0002,0.5760020017623901
3258368,1591,6595,494,-0.002211012877523899,0.2,7490,242.83352979000003,-21.39169626235962,0.23408203125,0.010531542683020234,0.3426543176174164,300.0,0.016164206,-0.006003424618393182,0.0002,0.6215189695358276
3260416,1592,6597,494,-0.013319812715053558,0.2,7495,244.08216133999997,-21.3950288772583,0.18505859375,0.007297062128782272,0.3426683843135834,300.0,0.020984463,-0.007304320577532053,0.0002,0.6938409805297852
3262464,1593,6599,494,0.0026873438619077206,0.2,7500,243.48170813000004,-21.393474366929794,0.2533637152777778,0.006830408134394222,0.3426395058631897,300.0,0.02587466,-0.004927219486691886,0.0002,0.6384091377258301
3264512,1594,6600,494,0.0078062149696052074,0.2,7503,243.89481397,-21.389637166803535,0.1944247159090909,0.0075892552902752704,0.34262901544570923,300.0,0.023969667,-0.0008118373172527009,0.0002,0.6408911943435669
3266560,1595,6602,494,-0.030218563973903656,0.2,7508,243.23173852000002,-21.397653770446777,0.187109375,0.00774705596268177,0.3427550196647644,300.0,0.017948609,-0.012633636151440442,0.0002,0.6904647350311279
3268608,1596,6604,494,-0.018793417140841484,0.2,7513,243.23173852000002,-21.418114566802977,0.215625,0.006953386659733951,0.3428308367729187,300.0,0.016303413,-0.009037321712821723,0.0002,0.6430461406707764
3270656,1597,6606,495,-0.015293912962079048,0.2,7518,244.9988784,-21.421944332122802,0.18623046875,0.007903342414647341,0.34280383586883545,300.0,0.019306809,-0.01238806063774973,0.0002,0.4939655065536499
3272704,1598,6608,495,-0.015857644379138947,0.2,7523,244.29782368999997,-21.420481777191164,0.183203125,0.013081237161532044,0.34284263849258423,300.0,0.016857844,-0.015571540081873536,0.0002,0.598935604095459
3274752,1599,6610,495,-0.016614800319075584,0.2,7528,245.76306125000002,-21.42549076080322,0.18408203125,0.008935251599177718,0.3428732454776764,300.0,0.011638047,-0.008253843849524855,0.0002,0.6124706864356995
3276800,1600,6612,495,-0.020148320123553276,0.2,7533,244.78052203999997,-21.431428050994874,0.21103515625,0.006423391774296761,0.3429092764854431,300.0,0.016165564,-0.009838003828190268,0.0002,0.5144933462142944
3278848,1601,6614,495,-0.005991080775856972,0.2,7538,244.29635439,-21.432800674438475,0.21123046875,0.006933124805800617,0.34287315607070923,300.0,0.022617117,-0.010481945611536503,0.0002,0.5267900228500366
3280896,1602,6615,495,-0.020582668483257294,0.2,7543,244.09158636,-21.429034328460695,0.18759765625,0.00797682253178209,0.342903733253479,300.0,0.02067741,-0.011982796131633222,0.0002,0.6446389555931091
3282944,1603,6616,496,-0.01216891873627901,0.2,7545,244.09158636,-21.433674812316895,0.1865234375,0.006974575963492195,0.34290608763694763,300.0,0.026553916,0.000299914429585139,0.0002,0.6320407390594482
3284992,1604,6618,496,-0.009556498378515244,0.2,7550,245.15734755000003,-21.430521869659422,0.2353515625,0.00392376403324306,0.3428683578968048,300.0,0.022039987,-0.005205376003868878,0.0002,0.369404673576355
3287040,1605,6620,496,-0.027739478275179863,0.2,7555,246.4760991,-21.418908405303956,0.16552734375,0.005867954553104937,0.34277859330177307,300.0,0.0174316,-0.008580201375298201,0.0002,0.6449100971221924
3289088,1606,6622,496,-0.021331001073122025,0.2,7560,247.72303690000004,-21.411215209960936,0.1962890625,0.006993195926770568,0.34281599521636963,300.0,0.014669327,-0.006902385386638343,0.0002,0.6015081405639648
3291136,1607,6624,496,-0.025561057031154633,0.2,7565,245.73335063,-21.423379039764406,0.19462890625,0.007026795321144164,0.34288445115089417,300.0,0.016667485,-0.014368542283773423,0.0002,0.5949771404266357
3293184,1608,6626,496,-0.01946425624191761,0.2,7570,245.56306815000005,-21.430059242248536,0.18447265625,0.007134565780870616,0.3428909182548523,300.0,0.01295184,-0.01264746414963156,0.0002,0.6247104406356812
3295232,1609,6628,497,-0.02830423228442669,0.2,7575,245.34915820999998,-21.428637313842774,0.2125,0.00621380431111902,0.3428545892238617,300.0,0.021110551,-0.011466836906038225,0.0002,0.6992233991622925
3297280,1610,6630,497,-0.030302079394459724,0.2,7580,245.34915820999998,-21.416229915618896,0.18759765625,0.00820634262636304,0.3427432179450989,300.0,0.014310442,-0.012731411051936448,0.0002,0.6439498066902161
3299328,1611,6632,497,-0.009468071162700653,0.2,7585,245.70356292,-21.399579811096192,0.18642578125,0.005966541916131973,0.3427188992500305,300.0,0.020426814,-0.0127942041028291,0.0002,0.5567512512207031
3301376,1612,6634,497,-0.019090641289949417,0.2,7590,245.33644615,-21.398183631896973,0.17734375,0.007928860909305512,0.3426801562309265,300.0,0.016351193,-0.012360248086042702,0.0002,0.6314313411712646
3303424,1613,6636,497,-0.022717054933309555,0.2,7595,244.43918049,-21.38857583999634,0.1583984375,0.008449588203802705,0.3426116406917572,300.0,0.01466991,-0.012765923817642032,0.0002,0.5606305003166199
3305472,1614,6638,497,-0.01987692527472973,0.2,7600,243.66366799000002,-21.378258800506593,0.19443359375,0.005735703906975686,0.3425973951816559,300.0,0.012924673,-0.0047415710054337975,0.0002,0.5723265409469604
3307520,1615,6639,498,0.006417023949325085,0.2,7603,243.00547923000005,-21.379411177201703,0.20294744318181818,0.006293918217786334,0.34259986877441406,300.0,0.024863148,4.238112490962852e-05,0.0002,0.6515215635299683
3309568,1616,6641,498,-0.022112347185611725,0.2,7608,243.00547923000005,-21.384548473358155,0.1458984375,0.00797010217793286,0.3426809012889862,300.0,0.016405594,-0.011309575755149126,0.0002,0.6568161249160767
3311616,1617,6643,498,-0.006157662719488144,0.2,7613,242.71285453000002,-21.405159568786623,0.18466796875,0.008093930571340025,0.3428058624267578,300.0,0.019170854,-0.011304056597873568,0.0002,0.6349910497665405
3313664,1618,6645,498,-0.02773895487189293,0.2,7618,241.92078092,-21.416839122772217,0.214453125,0.0080979396821931,0.342814564704895,300.0,0.013700515,-0.015679487120360137,0.0002,0.5659971237182617
3315712,1619,6647,498,-0.021408379077911377,0.2,7623,240.84409641000002,-21.41366891860962,0.23671875,0.007491012895479798,0.3427870273590088,300.0,0.017826943,-0.006456968514248729,0.0002,0.5546101331710815
3317760,1620,6649,498,-0.01759721152484417,0.2,7628,240.57363165999996,-21.406783676147462,0.1744140625,0.00658346142154187,0.3427392840385437,300.0,0.022268623,-0.015104683861136437,0.0002,0.5809972286224365
3319808,1621,6651,499,-0.025892166420817375,0.2,7633,239.32861118000005,-21.393907642364503,0.20537109375,0.007023040251806378,0.34263908863067627,300.0,0.013375064,-0.011740678269416095,0.0002,0.6078267097473145
3321856,1622,6653,499,-0.003474273718893528,0.2,7638,239.80124504000003,-21.375539779663086,0.20425575657894737,0.007444413869004501,0.34255826473236084,300.0,0.030624738,-0.008942478005529234,0.0002,0.6147031784057617
3323904,1623,6655,499,-0.03443773835897446,0.2,7643,239.80124504000003,-21.366636085510255,0.20126953125,0.007423027371987701,0.3425102233886719,300.0,0.020799374,-0.015732736280187964,0.0002,0.6185652613639832
3325952,1624,6656,499,0.02548990584909916,0.2,7648,241.48180452,-21.358190642462837,0.2055121527777778,0.007638175790715549,0.34246981143951416,300.0,0.03860116,-0.006501922332164314,0.0002,0.6560937166213989
3328000,1625,6657,499,0.016623536124825478,0.2,7649,240.69957756000002,-21.35408306121826,0.1943359375,0.011470863595604897,0.3424609303474426,300.0,0.0145409,0.00563943712040782,0.0002,0.4561886191368103
3330048,1626,6659,500,-0.01600605808198452,0.2,7654,241.75450517,-21.354393577575685,0.159765625,0.005365314870141446,0.3424791097640991,300.0,0.016715346,-0.011520708096213639,0.0002,0.5273824334144592
3332096,1627,6661,500,-0.006265511270612478,0.2,7659,241.44704485,-21.356690216064454,0.20439453125,0.005590680544264615,0.34245502948760986,300.0,0.023390166,-0.011004914832301437,0.0002,0.5789617300033569
3334144,1628,6663,500,0.015869157388806343,0.2,7662,240.68268726999997,-21.352366187355734,0.17542613636363635,0.007994467180899599,0.3424470126628876,300.0,0.023203835,-0.0010307410901243036,0.0002,0.6044741272926331
3336192,1629,6665,500,-0.015206665731966496,0.2,7667,240.51720587999998,-21.35053434371948,0.216796875,0.00869914828799665,0.34243300557136536,300.0,0.018478254,-0.011737991124391556,0.0002,0.5675671100616455
3338240,1630,6667,500,-0.025389032438397408,0.2,7672,240.51720587999998,-21.338694381713868,0.183203125,0.007792998244985938,0.3423004746437073,300.0,0.017522728,-0.016876780847087502,0.0002,0.5917788743972778
3340288,1631,6669,500,-0.026298701763153076,0.2,7677,241.99086487,-21.31227025985718,0.19501953125,0.004393335734494031,0.3421933650970459,300.0,0.019250063,-0.00987007194198668,0.0002,0.45858460664749146
3342336,1632,6671,501,-0.02385130524635315,0.2,7682,242.32390717,-21.30197811126709,0.15576171875,0.0054227960063144565,0.34219399094581604,300.0,0.0179297,-0.012352641392499208,0.0002,0.5472225546836853
3344384,1633,6672,501,0.00975570734590292,0.2,7686,242.36830586999994,-21.302274322509767,0.2234375,0.005645823789139589,0.3421884775161743,300.0,0.024989158,-0.005785136980315049,0.0002,0.5863179564476013
3346432,1634,6673,501,0.05102618783712387,0.2,7687,242.98747582,-21.302277247111004,0.24869791666666666,0.005869266421844562,0.34219294786453247,300.0,0.021016011,0.020927358729143936,0.0002,0.6136214733123779
3348480,1635,6674,501,0.019208233803510666,0.2,7690,243.33372856999998,-21.30380006269975,0.23881392045454544,0.006421431306410919,0.3422042429447174,300.0,0.020149756,0.002722929697483778,0.0002,0.6370787620544434
3350528,1636,6676,501,-0.024335071444511414,0.2,7695,242.54438359000008,-21.29804754257202,0.2052734375,0.008544947626069188,0.34211835265159607,300.0,0.020191723,-0.011481416062451899,0.0002,0.5111557245254517
3352576,1637,6677,502,0.019892381504178047,0.2,7696,242.54438359000008,-21.28782908121745,0.22005208333333334,0.008442939879993597,0.3421116769313812,300.0,0.017543713,0.009674418872843185,0.0002,0.6462992429733276
3354624,1638,6678,502,0.00017293263226747513,0.2,7700,243.85469831000006,-21.282626152038574,0.20828683035714285,0.005899800253765923,0.34206828474998474,300.0,0.029473072,-0.0018383864246840989,0.0002,0.6320584416389465
3356672,1639,6680,502,-0.021160420030355453,0.2,7705,243.67574606000005,-21.273203754425047,0.21728515625,0.007097509317100048,0.34201759099960327,300.0,0.015540659,-0.010263114585541189,0.0002,0.5013515949249268
3358720,1640,6681,502,0.01256505772471428,0.2,7707,242.83775728,-21.265101296561106,0.18777901785714285,0.006865411863795349,0.3419961631298065,300.0,0.02616466,0.002379136692200388,0.0002,0.6620692014694214
3360768,1641,6682,502,0.03320208191871643,0.2,7709,242.55507412,-21.26060461997986,0.1416015625,0.008345445268787444,0.34197789430618286,300.0,0.02092256,0.004166400176472962,0.0002,0.6567209959030151
3362816,1642,6684,503,-0.010605692863464355,0.2,7714,243.46776453,-21.257994365692138,0.175390625,0.00950655173510313,0.3419741094112396,300.0,0.017035441,-0.011552611319348215,0.0002,0.6398827433586121
3364864,1643,6686,503,-0.013245231471955776,0.2,7719,242.81982138000004,-21.256194591522217,0.2177734375,0.00640039537101984,0.3419232666492462,300.0,0.02062527,-0.010178767703473568,0.0002,0.621784508228302
3366912,1644,6687,503,-0.01240308117121458,0.2,7724,242.81982138000004,-21.250501823425292,0.20380859375,0.010852460004389285,0.3419262766838074,300.0,0.019728933,-0.01153363164048642,0.0002,0.6529219150543213
3368960,1645,6689,503,-0.020280472934246063,0.2,7729,243.24126492000002,-21.251074600219727,0.176171875,0.005165370600298047,0.34188708662986755,300.0,0.017706903,-0.01125120255164802,0.0002,0.5966979265213013
3371008,1646,6691,503,-0.007133662700653076,0.2,7732,242.68962707,-21.242196169766512,0.20276988636363635,0.008253609084270218,0.3418620824813843,300.0,0.025972113,0.00041265239600430834,0.0002,0.6209890246391296
3373056,1647,6692,504,-4.971493035554886e-05,0.2,7735,244.24896447999998,-21.23997344970703,0.187109375,0.006433462398126722,0.3418644666671753,300.0,0.026972,-0.0021570952143520118,0.0002,0.6943081021308899
3375104,1648,6694,504,-0.010044055990874767,0.2,7740,243.44876488999998,-21.24305820465088,0.2021484375,0.007643014565110207,0.34186965227127075,300.0,0.01795374,-0.01400364525616169,0.0002,0.7119396924972534
3377152,1649,6696,504,-0.009540295228362083,0.2,7745,242.14733097999996,-21.239354515075682,0.19453125,0.01004093922674656,0.3418204188346863,300.0,0.02566202,-0.009771017334423959,0.0002,0.7375372052192688
3379200,1650,6696,504,0.046206533908843994,0.2,7746,243.59405337999993,-21.234729131062824,0.302734375,0.013444721698760986,0.34181416034698486,300.0,0.029383726,0.018407483585178852,0.0002,0.5705795884132385
3381248,1651,6698,504,-0.009267604909837246,0.2,7751,243.59405337999993,-21.233926200866698,0.20263671875,0.012431304575875402,0.3418208062648773,300.0,0.018129764,-0.009575068973936141,0.0002,0.624860405921936
3383296,1652,6700,504,-0.015564343892037868,0.2,7756,242.07920808999998,-21.24154109954834,0.22470703125,0.009803751949220896,0.3418860137462616,300.0,0.017523713,-0.014669692353345453,0.0002,0.5932357311248779
3385344,1653,6702,505,-0.02139141969382763,0.2,7761,240.55334071000001,-21.252501678466796,0.15107421875,0.01019297782331705,0.3419492244720459,300.0,0.0156180505,-0.01198705960996449,0.0002,0.5477719306945801
3387392,1654,6704,505,-0.015565954148769379,0.2,7766,240.44295007000005,-21.25743684768677,0.20654296875,0.00808805541601032,0.3419039249420166,300.0,0.017955573,-0.011210101842880248,0.0002,0.5367449522018433
3389440,1655,6706,505,-0.02057674527168274,0.2,7771,242.39606748999998,-21.241839694976807,0.178125,0.007100446475669741,0.34180691838264465,300.0,0.01596191,-0.013926388463005424,0.0002,0.6442151069641113
3391488,1656,6708,505,-0.019558386877179146,0.2,7776,241.98382006,-21.235985565185548,0.175390625,0.005839089560322463,0.34188997745513916,300.0,0.017231828,-0.008831121539697052,0.0002,0.5697264075279236
3393536,1657,6709,505,-0.003180732950568199,0.2,7780,241.98382006,-21.25149002075195,0.201171875,0.007083600759506226,0.3419204652309418,300.0,0.027215967,-0.005041889287531376,0.0002,0.5151442885398865
3395584,1658,6710,505,0.0059651583433151245,0.2,7784,241.11460419,-21.24777090549469,0.1943359375,0.012134248681832105,0.3418642580509186,300.0,0.023611806,-0.0045739609049633145,0.0002,0.6044673919677734
3397632,1659,6712,506,-0.020395047962665558,0.2,7789,240.21345157,-21.23944149017334,0.2234375,0.008271965524181723,0.3418320119380951,300.0,0.023150869,-0.009202366229146719,0.0002,0.48809659481048584
3399680,1660,6714,506,-0.010640360414981842,0.2,7794,241.38056911000004,-21.233436902364094,0.1843532986111111,0.007923381428958641,0.3417936861515045,300.0,0.030247744,-0.009705196703887649,0.0002,0.5718300342559814
3401728,1661,6716,506,-0.025473948568105698,0.2,7799,241.37952284,-21.22691822052002,0.159375,0.004937771172262728,0.3417463004589081,300.0,0.0128008835,-0.010000067297369242,0.0002,0.5542275309562683
3403776,1662,6717,506,-0.002197139896452427,0.2,7803,240.10818704999997,-21.21426493326823,0.22044270833333332,0.006047758273780346,0.3416670262813568,300.0,0.024343813,-0.004787459224462509,0.0002,0.5640059113502502
3405824,1663,6719,506,0.005537095945328474,0.2,7808,241.6661044,-21.20264378715964,0.17911305147058823,0.0061296699568629265,0.34163036942481995,300.0,0.03304006,-0.0072374480557354055,0.0002,0.6260166168212891
3407872,1664,6720,507,0.0020317293237894773,0.2,7811,241.6661044,-21.200511932373047,0.20845170454545456,0.006716045720333403,0.3416270613670349,300.0,0.022932293,-0.0011492320759729905,0.0002,0.6504981517791748
3409920,1665,6722,507,-0.025662485510110855,0.2,7816,241.63543255999994,-21.200326442718506,0.1791015625,0.00866668380331248,0.3416299819946289,300.0,0.013813024,-0.010896768956445157,0.0002,0.6537004113197327
3411968,1666,6724,507,-0.020595844835042953,0.2,7821,242.57350983,-21.19970464706421,0.201171875,0.006889143725857139,0.3416252136230469,300.0,0.020986829,-0.014444283070042729,0.0002,0.48926079273223877
3414016,1667,6726,507,-0.004728090949356556,0.2,7826,244.34283777000005,-21.204263973236085,0.2162109375,0.006810241681523621,0.3416922092437744,300.0,0.019672506,-0.0066665785037912425,0.0002,0.6088552474975586
3416064,1668,6727,507,0.056265927851200104,0.2,7827,245.06063375000002,-21.2117977142334,0.263671875,0.005317888222634792,0.3417002856731415,300.0,0.024471914,0.019309739271799724,0.0002,0.6064789891242981
3418112,1669,6729,507,-0.02932787872850895,0.2,7832,243.17426243000003,-21.218553733825683,0.189453125,0.005745578208006918,0.3417692482471466,300.0,0.017310325,-0.013721667323261499,0.0002,0.5830276012420654
3420160,1670,6730,508,-0.006246923469007015,0.2,7837,242.82324067,-21.227680587768553,0.16162109375,0.008366030897013843,0.34179064631462097,300.0,0.015221558,-0.004443131829611957,0.0002,0.6414593458175659
3422208,1671,6732,508,-0.0022170809097588062,0.2,7841,242.82324067,-21.223992538452148,0.18841145833333334,0.007095206808298826,0.34173139929771423,300.0,0.02908779,-0.009420636544624965,0.0002,0.6915452480316162
3424256,1672,6734,508,-0.022340403869748116,0.2,7846,243.59669129000002,-21.209622383117676,0.220703125,0.005192164704203606,0.34164807200431824,300.0,0.02569905,-0.009664058801718056,0.0002,0.596371054649353
3426304,1673,6736,508,-0.0201214961707592,0.2,7851,244.90541502999997,-21.19751682281494,0.23544921875,0.0072635357500985265,0.34162265062332153,300.0,0.017971713,-0.014610093273222446,0.0002,0.614410400390625
3428352,1674,6737,508,0.020940039306879044,0.2,7853,245.01424244999998,-21.197925567626953,0.18247767857142858,0.010286960883864335,0.34163138270378113,300.0,0.020836592,0.00953010902074831,0.0002,0.5968586206436157
3430400,1675,6738,509,0.011234313249588013,0.2,7857,243.7869369,-21.19774259839739,0.18219866071428573,0.009091907779553108,0.34162116050720215,300.0,0.027165912,-0.0013712636926876648,0.0002,0.5860142111778259
3432448,1676,6739,509,0.026426784694194794,0.2,7858,243.62382053999997,-21.197181224822998,0.17724609375,0.007057325332425535,0.3416241407394409,300.0,0.014943475,0.008283872855827212,0.0002,0.6447001695632935
3434496,1677,6741,509,-0.019160231575369835,0.2,7863,242.67913333,-21.19740219116211,0.23583984375,0.007014362886548042,0.3416155278682709,300.0,0.021298617,-0.00934170859400183,0.0002,0.5563557147979736
3436544,1678,6743,509,0.0029514888301491737,0.2,7867,242.67913333,-21.195598220825197,0.23125,0.008679871261119843,0.34162089228630066,300.0,0.027967883,-0.0014187539927661419,0.0002,0.5063756704330444
3438592,1679,6745,509,-0.03151501342654228,0.2,7872,243.01683595999998,-21.199149703979494,0.180859375,0.007455495675094426,0.34165096282958984,300.0,0.014419656,-0.013808294059708714,0.0002,0.5286784172058105
3440640,1680,6746,509,-0.004832540173083544,0.2,7877,242.17438437000004,-21.20403501722548,0.20496961805555555,0.0072996529698785804,0.34166219830513,300.0,0.029984375,-0.008325343589401908,0.0002,0.6071150302886963
3442688,1681,6748,510,-0.024885963648557663,0.2,7882,242.43034512999998,-21.201328468322753,0.19755859375,0.007434310344979167,0.34161192178726196,300.0,0.012844748,-0.010717777069658041,0.0002,0.6439220905303955
3444736,1682,6749,510,0.008336532860994339,0.2,7886,241.80711164000004,-21.194780894688197,0.20159040178571427,0.006123321463486978,0.34161409735679626,300.0,0.037134044,-0.0016820396163633891,0.0002,0.6018266677856445
3446784,1683,6751,510,-0.012753123417496681,0.2,7891,241.10267672,-21.193935012817384,0.1853515625,0.007150674774311483,0.3415937125682831,300.0,0.020825969,-0.014955850155092775,0.0002,0.6007037162780762
3448832,1684,6753,510,-0.038400229066610336,0.2,7896,242.85733376,-21.191032886505127,0.2076171875,0.006833080179058015,0.3415842354297638,300.0,0.020121632,-0.01259986087679863,0.0002,0.6064518690109253
3450880,1685,6754,510,0.007048218045383692,0.2,7901,242.85733376,-21.178820419311524,0.1787109375,0.008003167202696204,0.341441810131073,300.0,0.0175105,-0.00856859835330397,0.0002,0.49022358655929565
3452928,1686,6756,511,-0.01014610007405281,0.2,7906,242.18289813000004,-21.15368709564209,0.19375,0.009000474866479636,0.3413481116294861,300.0,0.019154549,-0.00925150471739471,0.0002,0.5529838800430298
3454976,1687,6758,511,-0.01816270500421524,0.2,7911,241.95417174000002,-21.139351177215577,0.19609375,0.008520482387393714,0.34126904606819153,300.0,0.01803831,-0.0141287803882733,0.0002,0.6353108882904053
3457024,1688,6760,511,-0.0035884410608559847,0.2,7916,241.92851227,-21.124656772613527,0.2220703125,0.007728542992845177,0.3412021994590759,300.0,0.021831848,-0.004466737643815577,0.0002,0.6026910543441772
3459072,1689,6761,511,-0.019739516079425812,0.2,7921,241.13376793999993,-21.11576623916626,0.217578125,0.008154358365572989,0.34117016196250916,300.0,0.015062505,-0.010883083962835372,0.0002,0.638739824295044
3461120,1690,6763,511,-0.021179724484682083,0.2,7926,240.84684117,-21.112889671325682,0.20625,0.010975912306457758,0.3411821126937866,300.0,0.024125783,-0.0110968824243173,0.0002,0.5960522890090942
3463168,1691,6765,511,-0.008304554037749767,0.2,7931,240.84684117,-21.117296600341795,0.18857421875,0.007613854459486901,0.34122511744499207,300.0,0.02074756,-0.008915867353789509,0.0002,0.6248515844345093
3465216,1692,6767,512,-0.019417330622673035,0.2,7936,242.43115275,-21.120461012187757,0.17691200657894737,0.007505004637335476,0.3412133455276489,300.0,0.026437446,-0.011054300286464001,0.0002,0.5218183398246765
3467264,1693,6768,512,-0.01877719908952713,0.2,7941,242.53882545000005,-21.117975616455077,0.1953125,0.007368168840184808,0.34121888875961304,300.0,0.018881472,-0.011784589337185025,0.0002,0.6297119855880737
3469312,1694,6770,512,0.0016340939328074455,0.2,7945,241.48479048,-21.116909980773926,0.24469866071428573,0.00781988216164921,0.34119266271591187,300.0,0.030709311,-0.003834465252501624,0.0002,0.6325974464416504
3471360,1695,6771,512,-0.024436917155981064,0.2,7950,241.48948903999997,-21.11361608505249,0.2236328125,0.010997453518211842,0.3412007987499237,300.0,0.014568525,-0.011427227198146284,0.0002,0.6379091739654541
3473408,1696,6773,512,0.006703659892082214,0.2,7955,240.54182055,-21.113065607407513,0.1860064338235294,0.008863864384372444,0.34115174412727356,300.0,0.04670404,-0.006402545170310666,0.0002,0.6819615364074707
3475456,1697,6773,513,0.00847027450799942,0.2,7957,240.18516769,-21.105998611450197,0.18125,0.006957466155290604,0.34113630652427673,300.0,0.03656385,0.005067451857030392,0.0002,0.6263364553451538
3477504,1698,6775,513,-0.015951676294207573,0.2,7962,240.18516769,-21.089910411834715,0.21767578125,0.008007008652202784,0.3409618139266968,300.0,0.023344306,-0.010009699733927846,0.0002,0.5704836249351501
3479552,1699,6777,513,-0.01587812229990959,0.2,7967,240.32384195999995,-21.060757541656493,0.17216796875,0.015424976358190179,0.3408335745334625,300.0,0.020949941,-0.013509850739501417,0.0002,0.6393169164657593
3481600,1700,6779,513,0.0004745032638311386,0.2,7972,239.61348479,-21.04689311981201,0.175,0.009786380524747073,0.340818852186203,300.0,0.02220674,-0.011534510797355324,0.0002,0.6138333678245544
3483648,1701,6781,513,-0.017073756083846092,0.2,7977,240.80758042000002,-21.047808265686037,0.158984375,0.008240272547118366,0.3408171832561493,300.0,0.016010482,-0.010508997645229102,0.0002,0.6041655540466309
3485696,1702,6782,513,-0.02932843752205372,0.2,7982,240.54914792,-21.042456436157227,0.2220703125,0.007512556458823383,0.34078189730644226,300.0,0.020068862,-0.011574647144880146,0.0002,0.5797913074493408
3487744,1703,6784,514,-0.0015767477452754974,0.2,7987,240.03305569999998,-21.040087890625,0.1875,0.007690010778605938,0.3407904803752899,300.0,0.017940383,-0.012261855258839206,0.0002,0.6334325075149536
3489792,1704,6786,514,-0.002794674364849925,0.2,7992,241.15471361,-21.046823596954347,0.17841796875,0.007197239017114043,0.3408803641796112,300.0,0.015212989,-0.011193265253677965,0.0002,0.5742621421813965
3491840,1705,6787,514,0.0025681923143565655,0.2,7997,241.15471361,-21.059130032857258,0.2126736111111111,0.006078269487867753,0.3408941328525543,300.0,0.02332728,-0.005112609049926202,0.0002,0.4896174669265747
3493888,1706,6789,514,-0.029486140236258507,0.2,8002,241.62285765999997,-21.05448408126831,0.16845703125,0.005255864071659744,0.3408348858356476,300.0,0.018268406,-0.011921161331702023,0.0002,0.543499231338501
3495936,1707,6791,514,-0.031926997005939484,0.2,8007,241.68197088,-21.048163604736327,0.16943359375,0.007123461179435253,0.34080955386161804,300.0,0.01429636,-0.013283325359225273,0.0002,0.5078527331352234
3497984,1708,6792,514,-0.0016465932130813599,0.2,8010,240.65746377000002,-21.050092856089275,0.18798828125,0.009787941351532936,0.3408389687538147,300.0,0.020054735,-0.0020602996616313853,0.0002,0.5808103084564209
3500032,1709,6794,515,-0.024722358211874962,0.2,8015,240.92266376999999,-21.05504446029663,0.22509765625,0.007235827692784369,0.3408506512641907,300.0,0.01860303,-0.010535844380501657,0.0002,0.5924819707870483
3502080,1710,6795,515,-0.01706654578447342,0.2,8020,241.83924759000004,-21.04618968963623,0.19140625,0.007091632834635675,0.3407555818557739,300.0,0.018599078,-0.01255219632294029,0.0002,0.5114055275917053
3504128,1711,6797,515,-0.01823599450290203,0.2,8025,242.98489991000005,-21.02800807952881,0.18740234375,0.005196144548244774,0.3406608998775482,300.0,0.015057473,-0.006304309074766934,0.0002,0.600664496421814
3506176,1712,6799,515,-0.017549384385347366,0.2,8030,242.98489991000005,-21.00904130935669,0.19580078125,0.006389496847987175,0.3405454158782959,300.0,0.016042395,-0.010806598095223307,0.0002,0.6268936395645142
3508224,1713,6801,515,-0.016430778428912163,0.2,8035,241.82814474,-20.992443561553955,0.17451171875,0.011024519894272089,0.3404974639415741,300.0,0.019550536,-0.009523645229637622,0.0002,0.5815637111663818
3510272,1714,6803,515,-0.013125717639923096,0.2,8040,241.26478272,-20.99272232055664,0.20703125,0.008168764389120042,0.3405383825302124,300.0,0.02139328,-0.008257136610336602,0.0002,0.560016393661499
3512320,1715,6804,516,-0.006002369336783886,0.2,8045,241.98015192,-20.9982892036438,0.15673828125,0.006776964711025357,0.3405466675758362,300.0,0.016723115,-0.012356066377833486,0.0002,0.6594154238700867
3514368,1716,6806,516,-0.02018708735704422,0.2,8049,242.74797165,-20.99959042867025,0.19622395833333334,0.00843317834660411,0.34056583046913147,300.0,0.026681593,-0.007185695320367813,0.0002,0.6675976514816284
3516416,1717,6807,516,-0.00705042714253068,0.2,8053,243.84136955000002,-21.001119017601013,0.2222900390625,0.00866199639858678,0.3405834436416626,300.0,0.023863804,-0.008000940433703363,0.0002,0.6328355669975281
3518464,1718,6809,516,-0.025624951347708702,0.2,8058,243.70370225,-21.008708953857422,0.169140625,0.005470769177190959,0.34065911173820496,300.0,0.013341655,-0.01187371255364269,0.0002,0.47342073917388916
3520512,1719,6810,516,-0.004184986464679241,0.2,8063,243.70370225,-21.016600608825684,0.21592881944444445,0.007694357928509514,0.3406603932380676,300.0,0.031710707,-0.006822917869107591,0.0002,0.5039743185043335
3522560,1720,6811,517,0.03233230486512184,0.2,8064,243.28326966000003,-21.015057881673176,0.21419270833333334,0.010442749907573065,0.34065720438957214,300.0,0.015673809,0.008064774175484976,0.0002,0.6491543650627136
3524608,1721,6812,517,-0.0012661367654800415,0.2,8069,243.22197955,-21.011930889553494,0.22819010416666666,0.007115200239544113,0.3406192362308502,300.0,0.029018389,-0.0009429880366143254,0.0002,0.6451570391654968
3526656,1722,6813,517,0.03379848599433899,0.2,8071,244.06342675000005,-21.0070858001709,0.18722098214285715,0.010057021198528153,0.34060120582580566,300.0,0.019373273,0.006334300352526563,0.0002,0.5677695274353027
3528704,1723,6814,517,0.023093925788998604,0.2,8074,244.22698277999996,-21.00462358648127,0.19868607954545456,0.008382715200158682,0.3405853509902954,300.0,0.020997219,0.005101351998746395,0.0002,0.5642021894454956
3530752,1724,6816,517,-0.013044570572674274,0.2,8079,243.24729795,-20.994450759887695,0.155859375,0.009820007905364036,0.34047436714172363,300.0,0.01578464,-0.013015378173440695,0.0002,0.5557202100753784
3532800,1725,6818,518,-0.014557741582393646,0.2,8084,243.71039734,-20.97730360031128,0.18173828125,0.007445634505711496,0.3404247760772705,300.0,0.02262799,-0.012007205584086477,0.0002,0.4479822516441345
3534848,1726,6820,518,-0.008690156042575836,0.2,8089,243.71039734,-20.9758864402771,0.17666015625,0.007620343402959406,0.34046831727027893,300.0,0.019908577,-0.007350276689976454,0.0002,0.5834221839904785
3536896,1727,6821,518,-0.00760912150144577,0.2,8093,243.21070673999995,-20.98614839407114,0.17938701923076922,0.012415419475963483,0.3405226469039917,300.0,0.032256402,-0.005660508401118792,0.0002,0.591552197933197
3538944,1728,6823,518,-0.019792748615145683,0.2,8098,243.48598957000002,-20.992120456695556,0.194921875,0.011140773724764585,0.3404998779296875,300.0,0.016436426,-0.013906058482825756,0.0002,0.6714774370193481
3540992,1729,6824,518,-0.00827275961637497,0.2,8103,244.35639327999996,-20.984691047668456,0.198828125,0.008286773995496332,0.3404730260372162,300.0,0.016915154,-0.009474210534244775,0.0002,0.6105622053146362
3543040,1730,6826,518,-0.026667196303606033,0.2,8108,242.94764740999995,-20.98141279220581,0.1892578125,0.009656138904392719,0.3404633104801178,300.0,0.017107986,-0.013372150715440512,0.0002,0.5712603330612183
3545088,1731,6828,519,-0.018824458122253418,0.2,8113,242.46328089,-20.981440544128418,0.24384765625,0.008214337099343539,0.3404579162597656,300.0,0.022018224,-0.006824067467823625,0.0002,0.5959938764572144
3547136,1732,6830,519,-0.00888231210410595,0.2,8118,242.46328089,-20.979934215545654,0.24345703125,0.007092518755234778,0.3404715061187744,300.0,0.022868149,-0.010244520287960768,0.0002,0.5947348475456238
3549184,1733,6832,519,-0.025897569954395294,0.2,8123,242.92066869,-20.98023681640625,0.210546875,0.007779550412669778,0.34045863151550293,300.0,0.020054229,-0.008159846975468099,0.0002,0.6109907031059265
3551232,1734,6834,519,-0.014937962405383587,0.2,8128,242.8895572,-20.977120018005373,0.20263671875,0.007060518185608089,0.3404434621334076,300.0,0.016995851,-0.007412626571021974,0.0002,0.6470510363578796
3553280,1735,6835,519,-0.011150019243359566,0.2,8133,243.28637404,-20.97498846054077,0.1396484375,0.0066588834626600145,0.34044012427330017,300.0,0.014663429,-0.009717139368876814,0.0002,0.6470341682434082
3555328,1736,6837,519,-0.018162403255701065,0.2,8138,242.05962144,-20.9765380859375,0.1701171875,0.00941062793135643,0.3404790163040161,300.0,0.020174531,-0.009344223421067,0.0002,0.6868677139282227
3557376,1737,6839,520,-0.01530772540718317,0.2,8143,241.97731871000005,-20.979712963104248,0.1541015625,0.008694333373568952,0.34044545888900757,300.0,0.014938563,-0.010492903413251042,0.0002,0.6679704785346985
3559424,1738,6841,520,0.004804374650120735,0.2,8148,241.99025030999996,-20.975949119119083,0.18474264705882354,0.00658179447054863,0.340481698513031,300.0,0.037193775,-0.009937812190722017,0.0002,0.72687828540802
3561472,1739,6841,520,0.0320601612329483,0.2,8149,241.99025030999996,-20.98162778218587,0.21158854166666666,0.009647235895196596,0.34048885107040405,300.0,0.01565357,0.015378470222155253,0.0002,0.5776371955871582
3563520,1740,6843,520,-0.023891206830739975,0.2,8154,241.93003343999996,-20.98887929916382,0.1822265625,0.007725111721083522,0.340569406747818,300.0,0.013546407,-0.010342912562191487,0.0002,0.46304696798324585
3565568,1741,6845,520,-0.019752925261855125,0.2,8159,242.74879521,-21.007410621643068,0.19375,0.008233741181902588,0.34067147970199585,300.0,0.019672748,-0.009859897987917065,0.0002,0.610927939414978
3567616,1742,6846,521,-0.009061428718268871,0.2,8164,242.47213311000004,-21.01501226425171,0.2060546875,0.008214116492308677,0.34062960743904114,300.0,0.020478169,-0.010358691192232072,0.0002,0.5644306540489197
3569664,1743,6848,521,0.014419772662222385,0.2,8167,243.14376201,-21.00490414012562,0.20170454545454544,0.008530652065846052,0.34060317277908325,300.0,0.023330936,-0.00034871549260887235,0.0002,0.541994571685791
3571712,1744,6849,521,-0.0033191321417689323,0.2,8170,242.06767875000003,-21.00290801308372,0.208984375,0.008790698791430756,0.34061333537101746,300.0,0.024691418,-0.004959310997616161,0.0002,0.6163007020950317
3573760,1745,6850,521,-0.019788827747106552,0.2,8175,241.85807994999996,-21.005702781677247,0.20009765625,0.007545697176828981,0.34063518047332764,300.0,0.018910147,-0.008770423335954547,0.0002,0.5884014964103699
3575808,1746,6852,521,-0.01829240657389164,0.2,8179,241.85807994999996,-21.009742228190103,0.21705729166666668,0.005868727527558804,0.3406720459461212,300.0,0.0281676,-0.00723817969361941,0.0002,0.587792158126831
3577856,1747,6853,522,-0.02058628387749195,0.2,8184,240.90493750000002,-21.014031834072536,0.23057725694444445,0.007907357765361667,0.3406694531440735,300.0,0.032004096,-0.01064594238737805,0.0002,0.5940132737159729
3579904,1748,6855,522,-0.017703179270029068,0.2,8189,240.31232346000004,-21.015456480138443,0.18255974264705882,0.00809670373906984,0.34069666266441345,300.0,0.03518392,-0.009723309454891612,0.0002,0.6559696197509766
3581952,1749,6856,522,0.009189728647470474,0.2,8194,240.80500843000002,-21.023217307196724,0.22233072916666666,0.006003675930615928,0.3407486379146576,300.0,0.023425594,-0.0031019600056525734,0.0002,0.5278555750846863
3584000,1750,6858,522,-0.0027787983417510986,0.2,8199,242.43453067,-21.03461809158325,0.18994140625,0.00678880971390754,0.34080708026885986,300.0,0.016467262,-0.011824394343420863,0.0002,0.5813936591148376
3586048,1751,6860,522,-0.004356991965323687,0.2,8204,242.95717339999996,-21.036898708343507,0.2072265625,0.00830196647439152,0.34076544642448425,300.0,0.016001076,-0.010805186815559864,0.0002,0.5657477378845215
3588096,1752,6861,522,-0.01698513887822628,0.2,8208,243.20933527,-21.030574440956116,0.2225341796875,0.007107471901690587,0.3407546579837799,300.0,0.027610078,-0.007295326533494517,0.0002,0.5636638402938843
3590144,1753,6863,523,-0.021636374294757843,0.2,8213,243.20933527,-21.027434730529784,0.213671875,0.005142658832482994,0.340715229511261,300.0,0.017295137,-0.010678384685888886,0.0002,0.5680625438690186
3592192,1754,6865,523,-0.010282397270202637,0.2,8218,244.15083954,-21.018228816986085,0.2185546875,0.006565049756318331,0.3406528830528259,300.0,0.01859611,-0.009357105405069888,0.0002,0.5311541557312012
3594240,1755,6867,523,-0.018595747649669647,0.2,8223,243.48970351,-21.012541198730467,0.19052734375,0.006381552550010383,0.34068533778190613,300.0,0.0180086,-0.010340785968583076,0.0002,0.5064617991447449
3596288,1756,6868,523,-0.001240229932591319,0.2,8228,241.20583023,-21.020211029052735,0.1806640625,0.006988395284861326,0.3406860828399658,300.0,0.015590882,-0.01184759943280369,0.0002,0.5253654718399048
3598336,1757,6870,523,-0.01703672483563423,0.2,8233,241.95028975000002,-21.01427125930786,0.1703125,0.008186366758309305,0.3406502604484558,300.0,0.019460283,-0.013269671029411257,0.0002,0.5500288009643555
3600384,1758,6872,523,-0.0006562506314367056,0.2,8237,242.36836954999998,-21.009084192911782,0.21497395833333333,0.006630614710350831,0.3406429886817932,300.0,0.02644903,-0.005115461101134618,0.0002,0.5906463861465454
3602432,1759,6873,524,-0.010373350232839584,0.2,8242,242.15972804999998,-21.00435800552368,0.22470703125,0.006087239063344896,0.34057456254959106,300.0,0.01752916,-0.00618337590713054,0.0002,0.5623953342437744
3604480,1760,6875,524,-0.018636571243405342,0.2,8247,242.15972804999998,-20.992881107330323,0.2412109375,0.006903769890777766,0.34053510427474976,300.0,0.024273288,-0.010763699817471207,0.0002,0.6187947392463684
3606528,1761,6876,524,0.04291367530822754,0.2,8248,242.32387004,-20.9912535349528,0.20703125,0.006492823672791322,0.3405347168445587,300.0,0.015588707,0.016226098251839478,0.0002,0.5423617362976074
3608576,1762,6878,524,-0.01625245437026024,0.2,8253,243.28048895,-20.989581871032716,0.23134765625,0.005635274993255735,0.3405188024044037,300.0,0.01469465,-0.0008067711722105741,0.0002,0.6045678853988647
3610624,1763,6879,524,-0.0024440190754830837,0.2,8257,243.22482977000004,-20.986392293657577,0.20145089285714285,0.007516832323744893,0.3404846489429474,300.0,0.028700538,-0.00419849346924041,0.0002,0.5614494681358337
3612672,1764,6881,525,-0.011318223550915718,0.2,8262,242.63053830999996,-20.97901906967163,0.21142578125,0.005751874390989542,0.34045955538749695,300.0,0.017910551,-0.008143725385889412,0.0002,0.6261152625083923
3614720,1765,6882,525,0.01098422147333622,0.2,8266,243.59128500000003,-20.980311802455358,0.16978236607142858,0.006939008366316557,0.34048858284950256,300.0,0.028454926,-0.007010699150019458,0.0002,0.6143401861190796
3616768,1766,6884,525,-0.02567382901906967,0.2,8271,243.59128500000003,-20.9789288520813,0.2080078125,0.009180717077106238,0.34042665362358093,300.0,0.019952841,-0.012586370669305324,0.0002,0.6339857578277588
3618816,1767,6885,525,-0.016085999086499214,0.2,8276,244.79715117,-20.963429641723632,0.2259765625,0.00867360846605152,0.34035027027130127,300.0,0.019609408,-0.010195148200728,0.0002,0.4922071099281311
3620864,1768,6887,525,-0.0200921930372715,0.2,8281,243.89227107000002,-20.95356798171997,0.1953125,0.009628441603854298,0.3403278589248657,300.0,0.016157428,-0.01260714785894379,0.0002,0.5061442255973816
3622912,1769,6889,525,-0.018733616918325424,0.2,8286,245.49398549999998,-20.94874143600464,0.20986328125,0.009604340605437755,0.34029069542884827,300.0,0.014169525,-0.008628477482125163,0.0002,0.6119499206542969
3624960,1770,6890,526,0.0008082245476543903,0.2,8291,246.99281924,-20.94051742553711,0.2079564144736842,0.008896360713008204,0.34025758504867554,300.0,0.026587093,-0.007589030422662434,0.0002,0.6336522102355957
3627008,1771,6892,526,-0.013326175510883331,0.2,8296,249.17332782999998,-20.939812469482423,0.1982421875,0.009226316632702947,0.3402966558933258,300.0,0.019982593,-0.009193554474040865,0.0002,0.5696794986724854
3629056,1772,6893,526,-0.002052874770015478,0.2,8299,247.91345442,-20.948097038269044,0.1712890625,0.008864996768534184,0.34032708406448364,300.0,0.025902718,-0.0010562667157500982,0.0002,0.6799813508987427
3631104,1773,6895,526,-0.0169188492000103,0.2,8304,247.91345442,-20.9553581237793,0.204296875,0.008718125452287496,0.34037989377975464,300.0,0.019041661,-0.012984940176829695,0.0002,0.5993348360061646
3633152,1774,6896,526,-0.02235860377550125,0.2,8309,247.17491045,-20.961256476009595,0.17750459558823528,0.008529829874853878,0.34038934111595154,300.0,0.03163731,-0.013832640450666933,0.0002,0.6427668333053589
3635200,1775,6898,526,-0.028286591172218323,0.2,8314,247.51995737000001,-20.961966896057127,0.21044921875,0.010543067241087556,0.3403935730457306,300.0,0.021979272,-0.013526958436705172,0.0002,0.6136709451675415
3637248,1776,6900,527,-0.015701116994023323,0.2,8319,247.20590205,-20.95895109176636,0.205078125,0.009514702251181006,0.3403652310371399,300.0,0.0183773,-0.009216706687584519,0.0002,0.5966155529022217
3639296,1777,6902,527,-0.02186608873307705,0.2,8324,248.91618652,-20.94850950241089,0.20625,0.007255570287816227,0.3402688503265381,300.0,0.016864697,-0.015419500041753053,0.0002,0.5835109949111938
3641344,1778,6904,527,-0.012069406919181347,0.2,8329,248.23182103,-20.935366249084474,0.20576171875,0.006651244172826409,0.3402608335018158,300.0,0.013953086,-0.008599956263788044,0.0002,0.5993236303329468
3643392,1779,6905,527,-0.03154384717345238,0.2,8334,247.26236469000003,-20.93923854827881,0.17978515625,0.00558023143094033,0.3403168022632599,300.0,0.011987801,-0.012323115672916173,0.0002,0.5783545970916748
3645440,1780,6907,527,-0.025713466107845306,0.2,8339,247.26236469000003,-20.949193000793457,0.201953125,0.008149351575411856,0.3403566777706146,300.0,0.018989798,-0.011878726514987647,0.0002,0.6402662992477417
3647488,1781,6909,527,-0.009656981565058231,0.2,8344,245.28559461,-20.95969705581665,0.2115234375,0.012771767470985651,0.34044215083122253,300.0,0.021265984,-0.00975268818438053,0.0002,0.6690868139266968
3649536,1782,6911,528,-0.017824262380599976,0.2,8349,244.07000082999994,-20.972600173950195,0.1896484375,0.006342556048184633,0.34046635031700134,300.0,0.016084211,-0.012804064294323325,0.0002,0.628625214099884
3651584,1783,6913,528,-0.017373546957969666,0.2,8354,243.67752701,-20.971835708618165,0.18818359375,0.009254224179312587,0.3404366672039032,300.0,0.018351113,-0.012267883541062475,0.0002,0.6610381603240967
3653632,1784,6914,528,-0.011849118396639824,0.2,8359,243.43633081000007,-20.97247258354636,0.23563878676470587,0.006052614299251753,0.3404996991157532,300.0,0.035090514,-0.010304642896003583,0.0002,0.674125075340271
3655680,1785,6916,528,-0.018021471798419952,0.2,8364,242.41918774,-20.97988576889038,0.23994140625,0.007454297575168312,0.34049057960510254,300.0,0.017356839,-0.010370045364834369,0.0002,0.5532182455062866
3657728,1786,6918,528,-0.00568399578332901,0.2,8369,239.51322054,-20.973532295227052,0.19892578125,0.011219750763848424,0.3404468894004822,300.0,0.020170785,-0.00835872368188575,0.0002,0.6257206201553345
3659776,1787,6919,528,-0.018703797832131386,0.2,8374,239.51322054,-20.971709060668946,0.1833984375,0.014288145722821355,0.34046855568885803,300.0,0.014652301,-0.010222066473215819,0.0002,0.6219598054885864
3661824,1788,6921,529,-0.024603940546512604,0.2,8379,240.90020821999994,-20.976029300689696,0.20625,0.010548767540603876,0.3404688537120819,300.0,0.023737427,-0.014521319465711714,0.0002,0.613793134689331
3663872,1789,6923,529,-0.027655141428112984,0.2,8384,240.09146935999996,-20.979472827911376,0.1962890625,0.009752184036187828,0.34050869941711426,300.0,0.02065596,-0.01576336824800819,0.0002,0.59998619556427
3665920,1790,6923,529,0.04909716174006462,0.2,8385,239.12179653000004,-20.98386859893799,0.19287109375,0.010477045550942421,0.340510755777359,300.0,0.014265299,0.014454589691013098,0.0002,0.6304000020027161
3667968,1791,6925,529,0.001713484525680542,0.2,8389,239.09051214999997,-20.982061258951823,0.216015625,0.010073259410758813,0.3404883146286011,300.0,0.029823234,-0.006536357787748178,0.0002,0.6514352560043335
3670016,1792,6925,529,0.0315541997551918,0.2,8390,238.66308066000002,-20.979127883911133,0.22591145833333334,0.008718593046069145,0.34048452973365784,300.0,0.01682148,0.010475767155488333,0.0002,0.616356372833252
3672064,1793,6927,530,-0.026015987619757652,0.2,8395,238.58110576999997,-20.977162075042724,0.17578125,0.006869418569840491,0.3404741883277893,300.0,0.016213821,-0.011428338708356023,0.0002,0.5120699405670166
3674112,1794,6928,530,0.03210705518722534,0.2,8396,238.58110576999997,-20.976520538330078,0.16064453125,0.006496489862911403,0.3404756486415863,300.0,0.012754075,0.006371165509335697,0.0002,0.5742268562316895
3676160,1795,6928,530,0.022084929049015045,0.2,8397,239.03190744999995,-20.976511001586914,0.17138671875,0.007780611631460488,0.34047412872314453,300.0,0.013455074,0.003329787403345108,0.0002,0.5870428681373596
3678208,1796,6930,530,-0.008832639083266258,0.2,8402,239.04697269,-20.978420352935792,0.21591796875,0.007513400609605014,0.3405090272426605,300.0,0.019449284,-0.012451827013865113,0.0002,0.6272965669631958
3680256,1797,6932,530,-0.02618812397122383,0.2,8407,238.37251400000002,-20.982487869262695,0.21962890625,0.007283929991535843,0.3405100703239441,300.0,0.02142572,-0.014108450640924275,0.0002,0.6355173587799072
3682304,1798,6934,531,-0.005653880536556244,0.2,8412,239.12466051999996,-20.977165603637694,0.19951171875,0.00794527241960168,0.34046444296836853,300.0,0.027952094,-0.013292647805064917,0.0002,0.5953598022460938
3684352,1799,6936,531,-0.01392783410847187,0.2,8417,238.59118592000002,-20.96580238342285,0.20390625,0.00857418158557266,0.3403714895248413,300.0,0.017051736,-0.006639665807597339,0.0002,0.5987443923950195
3686400,1800,6937,531,-0.0183049775660038,0.2,8422,240.82465387000005,-20.95567922592163,0.20517578125,0.009567735297605396,0.34038251638412476,300.0,0.014985036,-0.011594838206656277,0.0002,0.5062775611877441
3688448,1801,6939,531,-0.014785680919885635,0.2,8427,240.82465387000005,-20.965986442565917,0.23916015625,0.00581766136456281,0.3404373824596405,300.0,0.02135707,-0.006889775826130063,0.0002,0.3795093894004822
3690496,1802,6941,531,-0.026434894651174545,0.2,8432,243.52756935000002,-20.976104640960692,0.172265625,0.0073078954592347145,0.34048330783843994,300.0,0.015362168,-0.0104609057540074,0.0002,0.6250403523445129
3692544,1803,6942,531,0.018474027514457703,0.2,8434,243.82478058000004,-20.98076629638672,0.2622767857142857,0.009677388572267123,0.34048736095428467,300.0,0.025944004,0.010429817784045423,0.0002,0.5903204679489136
3694592,1804,6943,532,-0.02526749111711979,0.2,8439,244.47417362999994,-20.986023902893066,0.19345703125,0.006594192469492555,0.3405569791793823,300.0,0.018419059,-0.008421273389831185,0.0002,0.5975120067596436
3696640,1805,6945,532,-0.007988043129444122,0.2,8444,244.42183353999997,-21.000249481201173,0.23212890625,0.008376797987148165,0.3406292200088501,300.0,0.01671638,-0.008503385074436664,0.0002,0.6024092435836792
3698688,1806,6947,532,-0.019154606387019157,0.2,8449,244.10418499,-21.00874948501587,0.17529296875,0.008973589423112572,0.34064099192619324,300.0,0.015892697,-0.013469307543709874,0.0002,0.6176522374153137
3700736,1807,6948,532,0.0014683841727674007,0.2,8452,244.10418499,-21.006572341918947,0.218359375,0.009362945146858693,0.3406144976615906,300.0,0.027584314,0.0034986004699021577,0.0002,0.6317954063415527
3702784,1808,6950,532,-0.01483279187232256,0.2,8457,243.00881216,-20.993301486968996,0.18701171875,0.008363715466111898,0.34048330783843994,300.0,0.020462837,-0.011469269357621669,0.0002,0.5663855075836182
3704832,1809,6951,532,0.013203807175159454,0.2,8459,243.95816777,-20.97679683140346,0.16741071428571427,0.010676339135638304,0.3404616117477417,300.0,0.026771978,0.002292836284531014,0.0002,0.6075653433799744
3706880,1810,6952,533,-0.02166702412068844,0.2,8464,243.78198407999997,-20.97097244262695,0.20458984375,0.008202656381763518,0.3404226005077362,300.0,0.015233668,-0.01233012021984905,0.0002,0.6196892261505127
3708928,1811,6954,533,-0.012585476040840149,0.2,8469,245.63002373999998,-20.965708923339843,0.18564453125,0.007297109207138419,0.3403959572315216,300.0,0.014256514,-0.005083947675302625,0.0002,0.5931392908096313
3710976,1812,6955,533,0.005685420241206884,0.2,8472,246.23105114999996,-20.960268540815875,0.22425426136363635,0.0053072229705073614,0.3403763175010681,300.0,0.021366747,0.0020021962594579568,0.0002,0.633346438407898
3713024,1813,6956,533,0.043389782309532166,0.2,8473,244.66799656999999,-20.95907211303711,0.203125,0.00969705544412136,0.34037479758262634,300.0,0.016062856,0.011244300520047545,0.0002,0.6319798231124878
3715072,1814,6957,533,-0.01710326038300991,0.2,8477,244.66799656999999,-20.961497116088868,0.22083333333333333,0.010659831886490187,0.3404090106487274,300.0,0.028412,-0.014258183507869641,0.0002,0.6989383697509766
3717120,1815,6959,534,-0.0048813000321388245,0.2,8482,245.67502511000004,-20.974747467041016,0.17939453125,0.005694956053048372,0.34051239490509033,300.0,0.021142665,-0.0096224557608366,0.0002,0.5701443552970886
3719168,1816,6960,534,-0.015776146203279495,0.2,8487,244.95324422000002,-20.985075378417967,0.19873046875,0.006330935331061482,0.34049680829048157,300.0,0.017263392,-0.014521839329972863,0.0002,0.7175995111465454
3721216,1817,6962,534,-0.020649859681725502,0.2,8492,244.13299225000006,-20.973990154266357,0.2017578125,0.008114252239465714,0.3404131233692169,300.0,0.018022763,-0.013199954992160201,0.0002,0.7186028957366943
3723264,1818,6964,534,-0.015464643016457558,0.2,8497,243.77326423000002,-20.965099620819093,0.20830078125,0.0075079994974657895,0.3404257893562317,300.0,0.017001417,-0.012006042152643203,0.0002,0.5659958124160767
3725312,1819,6965,534,0.003765443805605173,0.2,8501,245.0307315,-20.967828273773193,0.226318359375,0.0057683109771460295,0.3404087424278259,300.0,0.02513266,-0.006582135654753074,0.0002,0.42702770233154297
3727360,1820,6967,534,-0.011994628235697746,0.2,8506,244.58640929000003,-20.959060382843017,0.2162109375,0.005161756766028702,0.3403368890285492,300.0,0.022096552,-0.016687354701571167,0.0002,0.5919447541236877
3729408,1821,6968,535,0.009646346792578697,0.2,8509,244.58640929000003,-20.948589324951172,0.1681640625,0.008348658075556159,0.34030774235725403,300.0,0.024813512,-1.5200302004814149e-05,0.0002,0.5459848046302795
3731456,1822,6970,535,-0.013620049692690372,0.2,8514,243.46123406000004,-20.9430513381958,0.223046875,0.009213181817904115,0.34028783440589905,300.0,0.022614662,-0.009198103728704155,0.0002,0.6528284549713135
3733504,1823,6970,535,0.030427226796746254,0.2,8515,244.84968851000002,-20.940266132354736,0.1826171875,0.008922310546040535,0.34028711915016174,300.0,0.015933808,0.007550095906481147,0.0002,0.6059286594390869
3735552,1824,6972,535,-0.011552599258720875,0.2,8520,243.95316226000003,-20.944498538970947,0.17333984375,0.00861533535644412,0.3403538465499878,300.0,0.014664392,-0.011259765457361936,0.0002,0.6258724331855774
3737600,1825,6973,535,-0.01567213051021099,0.2,8525,242.89689815000003,-20.951269997490776,0.24598524305555555,0.008976316027757194,0.3403298854827881,300.0,0.027745757,-0.009513250345157253,0.0002,0.6069082617759705
3739648,1826,6975,536,-0.002517609391361475,0.2,8530,242.31933465999998,-20.94270420074463,0.2177734375,0.008128129364922642,0.3402745723724365,300.0,0.0168983,-0.009522786096204073,0.0002,0.6444120407104492
3741696,1827,6977,536,-0.023303860798478127,0.2,8535,241.42214712999998,-20.93394002914429,0.19814453125,0.008018655329942703,0.34024617075920105,300.0,0.019919122,-0.014073991077020764,0.0002,0.6577026844024658
3743744,1828,6979,536,-0.025182340294122696,0.2,8540,241.42214712999998,-20.931442366706,0.2101779513888889,0.011778307250804372,0.34024426341056824,300.0,0.028358582,-0.015797008889623813,0.0002,0.6205703020095825
3745792,1829,6979,536,0.02380913682281971,0.2,8542,241.77631175999994,-20.93057518005371,0.194921875,0.007003888301551342,0.34023964405059814,300.0,0.03329313,0.01085638366639614,0.0002,0.32856184244155884
3747840,1830,6981,536,-0.012772764079272747,0.2,8547,242.09855533000007,-20.922333908081054,0.23369140625,0.007891890848986805,0.3401190936565399,300.0,0.023704275,-0.008726851316168904,0.0002,0.6111772060394287
3749888,1831,6983,536,-0.0007229596376419067,0.2,8552,241.88603435000002,-20.90151596069336,0.2316623263888889,0.008799960086536076,0.34005680680274963,300.0,0.031331956,0.001058095031314426,0.0002,0.7135508060455322
3751936,1832,6984,537,0.008668691851198673,0.2,8556,241.40659691999997,-20.894437662760417,0.17473958333333334,0.007689453351000945,0.34001424908638,300.0,0.020767203,-0.008514673759539923,0.0002,0.6811231374740601
3753984,1833,6986,537,-0.011827556416392326,0.2,8560,240.49869162000007,-20.89039421081543,0.1995849609375,0.00784552306868136,0.34001457691192627,300.0,0.024229433,-0.007032424327917397,0.0002,0.6293219327926636
3756032,1834,6987,537,-0.024216249585151672,0.2,8565,240.15241685,-20.887265396118163,0.198828125,0.007924921438097953,0.33996710181236267,300.0,0.02196386,-0.011822719778865575,0.0002,0.576615571975708
3758080,1835,6988,537,0.019087092950940132,0.2,8567,240.15241685,-20.882043021065847,0.16099330357142858,0.006462655628898314,0.33995696902275085,300.0,0.022392645,0.004229252093604633,0.0002,0.5522826910018921
3760128,1836,6990,537,-0.012812530621886253,0.2,8572,241.56230764999998,-20.876680183410645,0.240625,0.005781069560907781,0.33989670872688293,300.0,0.020067798,-0.004786374093964696,0.0002,0.5720400810241699
3762176,1837,6992,538,-0.017627399414777756,0.2,8577,241.44095668000003,-20.865504932403564,0.1892578125,0.00745935426093638,0.33985045552253723,300.0,0.01927915,-0.012399978470057249,0.0002,0.5962783098220825
3764224,1838,6993,538,-0.00799852516502142,0.2,8582,242.40356967999992,-20.86234254837036,0.228515625,0.006951498612761497,0.33986929059028625,300.0,0.02192003,-0.010758851352147759,0.0002,0.6484684944152832
3766272,1839,6995,538,0.011674202978610992,0.2,8587,242.50564096999997,-20.866945715511548,0.20542279411764705,0.007944736410589778,0.33989331126213074,300.0,0.035323918,-0.005883548189611996,0.0002,0.5960054993629456
3768320,1840,6997,538,-0.02617935836315155,0.2,8592,241.76819221000005,-20.869437885284423,0.222265625,0.007177036278881133,0.33990004658699036,300.0,0.019470943,-0.005202004150487482,0.0002,0.5995461940765381
3770368,1841,6997,538,0.013928396627306938,0.2,8593,241.76819221000005,-20.86871274312337,0.19401041666666666,0.008966599280635515,0.33990028500556946,300.0,0.015011698,0.011167513206601143,0.0002,0.6366490125656128
3772416,1842,6999,538,-0.022886116057634354,0.2,8598,242.30925011,-20.86834602355957,0.2099609375,0.007394577749073506,0.33991068601608276,300.0,0.019140853,-0.013437247811816632,0.0002,0.6438751220703125
3774464,1843,7001,539,-0.016249854117631912,0.2,8603,241.90571008999999,-20.875481128692627,0.22509765625,0.009512757929041982,0.3399733901023865,300.0,0.019705383,-0.012041627778671682,0.0002,0.639683723449707
3776512,1844,7002,539,-0.021461885422468185,0.2,8608,241.68870079,-20.883056416231042,0.25723805147058826,0.009957799468846881,0.3400040566921234,300.0,0.032729976,-0.009646409191191196,0.0002,0.5966233611106873
3778560,1845,7004,539,-0.026037948206067085,0.2,8613,242.05320156999997,-20.885568141937256,0.23349609375,0.008583675371482968,0.34000369906425476,300.0,0.022645913,-0.009865458449348807,0.0002,0.6527750492095947
3780608,1846,7006,539,-0.007904189638793468,0.2,8618,240.92255590000002,-20.886559391021727,0.20244140625,0.009120199736207724,0.34003201127052307,300.0,0.02168479,-0.010675550252199174,0.0002,0.5826156139373779
3782656,1847,7008,539,0.0007794925477355719,0.2,8621,241.20473436000003,-20.889586130777996,0.1655815972222222,0.007745587266981602,0.3400174081325531,300.0,0.032619976,-0.004649629505972068,0.0002,0.5901005268096924
3784704,1848,7009,539,-0.009781360626220703,0.2,8625,241.20473436000003,-20.88425302505493,0.2125244140625,0.005648037476930767,0.33995720744132996,300.0,0.025547959,-0.011410287785110995,0.0002,0.5741850137710571
3786752,1849,7011,540,0.03505081310868263,0.2,8628,242.06470173999995,-20.876154327392577,0.20859375,0.007528805173933506,0.33993449807167053,300.0,0.03149332,0.005791024304926395,0.0002,0.48683249950408936
3788800,1850,7011,540,0.017994597554206848,0.2,8629,241.1778587,-20.87384859720866,0.21549479166666666,0.010692972068985304,0.3399295508861542,300.0,0.015348724,0.0033696976800759635,0.0002,0.6359128952026367
3790848,1851,7013,540,-0.021185042336583138,0.2,8634,239.83233780999996,-20.876430225372314,0.19033203125,0.008541833120398223,0.33998507261276245,300.0,0.015087255,-0.006834229198284447,0.0002,0.6274539232254028
3792896,1852,7015,540,-0.02036723680794239,0.2,8639,238.59356595,-20.894098730648267,0.22047334558823528,0.012345264501431408,0.34009483456611633,300.0,0.030785453,-0.00933267647290931,0.0002,0.5953382253646851
3794944,1853,7016,540,0.009564360603690147,0.2,8641,239.29646075999997,-20.906551599502563,0.1474609375,0.008743622689507902,0.34012311697006226,300.0,0.021597195,0.0004173124907538295,0.0002,0.6342153549194336
3796992,1854,7018,541,-0.018185844644904137,0.2,8646,239.39893958999997,-20.908684730529785,0.19150390625,0.005701330001465976,0.3401094973087311,300.0,0.015990783,-0.010588929383084178,0.0002,0.5295321941375732
3799040,1855,7020,541,-0.022694049403071404,0.2,8651,239.39893958999997,-20.901087474822997,0.17109375,0.008267381647601723,0.34004494547843933,300.0,0.018395782,-0.012356891587842256,0.0002,0.5476402640342712
3801088,1856,7022,541,-0.0171804241836071,0.2,8656,239.71602846999997,-20.893571376800537,0.21572265625,0.010020135808736086,0.34003946185112,300.0,0.021998417,-0.01588192137423903,0.0002,0.588549017906189
3803136,1857,7024,541,-0.022471774369478226,0.2,8661,239.76589723000004,-20.892276191711424,0.2125,0.010878262110054493,0.3400239050388336,300.0,0.021237403,-0.016723995096981525,0.0002,0.6059423685073853
3805184,1858,7026,541,-0.01895858161151409,0.2,8666,240.06384266,-20.894001483917236,0.1943359375,0.008634965028613805,0.34006768465042114,300.0,0.016304996,-0.012343650311231613,0.0002,0.6248277425765991
3807232,1859,7028,541,-0.016287731006741524,0.2,8671,240.47984912,-20.895622730255127,0.19013671875,0.007273453939706087,0.3400213122367859,300.0,0.01962334,-0.011470954399555922,0.0002,0.5551608800888062
3809280,1860,7029,541,0.020595001056790352,0.2,8673,242.10785307999998,-20.886227471487864,0.20591517857142858,0.006919849198311567,0.33999738097190857,300.0,0.023386478,0.007611614518931934,0.0002,0.5031284093856812
3811328,1861,7030,542,0.020373543724417686,0.2,8677,241.95714025000004,-20.88113390604655,0.17083333333333334,0.006959494855254889,0.33998438715934753,300.0,0.023564786,-0.003237124066799879,0.0002,0.6088324785232544
3813376,1862,7032,542,-0.02313842624425888,0.2,8682,241.95714025000004,-20.884428024291992,0.1818359375,0.00851881387643516,0.3400379419326782,300.0,0.01750601,-0.010877584875561296,0.0002,0.6126173138618469
3815424,1863,7033,542,0.0068233683705329895,0.2,8684,240.44768353,-20.890201568603516,0.14765625,0.010326681099832058,0.34004321694374084,300.0,0.03190327,0.002590973302721977,0.0002,0.5897641181945801
3817472,1864,7035,542,-0.03446919843554497,0.2,8689,241.45216182000001,-20.88877468109131,0.165625,0.008454379462637007,0.3400043547153473,300.0,0.017189484,-0.01671755185816437,0.0002,0.5761762857437134
3819520,1865,7037,542,-0.007905486971139908,0.2,8694,242.30980968,-20.87902946472168,0.201953125,0.007186638284474611,0.3399718105792999,300.0,0.015556533,-0.006391252519097179,0.0002,0.5479605197906494
3821568,1866,7039,542,-0.022561343386769295,0.2,8698,241.71123916,-20.87543523311615,0.1826171875,0.007704406336415559,0.3399656116962433,300.0,0.023356965,-0.011815403500804678,0.0002,0.5502375960350037
3823616,1867,7039,543,0.028338022530078888,0.2,8699,244.38731436,-20.874722003936768,0.224609375,0.008850357262417674,0.33996814489364624,300.0,0.01699213,0.008959461934864521,0.0002,0.6324434876441956
3825664,1868,7040,543,0.010133739560842514,0.2,8701,243.37239237000003,-20.87508855547224,0.17522321428571427,0.009111002087593079,0.33997008204460144,300.0,0.02473583,0.003061018285474607,0.0002,0.6493748426437378
3827712,1869,7042,543,-0.016124896705150604,0.2,8706,243.37239237000003,-20.878937339782716,0.21748046875,0.007437164033763111,0.3400140404701233,300.0,0.024870763,-0.011173350445460528,0.0002,0.6414236426353455
3829760,1870,7044,543,-0.0027518821880221367,0.2,8711,243.52388534,-20.886461162567137,0.17978515625,0.011903027538210154,0.3400280773639679,300.0,0.01954471,-0.0074193084612488745,0.0002,0.6538699269294739
3831808,1871,7046,543,-0.025931913405656815,0.2,8716,244.29904298999998,-20.88669147491455,0.193359375,0.008408380718901754,0.34001630544662476,300.0,0.018535255,-0.010434454795904458,0.0002,0.6708712577819824
3833856,1872,7048,543,-0.01846606284379959,0.2,8721,243.38591937000004,-20.88138656616211,0.22587890625,0.006307355989702046,0.33998361229896545,300.0,0.018575935,-0.007953994115814567,0.0002,0.6029685735702515
3835904,1873,7050,544,0.0067063020542263985,0.2,8726,244.33203097999998,-20.871738882625806,0.2417279411764706,0.005876492900664315,0.33991506695747375,300.0,0.034003858,-0.009105006260249545,0.0002,0.6534936428070068
3837952,1874,7050,544,0.02480338327586651,0.2,8727,242.91040078999998,-20.86427625020345,0.1875,0.007516469961653153,0.3399040997028351,300.0,0.01487729,0.009137608110904694,0.0002,0.7181739807128906
3840000,1875,7052,544,-0.018613126128911972,0.2,8732,243.49556264999998,-20.858939743041994,0.238671875,0.01166635430417955,0.339877188205719,300.0,0.01696461,-0.005096891894936562,0.0002,0.6328383684158325
3842048,1876,7054,544,-0.014323720708489418,0.2,8737,243.49556264999998,-20.85536413192749,0.20947265625,0.007403276301920414,0.33983272314071655,300.0,0.01605067,-0.012558320909738541,0.0002,0.5049672722816467
3844096,1877,7056,544,-0.012074485421180725,0.2,8742,243.14053721000005,-20.84570426940918,0.2326171875,0.011280492739751935,0.33981722593307495,300.0,0.018324293,-0.011185203469358385,0.0002,0.6210299730300903
3846144,1878,7058,544,-0.00908407848328352,0.2,8747,244.54052720999996,-20.840897846221925,0.2458984375,0.0074250573525205255,0.3397734463214874,300.0,0.022847384,-0.00808591938111931,0.0002,0.5382649898529053
3848192,1879,7060,545,0.007593461312353611,0.2,8751,243.97244368,-20.835301280021667,0.1820068359375,0.008873140206560493,0.3397885859012604,300.0,0.022499852,-0.009719444817164913,0.0002,0.5953744649887085
3850240,1880,7061,545,0.03166337311267853,0.2,8755,244.74016473,-20.84143169109638,0.22490985576923078,0.009635573969437526,0.3398307263851166,300.0,0.059782147,-0.0008461111440108373,0.0002,0.6163811683654785
3852288,1881,7062,545,0.011948099359869957,0.2,8757,245.33366947000002,-20.845789909362793,0.189697265625,0.00839285587426275,0.33984044194221497,300.0,0.0190703,0.005169636686332524,0.0002,0.6320167183876038
3854336,1882,7063,545,0.014502854086458683,0.2,8759,245.33366947000002,-20.84561674935477,0.23130580357142858,0.008432101724403245,0.3398301303386688,300.0,0.025899872,0.00200024333649448,0.0002,0.5438297986984253
3856384,1883,7065,545,-0.0132649727165699,0.2,8764,245.15255958999998,-20.836083602905273,0.222265625,0.0067482840735465285,0.3397086262702942,300.0,0.022721749,-0.0072730221319943665,0.0002,0.5125942826271057
3858432,1884,7067,545,-0.020947668701410294,0.2,8769,245.75415837000008,-20.812510204315185,0.25634765625,0.008030028757639229,0.3395991921424866,300.0,0.016591249,-0.0039510703412815925,0.0002,0.5911742448806763
3860480,1885,7069,546,-0.025044606998562813,0.2,8774,246.60659004,-20.799536609649657,0.17568359375,0.0072786913253366945,0.3395772874355316,300.0,0.016152631,-0.00911502332892269,0.0002,0.5708268880844116
3862528,1886,7071,546,-0.01789274998009205,0.2,8779,245.62945431,-20.797563151309365,0.2177220394736842,0.007549413577898552,0.33957192301750183,300.0,0.028799633,-0.012926878634301064,0.0002,0.47568005323410034
3864576,1887,7073,546,-0.019734812900424004,0.2,8784,245.93052875,-20.793016052246095,0.2189453125,0.0081317595904693,0.33952564001083374,300.0,0.018118963,-0.014196668565273286,0.0002,0.5924257040023804
3866624,1888,7075,546,-0.01999630779027939,0.2,8789,244.34499452,-20.78263940811157,0.17626953125,0.009420327562838792,0.3394423723220825,300.0,0.019668635,-0.01062643751502037,0.0002,0.6635840535163879
3868672,1889,7076,546,0.046818532049655914,0.2,8790,244.34499452,-20.77450180053711,0.2623697916666667,0.012815536310275396,0.33943650126457214,300.0,0.0207918,0.020862054079771042,0.0002,0.6264564990997314
3870720,1890,7077,546,-0.007104023359715939,0.2,8795,245.84882559,-20.77510795593262,0.20595703125,0.008554140338674188,0.339457243680954,300.0,0.018301595,-0.007694725121837109,0.0002,0.501622200012207
3872768,1891,7078,547,0.02877686358988285,0.2,8796,244.39175112,-20.778591791788738,0.2649739583333333,0.007990404808272919,0.3394632637500763,300.0,0.021058915,0.011487927287817001,0.0002,0.5783320069313049
3874816,1892,7080,547,-0.003910013474524021,0.2,8800,244.19242130000003,-20.78479780469622,0.2197265625,0.011015823510076319,0.33952468633651733,300.0,0.030494254,-0.006819978855284197,0.0002,0.5895769596099854
3876864,1893,7081,547,-0.02190820500254631,0.2,8805,244.10197275000002,-20.790115928649904,0.18037109375,0.006648130738176406,0.3395019471645355,300.0,0.016573815,-0.01304569139610976,0.0002,0.5424169301986694
3878912,1894,7083,547,0.012277616187930107,0.2,8808,243.78347478,-20.78162279996005,0.22052556818181818,0.006632873068817637,0.33946627378463745,300.0,0.024971878,0.003911055582152171,0.0002,0.6117497086524963
3880960,1895,7085,547,-0.004340223968029022,0.2,8813,241.63059503000005,-20.776847309536404,0.22569444444444445,0.00873387716193166,0.3394449055194855,300.0,0.028318046,-0.007565493488477336,0.0002,0.6402310132980347
3883008,1896,7086,547,-0.0077798618003726006,0.2,8817,241.63059503000005,-20.77626051221575,0.21177455357142858,0.008411834548626627,0.33945801854133606,300.0,0.029462852,-0.005543348761940641,0.0002,0.6474794149398804
3885056,1897,7088,548,-0.019246013835072517,0.2,8822,241.17937678,-20.779020404815675,0.21416015625,0.004692541086114943,0.33947330713272095,300.0,0.0139569165,-0.007700083148665726,0.0002,0.48379194736480713
3887104,1898,7089,548,-0.013994714245200157,0.2,8826,241.85808669,-20.77573549747467,0.2373046875,0.006181256932904944,0.33942195773124695,300.0,0.02550508,-0.011767541873268783,0.0002,0.6165860891342163
3889152,1899,7091,548,-0.0024224931839853525,0.2,8830,242.09296086999998,-20.769160334269205,0.209765625,0.006739005322257677,0.33941683173179626,300.0,0.030031107,-0.0086352930093805,0.0002,0.6637927889823914
3891200,1900,7092,548,0.020118167623877525,0.2,8833,241.51149103,-20.770984649658203,0.16459517045454544,0.010836695913564075,0.3394312560558319,300.0,0.0192537,0.0032874029129743576,0.0002,0.6718206405639648
3893248,1901,7093,548,0.04349565505981445,0.2,8834,242.76993528,-20.77270444234212,0.228515625,0.01028676920880874,0.3394356369972229,300.0,0.017809274,0.014255896676331758,0.0002,0.6624448895454407
3895296,1902,7094,549,-0.0033960179425776005,0.2,8837,241.00146266,-20.772680282592773,0.24772135416666666,0.009672837254280845,0.33943021297454834,300.0,0.024593337,-0.0028283729140336313,0.0002,0.6354975700378418
3897344,1903,7096,549,-0.00037166057154536247,0.2,8842,241.00146266,-20.766475783454048,0.2273220486111111,0.012110764781634012,0.33938610553741455,300.0,0.03242866,-0.006570356134842668,0.0002,0.6779192090034485
3899392,1904,7098,549,-0.01204630360007286,0.2,8847,241.21453937,-20.756529712677,0.17197265625,0.00977964736521244,0.33932650089263916,300.0,0.014677192,-0.012987189600244165,0.0002,0.6874167919158936
3901440,1905,7100,549,-0.028523458167910576,0.2,8852,241.49681103999998,-20.747503757476807,0.187890625,0.00959507366642356,0.3392809331417084,300.0,0.01638333,-0.01222408702597022,0.0002,0.6325956583023071
3903488,1906,7102,549,-0.010624454356729984,0.2,8857,242.32861648999997,-20.737953186035156,0.20244140625,0.008415620261803269,0.3392597734928131,300.0,0.016248165,-0.0032038075616583226,0.0002,0.5540902614593506
3905536,1907,7103,549,0.026733966544270515,0.2,8859,242.54020505,-20.739449739456177,0.193115234375,0.007118338136933744,0.3392735719680786,300.0,0.014727454,0.0057365792454220355,0.0002,0.5623130202293396
3907584,1908,7105,549,-0.0073449271731078625,0.2,8864,241.68987172999996,-20.73844690322876,0.2013671875,0.009276866354048252,0.33924761414527893,300.0,0.017007504,-0.013980644871480763,0.0002,0.6497257351875305
3909632,1909,7106,550,0.00808643363416195,0.2,8866,242.60766114,-20.731279100690568,0.16099330357142858,0.011991989665797778,0.3392280340194702,300.0,0.022658974,0.0017213625833392143,0.0002,0.6089820265769958
3911680,1910,7108,550,0.002791339298710227,0.2,8871,242.60766114,-20.72376413345337,0.22431640625,0.007599958963692188,0.33916252851486206,300.0,0.025103513,-0.006243752606678754,0.0002,0.5599441528320312
3913728,1911,7110,550,-0.024170948192477226,0.2,8876,243.18066294,-20.707762050628663,0.2322265625,0.0077627326361835005,0.3390462398529053,300.0,0.021860033,-0.010007407190278173,0.0002,0.4951702952384949
3915776,1912,7112,550,-0.02029678225517273,0.2,8881,242.89786618000005,-20.69099416732788,0.196875,0.00577454506419599,0.33901602029800415,300.0,0.021724556,-0.014919692347757519,0.0002,0.5460586547851562
3917824,1913,7114,550,-0.017779363319277763,0.2,8886,242.84054265999998,-20.689566230773927,0.2359375,0.004614469036459923,0.3390171229839325,300.0,0.025095731,-0.011969159822911024,0.0002,0.5232009887695312
3919872,1914,7116,550,-0.019259197637438774,0.2,8891,243.30651180999996,-20.689098834991455,0.2025390625,0.00404275911860168,0.3390349745750427,300.0,0.016690861,-0.015527309337630867,0.0002,0.6479920148849487
3921920,1915,7117,550,-0.022588953375816345,0.2,8896,242.48888191000003,-20.693348789215086,0.1720703125,0.004651289409957826,0.33908459544181824,300.0,0.014652349,-0.0143579734954983,0.0002,0.6269203424453735
3923968,1916,7119,551,0.004629377741366625,0.2,8901,242.48888191000003,-20.700462441695365,0.18277138157894737,0.005962916698895003,0.33909741044044495,300.0,0.025811283,-0.007697382990859057,0.0002,0.6566669940948486
3926016,1917,7121,551,-0.014707534573972225,0.2,8906,243.30546945999998,-20.700944328308104,0.17451171875,0.006448143185116351,0.3391280472278595,300.0,0.015372688,-0.01379938719328493,0.0002,0.5124351978302002
3928064,1918,7122,551,0.015669044107198715,0.2,8908,243.82871069,-20.7058048248291,0.22991071428571427,0.011123496240803174,0.3391328454017639,300.0,0.023535391,0.0055769288114139014,0.0002,0.5726399421691895
3930112,1919,7124,551,-0.007006920408457518,0.2,8912,242.98782634,-20.71022927761078,0.207275390625,0.006593544967472553,0.33918634057044983,300.0,0.022621583,-0.005244332453003153,0.0002,0.6468502283096313
3932160,1920,7125,551,-0.004731195047497749,0.2,8915,243.85771040000003,-20.71863842010498,0.2078125,0.008400334557518364,0.3392151892185211,300.0,0.026105247,-0.0014218327589333058,0.0002,0.6139200925827026
3934208,1921,7127,551,-0.03617453947663307,0.2,8920,243.69912933,-20.724824810028075,0.19892578125,0.006669655675068498,0.33926650881767273,300.0,0.01363598,-0.010910295275971293,0.0002,0.5677258968353271
3936256,1922,7129,552,-0.01835293509066105,0.2,8925,243.99369098000003,-20.730105209350587,0.21845703125,0.006998842395842075,0.33924925327301025,300.0,0.020497939,-0.008918120595626532,0.0002,0.6541082859039307
3938304,1923,7131,552,-0.025097766891121864,0.2,8930,243.99369098000003,-20.72425184249878,0.1892578125,0.008741815108805895,0.3392469584941864,300.0,0.018363126,-0.01324690671171993,0.0002,0.571364164352417
3940352,1924,7133,552,-0.01880011335015297,0.2,8935,244.04404865000004,-20.72583951950073,0.221875,0.010924497526139021,0.3392595946788788,300.0,0.021771176,-0.012455482734367251,0.0002,0.6222336292266846
3942400,1925,7135,552,-0.029261289164423943,0.2,8940,245.25920371,-20.72597599029541,0.21337890625,0.004748635902069509,0.3392367660999298,300.0,0.01893363,-0.01396565344184637,0.0002,0.6366705298423767
3944448,1926,7135,552,0.022400597110390663,0.2,8941,245.90071925,-20.7237974802653,0.19791666666666666,0.006964061254014571,0.3392355442047119,300.0,0.015579458,0.007857142326732477,0.0002,0.6326484680175781
3946496,1927,7137,552,-0.02281199023127556,0.2,8946,246.18458859999996,-20.72120189666748,0.25185546875,0.006555257108993828,0.3391989469528198,300.0,0.021996181,-0.015738179010804744,0.0002,0.5699435472488403
3948544,1928,7139,553,-0.020608067512512207,0.2,8951,244.64487729,-20.716877460479736,0.19267578125,0.009781401418149472,0.33922654390335083,300.0,0.019813571,-0.014411956374533474,0.0002,0.5349108576774597
3950592,1929,7141,553,-0.005356858484447002,0.2,8956,244.72595052,-20.72353129916721,0.2009548611111111,0.007976954828740822,0.33925995230674744,300.0,0.026721302,-0.005035304800710744,0.0002,0.6191701889038086
3952640,1930,7143,553,-0.02312474325299263,0.2,8961,244.72595052,-20.732912826538087,0.19716796875,0.006990768946707249,0.3393320143222809,300.0,0.017852746,-0.011854582279920579,0.0002,0.5686327815055847
3954688,1931,7145,553,0.004073364660143852,0.2,8965,244.15190581,-20.739181518554688,0.21080729166666667,0.011313098234434922,0.3393225371837616,300.0,0.024117453,-0.004937116553386052,0.0002,0.5475927591323853
3956736,1932,7147,553,-0.02109311707317829,0.2,8970,243.67307165,-20.734022045135497,0.16845703125,0.009277361165732145,0.3392721116542816,300.0,0.014908119,-0.011687728320248425,0.0002,0.5681585073471069
3958784,1933,7148,553,-5.780532956123352e-05,0.2,8974,244.45455063999998,-20.723502095540365,0.18333333333333332,0.008575389130661885,0.3391990065574646,300.0,0.02105842,-0.0051790164162715275,0.0002,0.6031701564788818
3960832,1934,7149,554,0.015330224297940731,0.2,8975,244.52075378,-20.715056737263996,0.2571614583333333,0.007735539072503646,0.3391823470592499,300.0,0.020910293,0.009955383837223053,0.0002,0.5875941514968872
3962880,1935,7151,554,-0.02395620569586754,0.2,8980,244.15382655999997,-20.701961326599122,0.20322265625,0.005015946901403367,0.3390461206436157,300.0,0.022801697,-0.01297724365722388,0.0002,0.5401225686073303
3964928,1936,7153,554,0.003891258966177702,0.2,8985,243.39867493000003,-20.687052302890354,0.228515625,0.008406129639802707,0.33903005719184875,300.0,0.025434189,-0.00915504120186799,0.0002,0.5555903315544128
3966976,1937,7154,554,-0.022852331399917603,0.2,8990,243.39867493000003,-20.688474082946776,0.22919921875,0.0061538697918877006,0.3390424847602844,300.0,0.021398198,-0.007465133466757834,0.0002,0.4562733769416809
3969024,1938,7156,554,0.0041853636503219604,0.2,8993,244.14669191000002,-20.68518409729004,0.190625,0.0062496036291122435,0.33899110555648804,300.0,0.027322968,-0.0001389468554407358,0.0002,0.5548635721206665
3971072,1939,7157,554,0.01788599044084549,0.2,8995,243.28993942000005,-20.676067897251674,0.17327008928571427,0.008556947112083435,0.3389548063278198,300.0,0.024036428,0.002533421918217625,0.0002,0.6336079835891724
3973120,1940,7158,555,0.024064451456069946,0.2,8999,242.62342714000002,-20.671247601509094,0.2303466796875,0.009072478977032006,0.338952898979187,300.0,0.023452938,-0.003342230571433902,0.0002,0.6345396637916565
3975168,1941,7160,555,-0.017345035448670387,0.2,9004,239.88309889,-20.67688865661621,0.2291015625,0.010486129159107804,0.33901429176330566,300.0,0.019926587,-0.013099425728432834,0.0002,0.6662750840187073
3977216,1942,7162,555,-0.02750091813504696,0.2,9009,240.76313840999998,-20.68419179916382,0.2255859375,0.01125945532694459,0.3390166461467743,300.0,0.024133325,-0.01363530671223998,0.0002,0.6377511024475098
3979264,1943,7164,555,-0.0193648524582386,0.2,9014,241.69266417,-20.680367946624756,0.18486328125,0.007445300556719303,0.3389909267425537,300.0,0.016492154,-0.015719113778322934,0.0002,0.6583989858627319
3981312,1944,7166,555,-0.01657777838408947,0.2,9019,241.69266417,-20.67431859970093,0.160546875,0.004095711000263691,0.3389226794242859,300.0,0.01407432,-0.012955061905086041,0.0002,0.5457204580307007
3983360,1945,7167,555,-0.001644129864871502,0.2,9023,242.34337101999998,-20.662081938523514,0.17893629807692307,0.005291142393476688,0.3388891816139221,300.0,0.031132907,-0.003372711971258888,0.0002,0.6275503039360046
3985408,1946,7169,555,-0.02282906509935856,0.2,9028,242.27175034999996,-20.660731029510497,0.20771484375,0.00580132557079196,0.3389001190662384,300.0,0.02242655,-0.006148094381205738,0.0002,0.6728020906448364
3987456,1947,7170,556,0.03608931601047516,0.2,9029,242.86513167,-20.662956873575848,0.279296875,0.008159414865076542,0.33890101313591003,300.0,0.024925886,0.01254783725986878,0.0002,0.6271611452102661
3989504,1948,7172,556,-0.02741120755672455,0.2,9034,242.58123227999997,-20.667781829833984,0.2044921875,0.008563426672481,0.33896446228027344,300.0,0.01691962,-0.013495292887091637,0.0002,0.6100877523422241
3991552,1949,7173,556,0.005271973554044962,0.2,9037,242.67623204,-20.674174467722576,0.20670572916666666,0.006756199290975928,0.3389575183391571,300.0,0.020221356,-0.00762651771462212,0.0002,0.5706994533538818
3993600,1950,7175,556,-0.02047864906489849,0.2,9042,242.88102016000008,-20.66627082824707,0.1591796875,0.009381839563138783,0.33888962864875793,300.0,0.019785596,-0.012516310717910529,0.0002,0.6508413553237915
3995648,1951,7177,556,-0.00520141888409853,0.2,9047,242.88102016000008,-20.659161472320555,0.21767578125,0.007475119992159307,0.33888810873031616,300.0,0.022632912,-0.009125492919702083,0.0002,0.653893232345581
3997696,1952,7179,556,-0.022511277347803116,0.2,9052,243.25659496,-20.66052589416504,0.1888671875,0.006520609138533473,0.3389131426811218,300.0,0.02111987,-0.010907603171654045,0.0002,0.21928411722183228
3999744,1953,7180,556,-0.001187402755022049,0.2,9056,241.23885691000004,-20.66534164973668,0.15652901785714285,0.01192182588524052,0.33892253041267395,300.0,0.021688811,-0.005825285533709186,0.0002,0.585105299949646
4001792,1954,7182,557,0.020301364362239838,0.2,9059,241.15940625,-20.66566104888916,0.2109375,0.009239063505083323,0.3389168381690979,300.0,0.023997212,0.0018604213371872901,0.0002,0.668565034866333
